sweep,point_index,multiplier,task_arrival_rate_bits_per_gu_slot,task_arrival_rate_mbit_per_gu_slot,b_acc_hz,b_acc_mhz,b_backhaul_per_sat_hz,b_backhaul_per_sat_mhz,sat_cpu_freq_hz,sat_cpu_freq_gbps_equiv,method_id,paper_label,method_family,training_seed,checkpoint_role,eval_seed_base,episodes,num_envs,label,config_path,checkpoint_path,baseline_policy,out_dir,reward_sum,processed_ratio_eval,drop_ratio_eval,pre_backlog_steps_eval,D_sys_report,queue_total_mean,collision_episode_fraction,sat_overlap_eval,episode_length,arrival_step_mean,outflow_arrival_ratio
load,1,0.50,1000000.0,1.0,2000000.0,2.0,10000000.0,10.0,50000000000.0,50.0,relcritic,STARS,learned,45211,selected,980000,64,64,load_x0p50_relcritic_seed45211_selected_seedbase980000,/home/sgy/workspace/sagin_marl_phase4_learning_ablation/runs/phase4_learning_ablation/3uav20gu_t250/formal_parameter_sweeps_20260714_full/configs/load/x0p50/structured_joint_mcgae_3uav20gu_t250_relational_critic.yaml,/home/sgy/workspace/sagin_marl_phase4_learning_ablation/runs/phase4_learning_ablation/3uav20gu_t250/relational_critic/seed45211_20260711_213639_bootstrapgae_nocompile/best_checkpoint.pt,,/home/sgy/workspace/sagin_marl_phase4_learning_ablation/runs/phase4_learning_ablation/3uav20gu_t250/formal_parameter_sweeps_20260714_full/results/load/x0p50/learned/relcritic/seed45211/selected/seedbase980000,206.39140529185534,0.9868821889427492,0.01005713758757338,1.4320364290924412,2.362199228234865,28640728.2655,0.0,0.5730989682516082,250.0,20000018.391374994,0.9868812057793025
load,1,0.50,1000000.0,1.0,2000000.0,2.0,10000000.0,10.0,50000000000.0,50.0,relcritic,STARS,learned,45211,selected,981000,64,64,load_x0p50_relcritic_seed45211_selected_seedbase981000,/home/sgy/workspace/sagin_marl_phase4_learning_ablation/runs/phase4_learning_ablation/3uav20gu_t250/formal_parameter_sweeps_20260714_full/configs/load/x0p50/structured_joint_mcgae_3uav20gu_t250_relational_critic.yaml,/home/sgy/workspace/sagin_marl_phase4_learning_ablation/runs/phase4_learning_ablation/3uav20gu_t250/relational_critic/seed45211_20260711_213639_bootstrapgae_nocompile/best_checkpoint.pt,,/home/sgy/workspace/sagin_marl_phase4_learning_ablation/runs/phase4_learning_ablation/3uav20gu_t250/formal_parameter_sweeps_20260714_full/results/load/x0p50/learned/relcritic/seed45211/selected/seedbase981000,210.0190229730215,0.9876357328713349,0.002208981568480114,0.7186679802266684,0.9058110154593689,14373359.436842201,0.03125,0.5792308382611351,244.40625,19999898.213507097,0.9876387702383328
load,1,0.50,1000000.0,1.0,2000000.0,2.0,10000000.0,10.0,50000000000.0,50.0,relcritic,STARS,learned,45211,selected,982000,64,64,load_x0p50_relcritic_seed45211_selected_seedbase982000,/home/sgy/workspace/sagin_marl_phase4_learning_ablation/runs/phase4_learning_ablation/3uav20gu_t250/formal_parameter_sweeps_20260714_full/configs/load/x0p50/structured_joint_mcgae_3uav20gu_t250_relational_critic.yaml,/home/sgy/workspace/sagin_marl_phase4_learning_ablation/runs/phase4_learning_ablation/3uav20gu_t250/relational_critic/seed45211_20260711_213639_bootstrapgae_nocompile/best_checkpoint.pt,,/home/sgy/workspace/sagin_marl_phase4_learning_ablation/runs/phase4_learning_ablation/3uav20gu_t250/formal_parameter_sweeps_20260714_full/results/load/x0p50/learned/relcritic/seed45211/selected/seedbase982000,220.42868784512393,0.996870593313593,0.002410510695714038,0.5272304739190011,0.6753549050850849,10544609.366312502,0.0,0.573567718002945,250.0,20000031.146500003,0.9968690585273468
load,1,0.50,1000000.0,1.0,2000000.0,2.0,10000000.0,10.0,50000000000.0,50.0,relcritic,STARS,learned,73129,selected,980000,64,64,load_x0p50_relcritic_seed73129_selected_seedbase980000,/home/sgy/workspace/sagin_marl_phase4_learning_ablation/runs/phase4_learning_ablation/3uav20gu_t250/formal_parameter_sweeps_20260714_full/configs/load/x0p50/structured_joint_mcgae_3uav20gu_t250_relational_critic.yaml,/home/sgy/workspace/sagin_marl_phase4_learning_ablation/runs/phase4_learning_ablation/3uav20gu_t250/relational_critic/seed73129_20260711_213639_bootstrapgae_nocompile/best_checkpoint.pt,,/home/sgy/workspace/sagin_marl_phase4_learning_ablation/runs/phase4_learning_ablation/3uav20gu_t250/formal_parameter_sweeps_20260714_full/results/load/x0p50/learned/relcritic/seed73129/selected/seedbase980000,211.38118908111937,0.9952859064247453,0.0037519691220441022,0.912854537115443,1.1617120239199916,18257090.541750003,0.0,0.5934166802456604,250.0,20000018.391374994,0.995284994004902
load,1,0.50,1000000.0,1.0,2000000.0,2.0,10000000.0,10.0,50000000000.0,50.0,relcritic,STARS,learned,73129,selected,981000,64,64,load_x0p50_relcritic_seed73129_selected_seedbase981000,/home/sgy/workspace/sagin_marl_phase4_learning_ablation/runs/phase4_learning_ablation/3uav20gu_t250/formal_parameter_sweeps_20260714_full/configs/load/x0p50/structured_joint_mcgae_3uav20gu_t250_relational_critic.yaml,/home/sgy/workspace/sagin_marl_phase4_learning_ablation/runs/phase4_learning_ablation/3uav20gu_t250/relational_critic/seed73129_20260711_213639_bootstrapgae_nocompile/best_checkpoint.pt,,/home/sgy/workspace/sagin_marl_phase4_learning_ablation/runs/phase4_learning_ablation/3uav20gu_t250/formal_parameter_sweeps_20260714_full/results/load/x0p50/learned/relcritic/seed73129/selected/seedbase981000,219.79683726350777,0.9995782589912413,0.00037366629121243024,0.4223124351563666,0.5056878221016482,8446248.6070625,0.0,0.5825312633346768,250.0,19999973.339750007,0.9995795666549803
load,1,0.50,1000000.0,1.0,2000000.0,2.0,10000000.0,10.0,50000000000.0,50.0,relcritic,STARS,learned,73129,selected,982000,64,64,load_x0p50_relcritic_seed73129_selected_seedbase982000,/home/sgy/workspace/sagin_marl_phase4_learning_ablation/runs/phase4_learning_ablation/3uav20gu_t250/formal_parameter_sweeps_20260714_full/configs/load/x0p50/structured_joint_mcgae_3uav20gu_t250_relational_critic.yaml,/home/sgy/workspace/sagin_marl_phase4_learning_ablation/runs/phase4_learning_ablation/3uav20gu_t250/relational_critic/seed73129_20260711_213639_bootstrapgae_nocompile/best_checkpoint.pt,,/home/sgy/workspace/sagin_marl_phase4_learning_ablation/runs/phase4_learning_ablation/3uav20gu_t250/formal_parameter_sweeps_20260714_full/results/load/x0p50/learned/relcritic/seed73129/selected/seedbase982000,222.46005466743372,0.9987706146577837,0.0010595272140872113,0.43671036357787535,0.5337572703696357,8734207.169687502,0.0,0.5914479294847699,250.0,20000031.146500003,0.9987690508142416
load,1,0.50,1000000.0,1.0,2000000.0,2.0,10000000.0,10.0,50000000000.0,50.0,relcritic,STARS,learned,91457,selected,980000,64,64,load_x0p50_relcritic_seed91457_selected_seedbase980000,/home/sgy/workspace/sagin_marl_phase4_learning_ablation/runs/phase4_learning_ablation/3uav20gu_t250/formal_parameter_sweeps_20260714_full/configs/load/x0p50/structured_joint_mcgae_3uav20gu_t250_relational_critic.yaml,/home/sgy/workspace/sagin_marl_phase4_learning_ablation/runs/phase4_learning_ablation/3uav20gu_t250/relational_critic/seed91457_20260712_124615_resume_u0400_bootstrapgae_nocompile/best_checkpoint.pt,,/home/sgy/workspace/sagin_marl_phase4_learning_ablation/runs/phase4_learning_ablation/3uav20gu_t250/formal_parameter_sweeps_20260714_full/results/load/x0p50/learned/relcritic/seed91457/selected/seedbase980000,209.2597899332177,0.9981607963010825,0.0005915061528656922,0.6529768283854166,0.8864025271154194,13059536.406807363,0.015625,0.65412565463664,248.375,20000024.602839034,0.9981695185616719
load,1,0.50,1000000.0,1.0,2000000.0,2.0,10000000.0,10.0,50000000000.0,50.0,relcritic,STARS,learned,91457,selected,981000,64,64,load_x0p50_relcritic_seed91457_selected_seedbase981000,/home/sgy/workspace/sagin_marl_phase4_learning_ablation/runs/phase4_learning_ablation/3uav20gu_t250/formal_parameter_sweeps_20260714_full/configs/load/x0p50/structured_joint_mcgae_3uav20gu_t250_relational_critic.yaml,/home/sgy/workspace/sagin_marl_phase4_learning_ablation/runs/phase4_learning_ablation/3uav20gu_t250/relational_critic/seed91457_20260712_124615_resume_u0400_bootstrapgae_nocompile/best_checkpoint.pt,,/home/sgy/workspace/sagin_marl_phase4_learning_ablation/runs/phase4_learning_ablation/3uav20gu_t250/formal_parameter_sweeps_20260714_full/results/load/x0p50/learned/relcritic/seed91457/selected/seedbase981000,204.2182857382577,0.9900738138975574,0.0006684593101672362,0.6362164415388296,0.827942316869512,12724328.6765625,0.015625,0.6422552198944615,246.109375,19999893.678250007,0.9901528551696023
load,1,0.50,1000000.0,1.0,2000000.0,2.0,10000000.0,10.0,50000000000.0,50.0,relcritic,STARS,learned,91457,selected,982000,64,64,load_x0p50_relcritic_seed91457_selected_seedbase982000,/home/sgy/workspace/sagin_marl_phase4_learning_ablation/runs/phase4_learning_ablation/3uav20gu_t250/formal_parameter_sweeps_20260714_full/configs/load/x0p50/structured_joint_mcgae_3uav20gu_t250_relational_critic.yaml,/home/sgy/workspace/sagin_marl_phase4_learning_ablation/runs/phase4_learning_ablation/3uav20gu_t250/relational_critic/seed91457_20260712_124615_resume_u0400_bootstrapgae_nocompile/best_checkpoint.pt,,/home/sgy/workspace/sagin_marl_phase4_learning_ablation/runs/phase4_learning_ablation/3uav20gu_t250/formal_parameter_sweeps_20260714_full/results/load/x0p50/learned/relcritic/seed91457/selected/seedbase982000,210.2337662000209,0.9980116900913417,0.0015047524772453468,0.6963037807169759,0.9206463763546907,13926075.429625003,0.0,0.6374531382927671,250.0,20000031.146500003,0.9980622738671139
load,1,0.50,1000000.0,1.0,2000000.0,2.0,10000000.0,10.0,50000000000.0,50.0,globalcritic,STARS-GC,learned,45211,selected,980000,64,64,load_x0p50_globalcritic_seed45211_selected_seedbase980000,/home/sgy/workspace/sagin_marl_phase4_learning_ablation/runs/phase4_learning_ablation/3uav20gu_t250/formal_parameter_sweeps_20260714_full/configs/load/x0p50/structured_joint_mcgae_3uav20gu_t250_global_only_critic.yaml,/home/sgy/workspace/sagin_marl_phase4_learning_ablation/runs/phase4_learning_ablation/3uav20gu_t250/global_only_critic/seed45211_20260712_124615_bootstrapgae_nocompile/best_checkpoint.pt,,/home/sgy/workspace/sagin_marl_phase4_learning_ablation/runs/phase4_learning_ablation/3uav20gu_t250/formal_parameter_sweeps_20260714_full/results/load/x0p50/learned/globalcritic/seed45211/selected/seedbase980000,208.94873168389313,0.9948497057195799,0.0018788972351642607,0.9406425009329729,1.2100464298259876,18812849.78728365,0.015625,0.7671986001449136,249.140625,20000020.41752243,0.9948487438547036
load,1,0.50,1000000.0,1.0,2000000.0,2.0,10000000.0,10.0,50000000000.0,50.0,globalcritic,STARS-GC,learned,45211,selected,981000,64,64,load_x0p50_globalcritic_seed45211_selected_seedbase981000,/home/sgy/workspace/sagin_marl_phase4_learning_ablation/runs/phase4_learning_ablation/3uav20gu_t250/formal_parameter_sweeps_20260714_full/configs/load/x0p50/structured_joint_mcgae_3uav20gu_t250_global_only_critic.yaml,/home/sgy/workspace/sagin_marl_phase4_learning_ablation/runs/phase4_learning_ablation/3uav20gu_t250/global_only_critic/seed45211_20260712_124615_bootstrapgae_nocompile/best_checkpoint.pt,,/home/sgy/workspace/sagin_marl_phase4_learning_ablation/runs/phase4_learning_ablation/3uav20gu_t250/formal_parameter_sweeps_20260714_full/results/load/x0p50/learned/globalcritic/seed45211/selected/seedbase981000,211.74537476105615,0.9946475717565044,0.003190187847176276,0.8535562899963339,1.073662225610786,17071125.598875005,0.0,0.7646666821567343,250.0,19999973.339750007,0.99467352895527
load,1,0.50,1000000.0,1.0,2000000.0,2.0,10000000.0,10.0,50000000000.0,50.0,globalcritic,STARS-GC,learned,45211,selected,982000,64,64,load_x0p50_globalcritic_seed45211_selected_seedbase982000,/home/sgy/workspace/sagin_marl_phase4_learning_ablation/runs/phase4_learning_ablation/3uav20gu_t250/formal_parameter_sweeps_20260714_full/configs/load/x0p50/structured_joint_mcgae_3uav20gu_t250_global_only_critic.yaml,/home/sgy/workspace/sagin_marl_phase4_learning_ablation/runs/phase4_learning_ablation/3uav20gu_t250/global_only_critic/seed45211_20260712_124615_bootstrapgae_nocompile/best_checkpoint.pt,,/home/sgy/workspace/sagin_marl_phase4_learning_ablation/runs/phase4_learning_ablation/3uav20gu_t250/formal_parameter_sweeps_20260714_full/results/load/x0p50/learned/globalcritic/seed45211/selected/seedbase982000,206.49201284023002,0.990868703432072,0.0012255774015875725,0.8723837505272517,1.089097369556723,17447674.80799366,0.03125,0.7562869536334752,243.265625,20000036.72802823,0.9911954435279844
load,1,0.50,1000000.0,1.0,2000000.0,2.0,10000000.0,10.0,50000000000.0,50.0,globalcritic,STARS-GC,learned,73129,selected,980000,64,64,load_x0p50_globalcritic_seed73129_selected_seedbase980000,/home/sgy/workspace/sagin_marl_phase4_learning_ablation/runs/phase4_learning_ablation/3uav20gu_t250/formal_parameter_sweeps_20260714_full/configs/load/x0p50/structured_joint_mcgae_3uav20gu_t250_global_only_critic.yaml,/home/sgy/workspace/sagin_marl_phase4_learning_ablation/runs/phase4_learning_ablation/3uav20gu_t250/global_only_critic/seed73129_20260712_124615_bootstrapgae_nocompile/best_checkpoint.pt,,/home/sgy/workspace/sagin_marl_phase4_learning_ablation/runs/phase4_learning_ablation/3uav20gu_t250/formal_parameter_sweeps_20260714_full/results/load/x0p50/learned/globalcritic/seed73129/selected/seedbase980000,29.382494292920455,0.6139861077720349,0.289497768649972,16.916969505358498,51.55233007580445,338339386.1708567,0.109375,0.9851156647875905,233.515625,20000031.193578705,0.614041496364027
load,1,0.50,1000000.0,1.0,2000000.0,2.0,10000000.0,10.0,50000000000.0,50.0,globalcritic,STARS-GC,learned,73129,selected,981000,64,64,load_x0p50_globalcritic_seed73129_selected_seedbase981000,/home/sgy/workspace/sagin_marl_phase4_learning_ablation/runs/phase4_learning_ablation/3uav20gu_t250/formal_parameter_sweeps_20260714_full/configs/load/x0p50/structured_joint_mcgae_3uav20gu_t250_global_only_critic.yaml,/home/sgy/workspace/sagin_marl_phase4_learning_ablation/runs/phase4_learning_ablation/3uav20gu_t250/global_only_critic/seed73129_20260712_124615_bootstrapgae_nocompile/best_checkpoint.pt,,/home/sgy/workspace/sagin_marl_phase4_learning_ablation/runs/phase4_learning_ablation/3uav20gu_t250/formal_parameter_sweeps_20260714_full/results/load/x0p50/learned/globalcritic/seed73129/selected/seedbase981000,30.80061795259826,0.6292533500955108,0.294555494388916,16.555448426893243,55.16015815839569,331108964.6718273,0.15625,0.9872177164829236,239.171875,19999974.58516791,0.6293150935651107
load,1,0.50,1000000.0,1.0,2000000.0,2.0,10000000.0,10.0,50000000000.0,50.0,globalcritic,STARS-GC,learned,73129,selected,982000,64,64,load_x0p50_globalcritic_seed73129_selected_seedbase982000,/home/sgy/workspace/sagin_marl_phase4_learning_ablation/runs/phase4_learning_ablation/3uav20gu_t250/formal_parameter_sweeps_20260714_full/configs/load/x0p50/structured_joint_mcgae_3uav20gu_t250_global_only_critic.yaml,/home/sgy/workspace/sagin_marl_phase4_learning_ablation/runs/phase4_learning_ablation/3uav20gu_t250/global_only_critic/seed73129_20260712_124615_bootstrapgae_nocompile/best_checkpoint.pt,,/home/sgy/workspace/sagin_marl_phase4_learning_ablation/runs/phase4_learning_ablation/3uav20gu_t250/formal_parameter_sweeps_20260714_full/results/load/x0p50/learned/globalcritic/seed73129/selected/seedbase982000,30.776432513142936,0.6530456539843565,0.2736795052017714,15.851874282421713,46.417781279577234,317037481.9541309,0.109375,0.9846020667441187,237.671875,20000062.139942203,0.6531003239703495
load,1,0.50,1000000.0,1.0,2000000.0,2.0,10000000.0,10.0,50000000000.0,50.0,globalcritic,STARS-GC,learned,91457,selected,980000,64,64,load_x0p50_globalcritic_seed91457_selected_seedbase980000,/home/sgy/workspace/sagin_marl_phase4_learning_ablation/runs/phase4_learning_ablation/3uav20gu_t250/formal_parameter_sweeps_20260714_full/configs/load/x0p50/structured_joint_mcgae_3uav20gu_t250_global_only_critic.yaml,/home/sgy/workspace/sagin_marl_phase4_learning_ablation/runs/phase4_learning_ablation/3uav20gu_t250/global_only_critic/seed91457_20260712_124615_bootstrapgae_nocompile/best_checkpoint.pt,,/home/sgy/workspace/sagin_marl_phase4_learning_ablation/runs/phase4_learning_ablation/3uav20gu_t250/formal_parameter_sweeps_20260714_full/results/load/x0p50/learned/globalcritic/seed91457/selected/seedbase980000,30.195333590498194,0.6883636774662157,0.20571264589416535,14.206278205038595,39.05901094867233,284125560.71183836,0.171875,0.7841271595581396,228.625,19999995.53745822,0.6885854168374946
load,1,0.50,1000000.0,1.0,2000000.0,2.0,10000000.0,10.0,50000000000.0,50.0,globalcritic,STARS-GC,learned,91457,selected,981000,64,64,load_x0p50_globalcritic_seed91457_selected_seedbase981000,/home/sgy/workspace/sagin_marl_phase4_learning_ablation/runs/phase4_learning_ablation/3uav20gu_t250/formal_parameter_sweeps_20260714_full/configs/load/x0p50/structured_joint_mcgae_3uav20gu_t250_global_only_critic.yaml,/home/sgy/workspace/sagin_marl_phase4_learning_ablation/runs/phase4_learning_ablation/3uav20gu_t250/global_only_critic/seed91457_20260712_124615_bootstrapgae_nocompile/best_checkpoint.pt,,/home/sgy/workspace/sagin_marl_phase4_learning_ablation/runs/phase4_learning_ablation/3uav20gu_t250/formal_parameter_sweeps_20260714_full/results/load/x0p50/learned/globalcritic/seed91457/selected/seedbase981000,30.651518175844103,0.669471983078047,0.2342636698591898,13.9623500301425,41.72185611058449,279246997.20301247,0.140625,0.7881020257413783,232.234375,19999900.805611417,0.6695545782445804
load,1,0.50,1000000.0,1.0,2000000.0,2.0,10000000.0,10.0,50000000000.0,50.0,globalcritic,STARS-GC,learned,91457,selected,982000,64,64,load_x0p50_globalcritic_seed91457_selected_seedbase982000,/home/sgy/workspace/sagin_marl_phase4_learning_ablation/runs/phase4_learning_ablation/3uav20gu_t250/formal_parameter_sweeps_20260714_full/configs/load/x0p50/structured_joint_mcgae_3uav20gu_t250_global_only_critic.yaml,/home/sgy/workspace/sagin_marl_phase4_learning_ablation/runs/phase4_learning_ablation/3uav20gu_t250/global_only_critic/seed91457_20260712_124615_bootstrapgae_nocompile/best_checkpoint.pt,,/home/sgy/workspace/sagin_marl_phase4_learning_ablation/runs/phase4_learning_ablation/3uav20gu_t250/formal_parameter_sweeps_20260714_full/results/load/x0p50/learned/globalcritic/seed91457/selected/seedbase982000,31.619096526002977,0.6973121263520548,0.20987161553924027,13.885570454703686,33.16571503936288,277711405.90160394,0.15625,0.7790659246106971,230.921875,20000021.020118985,0.6974565298340517
load,1,0.50,1000000.0,1.0,2000000.0,2.0,10000000.0,10.0,50000000000.0,50.0,cluster_center_queue_aware,QCCS,fixed,,fixed,980000,64,64,load_x0p50_cluster_center_queue_aware_fixed_seedbase980000,/home/sgy/workspace/sagin_marl_phase4_learning_ablation/runs/phase4_learning_ablation/3uav20gu_t250/formal_parameter_sweeps_20260714_full/configs/load/x0p50/structured_joint_mcgae_3uav20gu_t250_relational_critic.yaml,,cluster_center_queue_aware,/home/sgy/workspace/sagin_marl_phase4_learning_ablation/runs/phase4_learning_ablation/3uav20gu_t250/formal_parameter_sweeps_20260714_full/results/load/x0p50/fixed/cluster_center_queue_aware/seedbase980000,95.40797737892717,0.98826271709532,0.010141666195035213,2.191539051628745,3.0638509757710852,43830780.512625,0.0,0.7595729233901952,250.0,20000018.391374994,0.9882617789055316
load,1,0.50,1000000.0,1.0,2000000.0,2.0,10000000.0,10.0,50000000000.0,50.0,cluster_center_queue_aware,QCCS,fixed,,fixed,981000,64,64,load_x0p50_cluster_center_queue_aware_fixed_seedbase981000,/home/sgy/workspace/sagin_marl_phase4_learning_ablation/runs/phase4_learning_ablation/3uav20gu_t250/formal_parameter_sweeps_20260714_full/configs/load/x0p50/structured_joint_mcgae_3uav20gu_t250_relational_critic.yaml,,cluster_center_queue_aware,/home/sgy/workspace/sagin_marl_phase4_learning_ablation/runs/phase4_learning_ablation/3uav20gu_t250/formal_parameter_sweeps_20260714_full/results/load/x0p50/fixed/cluster_center_queue_aware/seedbase981000,99.62041345378384,0.9897462122323921,0.005777817604299343,1.6544543522645832,2.1340336508929605,33089086.637062512,0.015625,0.7511875069011008,246.875,19999974.709250007,0.9897535268571218
load,1,0.50,1000000.0,1.0,2000000.0,2.0,10000000.0,10.0,50000000000.0,50.0,cluster_center_queue_aware,QCCS,fixed,,fixed,982000,64,64,load_x0p50_cluster_center_queue_aware_fixed_seedbase982000,/home/sgy/workspace/sagin_marl_phase4_learning_ablation/runs/phase4_learning_ablation/3uav20gu_t250/formal_parameter_sweeps_20260714_full/configs/load/x0p50/structured_joint_mcgae_3uav20gu_t250_relational_critic.yaml,,cluster_center_queue_aware,/home/sgy/workspace/sagin_marl_phase4_learning_ablation/runs/phase4_learning_ablation/3uav20gu_t250/formal_parameter_sweeps_20260714_full/results/load/x0p50/fixed/cluster_center_queue_aware/seedbase982000,98.37914477125742,0.9939480450325645,0.004498861094977656,1.5833905407379354,2.0265301656169172,31667810.446874995,0.0,0.7747395896930251,250.0,20000031.146500003,0.9939479295873109
load,1,0.50,1000000.0,1.0,2000000.0,2.0,10000000.0,10.0,50000000000.0,50.0,maxweight_lyapunov,Lyapunov,fixed,,fixed,980000,64,64,load_x0p50_maxweight_lyapunov_fixed_seedbase980000,/home/sgy/workspace/sagin_marl_phase4_learning_ablation/runs/phase4_learning_ablation/3uav20gu_t250/formal_parameter_sweeps_20260714_full/configs/load/x0p50/structured_joint_mcgae_3uav20gu_t250_relational_critic.yaml,,maxweight_lyapunov,/home/sgy/workspace/sagin_marl_phase4_learning_ablation/runs/phase4_learning_ablation/3uav20gu_t250/formal_parameter_sweeps_20260714_full/results/load/x0p50/fixed/maxweight_lyapunov/seedbase980000,83.46400456526317,0.9851817801811269,0.010867868105551681,3.164388337403376,4.1839134328687795,63287766.01537499,0.0,0.9986041667498646,250.0,20000018.391374994,0.9851808823428411
load,1,0.50,1000000.0,1.0,2000000.0,2.0,10000000.0,10.0,50000000000.0,50.0,maxweight_lyapunov,Lyapunov,fixed,,fixed,981000,64,64,load_x0p50_maxweight_lyapunov_fixed_seedbase981000,/home/sgy/workspace/sagin_marl_phase4_learning_ablation/runs/phase4_learning_ablation/3uav20gu_t250/formal_parameter_sweeps_20260714_full/configs/load/x0p50/structured_joint_mcgae_3uav20gu_t250_relational_critic.yaml,,maxweight_lyapunov,/home/sgy/workspace/sagin_marl_phase4_learning_ablation/runs/phase4_learning_ablation/3uav20gu_t250/formal_parameter_sweeps_20260714_full/results/load/x0p50/fixed/maxweight_lyapunov/seedbase981000,93.95841381140053,0.9917478931094518,0.005222282444246957,1.9719514429116978,2.4191827055950554,39439028.393375,0.0,0.9992291667126119,250.0,19999973.339750007,0.9917491389483019
load,1,0.50,1000000.0,1.0,2000000.0,2.0,10000000.0,10.0,50000000000.0,50.0,maxweight_lyapunov,Lyapunov,fixed,,fixed,982000,64,64,load_x0p50_maxweight_lyapunov_fixed_seedbase982000,/home/sgy/workspace/sagin_marl_phase4_learning_ablation/runs/phase4_learning_ablation/3uav20gu_t250/formal_parameter_sweeps_20260714_full/configs/load/x0p50/structured_joint_mcgae_3uav20gu_t250_relational_critic.yaml,,maxweight_lyapunov,/home/sgy/workspace/sagin_marl_phase4_learning_ablation/runs/phase4_learning_ablation/3uav20gu_t250/formal_parameter_sweeps_20260714_full/results/load/x0p50/fixed/maxweight_lyapunov/seedbase982000,89.3942517801188,0.993266427912284,0.0046184929925439065,1.905815713015487,2.3530075873707537,38116313.82737499,0.0,0.9985416667535899,250.0,20000031.146500003,0.9932648771303692
load,1,0.50,1000000.0,1.0,2000000.0,2.0,10000000.0,10.0,50000000000.0,50.0,queue_aware_bw,QBS,fixed,,fixed,980000,64,64,load_x0p50_queue_aware_bw_fixed_seedbase980000,/home/sgy/workspace/sagin_marl_phase4_learning_ablation/runs/phase4_learning_ablation/3uav20gu_t250/formal_parameter_sweeps_20260714_full/configs/load/x0p50/structured_joint_mcgae_3uav20gu_t250_relational_critic.yaml,,queue_aware_bw,/home/sgy/workspace/sagin_marl_phase4_learning_ablation/runs/phase4_learning_ablation/3uav20gu_t250/formal_parameter_sweeps_20260714_full/results/load/x0p50/fixed/queue_aware_bw/seedbase980000,36.765027437359095,0.7051604076093064,0.20178047709349817,19.042739672544005,36.04665072023008,380854789.01981246,0.0,1.0,250.0,20000018.391374994,0.7157956055414996
load,1,0.50,1000000.0,1.0,2000000.0,2.0,10000000.0,10.0,50000000000.0,50.0,queue_aware_bw,QBS,fixed,,fixed,981000,64,64,load_x0p50_queue_aware_bw_fixed_seedbase981000,/home/sgy/workspace/sagin_marl_phase4_learning_ablation/runs/phase4_learning_ablation/3uav20gu_t250/formal_parameter_sweeps_20260714_full/configs/load/x0p50/structured_joint_mcgae_3uav20gu_t250_relational_critic.yaml,,queue_aware_bw,/home/sgy/workspace/sagin_marl_phase4_learning_ablation/runs/phase4_learning_ablation/3uav20gu_t250/formal_parameter_sweeps_20260714_full/results/load/x0p50/fixed/queue_aware_bw/seedbase981000,36.665510961203836,0.7309990884540603,0.1778099742134667,16.375038411139812,27.32828582752733,327500764.35581243,0.015625,1.0,246.109375,19999893.678250007,0.7385068952215084
load,1,0.50,1000000.0,1.0,2000000.0,2.0,10000000.0,10.0,50000000000.0,50.0,queue_aware_bw,QBS,fixed,,fixed,982000,64,64,load_x0p50_queue_aware_bw_fixed_seedbase982000,/home/sgy/workspace/sagin_marl_phase4_learning_ablation/runs/phase4_learning_ablation/3uav20gu_t250/formal_parameter_sweeps_20260714_full/configs/load/x0p50/structured_joint_mcgae_3uav20gu_t250_relational_critic.yaml,,queue_aware_bw,/home/sgy/workspace/sagin_marl_phase4_learning_ablation/runs/phase4_learning_ablation/3uav20gu_t250/formal_parameter_sweeps_20260714_full/results/load/x0p50/fixed/queue_aware_bw/seedbase982000,38.93454628624022,0.759910153761506,0.15191251125861147,16.74263890974094,27.499938703662576,334852774.1984376,0.0,1.0,250.0,20000031.146500003,0.7709615989758506
load,1,0.50,1000000.0,1.0,2000000.0,2.0,10000000.0,10.0,50000000000.0,50.0,static_uniform,Uniform,fixed,,fixed,980000,64,64,load_x0p50_static_uniform_fixed_seedbase980000,/home/sgy/workspace/sagin_marl_phase4_learning_ablation/runs/phase4_learning_ablation/3uav20gu_t250/formal_parameter_sweeps_20260714_full/configs/load/x0p50/structured_joint_mcgae_3uav20gu_t250_relational_critic.yaml,,static_uniform,/home/sgy/workspace/sagin_marl_phase4_learning_ablation/runs/phase4_learning_ablation/3uav20gu_t250/formal_parameter_sweeps_20260714_full/results/load/x0p50/fixed/static_uniform/seedbase980000,36.21253677865025,0.6785207415670157,0.2362478071973455,18.199846050936326,38.78128324960599,363996916.6956875,0.0,0.4837291771434248,250.0,20000018.391374994,0.678597488087658
load,1,0.50,1000000.0,1.0,2000000.0,2.0,10000000.0,10.0,50000000000.0,50.0,static_uniform,Uniform,fixed,,fixed,981000,64,64,load_x0p50_static_uniform_fixed_seedbase981000,/home/sgy/workspace/sagin_marl_phase4_learning_ablation/runs/phase4_learning_ablation/3uav20gu_t250/formal_parameter_sweeps_20260714_full/configs/load/x0p50/structured_joint_mcgae_3uav20gu_t250_relational_critic.yaml,,static_uniform,/home/sgy/workspace/sagin_marl_phase4_learning_ablation/runs/phase4_learning_ablation/3uav20gu_t250/formal_parameter_sweeps_20260714_full/results/load/x0p50/fixed/static_uniform/seedbase981000,36.80698609573301,0.7125746308853852,0.20269077816906067,15.878162853045586,28.69253976733948,317563252.89131236,0.015625,0.4813437604615463,246.109375,19999893.678250007,0.7127351427210945
load,1,0.50,1000000.0,1.0,2000000.0,2.0,10000000.0,10.0,50000000000.0,50.0,static_uniform,Uniform,fixed,,fixed,982000,64,64,load_x0p50_static_uniform_fixed_seedbase982000,/home/sgy/workspace/sagin_marl_phase4_learning_ablation/runs/phase4_learning_ablation/3uav20gu_t250/formal_parameter_sweeps_20260714_full/configs/load/x0p50/structured_joint_mcgae_3uav20gu_t250_relational_critic.yaml,,static_uniform,/home/sgy/workspace/sagin_marl_phase4_learning_ablation/runs/phase4_learning_ablation/3uav20gu_t250/formal_parameter_sweeps_20260714_full/results/load/x0p50/fixed/static_uniform/seedbase982000,37.51079421932809,0.7290321601536124,0.18915867409394727,16.32918438510379,29.511616138694794,326583683.808875,0.0,0.4835625104680656,250.0,20000031.146500003,0.7291119957418782
load,2,0.75,1500000.0,1.5,2000000.0,2.0,10000000.0,10.0,50000000000.0,50.0,relcritic,STARS,learned,45211,selected,980000,64,64,load_x0p75_relcritic_seed45211_selected_seedbase980000,/home/sgy/workspace/sagin_marl_phase4_learning_ablation/runs/phase4_learning_ablation/3uav20gu_t250/formal_parameter_sweeps_20260714_full/configs/load/x0p75/structured_joint_mcgae_3uav20gu_t250_relational_critic.yaml,/home/sgy/workspace/sagin_marl_phase4_learning_ablation/runs/phase4_learning_ablation/3uav20gu_t250/relational_critic/seed45211_20260711_213639_bootstrapgae_nocompile/best_checkpoint.pt,,/home/sgy/workspace/sagin_marl_phase4_learning_ablation/runs/phase4_learning_ablation/3uav20gu_t250/formal_parameter_sweeps_20260714_full/results/load/x0p75/learned/relcritic/seed45211/selected/seedbase980000,137.96791528037284,0.9635613244520501,0.029345851734849937,2.6993672954595906,4.362074934879583,80981020.7335625,0.0,0.5189791774852202,250.0,30000022.04349999,0.9635737149244983
load,2,0.75,1500000.0,1.5,2000000.0,2.0,10000000.0,10.0,50000000000.0,50.0,relcritic,STARS,learned,45211,selected,981000,64,64,load_x0p75_relcritic_seed45211_selected_seedbase981000,/home/sgy/workspace/sagin_marl_phase4_learning_ablation/runs/phase4_learning_ablation/3uav20gu_t250/formal_parameter_sweeps_20260714_full/configs/load/x0p75/structured_joint_mcgae_3uav20gu_t250_relational_critic.yaml,/home/sgy/workspace/sagin_marl_phase4_learning_ablation/runs/phase4_learning_ablation/3uav20gu_t250/relational_critic/seed45211_20260711_213639_bootstrapgae_nocompile/best_checkpoint.pt,,/home/sgy/workspace/sagin_marl_phase4_learning_ablation/runs/phase4_learning_ablation/3uav20gu_t250/formal_parameter_sweeps_20260714_full/results/load/x0p75/learned/relcritic/seed45211/selected/seedbase981000,132.14149325946346,0.9605361700177396,0.023442774520132298,2.2782587604467333,3.0170166933484674,68347764.44430192,0.03125,0.5079940958140354,243.125,29999871.61208051,0.9607277256669011
load,2,0.75,1500000.0,1.5,2000000.0,2.0,10000000.0,10.0,50000000000.0,50.0,relcritic,STARS,learned,45211,selected,982000,64,64,load_x0p75_relcritic_seed45211_selected_seedbase982000,/home/sgy/workspace/sagin_marl_phase4_learning_ablation/runs/phase4_learning_ablation/3uav20gu_t250/formal_parameter_sweeps_20260714_full/configs/load/x0p75/structured_joint_mcgae_3uav20gu_t250_relational_critic.yaml,/home/sgy/workspace/sagin_marl_phase4_learning_ablation/runs/phase4_learning_ablation/3uav20gu_t250/relational_critic/seed45211_20260711_213639_bootstrapgae_nocompile/best_checkpoint.pt,,/home/sgy/workspace/sagin_marl_phase4_learning_ablation/runs/phase4_learning_ablation/3uav20gu_t250/formal_parameter_sweeps_20260714_full/results/load/x0p75/learned/relcritic/seed45211/selected/seedbase982000,144.2976906807162,0.9827469296837223,0.013556577746072433,1.7207982116254426,2.184946446339091,51623947.59481249,0.0,0.5159114686278627,250.0,30000037.623124994,0.9828404617353841
load,2,0.75,1500000.0,1.5,2000000.0,2.0,10000000.0,10.0,50000000000.0,50.0,relcritic,STARS,learned,73129,selected,980000,64,64,load_x0p75_relcritic_seed73129_selected_seedbase980000,/home/sgy/workspace/sagin_marl_phase4_learning_ablation/runs/phase4_learning_ablation/3uav20gu_t250/formal_parameter_sweeps_20260714_full/configs/load/x0p75/structured_joint_mcgae_3uav20gu_t250_relational_critic.yaml,/home/sgy/workspace/sagin_marl_phase4_learning_ablation/runs/phase4_learning_ablation/3uav20gu_t250/relational_critic/seed73129_20260711_213639_bootstrapgae_nocompile/best_checkpoint.pt,,/home/sgy/workspace/sagin_marl_phase4_learning_ablation/runs/phase4_learning_ablation/3uav20gu_t250/formal_parameter_sweeps_20260714_full/results/load/x0p75/learned/relcritic/seed73129/selected/seedbase980000,138.5602327666711,0.9719548520576211,0.02280067977750468,2.1645218386568432,3.0132289718434033,64935656.71724999,0.0,0.5453229294037446,250.0,30000022.04349999,0.9721891986753377
load,2,0.75,1500000.0,1.5,2000000.0,2.0,10000000.0,10.0,50000000000.0,50.0,relcritic,STARS,learned,73129,selected,981000,64,64,load_x0p75_relcritic_seed73129_selected_seedbase981000,/home/sgy/workspace/sagin_marl_phase4_learning_ablation/runs/phase4_learning_ablation/3uav20gu_t250/formal_parameter_sweeps_20260714_full/configs/load/x0p75/structured_joint_mcgae_3uav20gu_t250_relational_critic.yaml,/home/sgy/workspace/sagin_marl_phase4_learning_ablation/runs/phase4_learning_ablation/3uav20gu_t250/relational_critic/seed73129_20260711_213639_bootstrapgae_nocompile/best_checkpoint.pt,,/home/sgy/workspace/sagin_marl_phase4_learning_ablation/runs/phase4_learning_ablation/3uav20gu_t250/formal_parameter_sweeps_20260714_full/results/load/x0p75/learned/relcritic/seed73129/selected/seedbase981000,137.67604957544245,0.9882473844382909,0.008993829641298362,1.4786483233876098,1.7619036419574388,44359450.760625005,0.0,0.5246562624732033,250.0,29999966.926750008,0.9884783572620007
load,2,0.75,1500000.0,1.5,2000000.0,2.0,10000000.0,10.0,50000000000.0,50.0,relcritic,STARS,learned,73129,selected,982000,64,64,load_x0p75_relcritic_seed73129_selected_seedbase982000,/home/sgy/workspace/sagin_marl_phase4_learning_ablation/runs/phase4_learning_ablation/3uav20gu_t250/formal_parameter_sweeps_20260714_full/configs/load/x0p75/structured_joint_mcgae_3uav20gu_t250_relational_critic.yaml,/home/sgy/workspace/sagin_marl_phase4_learning_ablation/runs/phase4_learning_ablation/3uav20gu_t250/relational_critic/seed73129_20260711_213639_bootstrapgae_nocompile/best_checkpoint.pt,,/home/sgy/workspace/sagin_marl_phase4_learning_ablation/runs/phase4_learning_ablation/3uav20gu_t250/formal_parameter_sweeps_20260714_full/results/load/x0p75/learned/relcritic/seed73129/selected/seedbase982000,143.24242906970903,0.986543957903748,0.010355292073626968,1.5084748561777612,1.9030761599354895,45254246.76187499,0.0,0.5368229287415742,250.0,30000037.623124994,0.9865576065025493
load,2,0.75,1500000.0,1.5,2000000.0,2.0,10000000.0,10.0,50000000000.0,50.0,relcritic,STARS,learned,91457,selected,980000,64,64,load_x0p75_relcritic_seed91457_selected_seedbase980000,/home/sgy/workspace/sagin_marl_phase4_learning_ablation/runs/phase4_learning_ablation/3uav20gu_t250/formal_parameter_sweeps_20260714_full/configs/load/x0p75/structured_joint_mcgae_3uav20gu_t250_relational_critic.yaml,/home/sgy/workspace/sagin_marl_phase4_learning_ablation/runs/phase4_learning_ablation/3uav20gu_t250/relational_critic/seed91457_20260712_124615_resume_u0400_bootstrapgae_nocompile/best_checkpoint.pt,,/home/sgy/workspace/sagin_marl_phase4_learning_ablation/runs/phase4_learning_ablation/3uav20gu_t250/formal_parameter_sweeps_20260714_full/results/load/x0p75/learned/relcritic/seed91457/selected/seedbase980000,138.96351755829528,0.9854612921886147,0.009725306662350244,2.199287892792322,2.868896180292648,65978638.299874984,0.0,0.620135429058224,250.0,30000022.04349999,0.9859679719403371
load,2,0.75,1500000.0,1.5,2000000.0,2.0,10000000.0,10.0,50000000000.0,50.0,relcritic,STARS,learned,91457,selected,981000,64,64,load_x0p75_relcritic_seed91457_selected_seedbase981000,/home/sgy/workspace/sagin_marl_phase4_learning_ablation/runs/phase4_learning_ablation/3uav20gu_t250/formal_parameter_sweeps_20260714_full/configs/load/x0p75/structured_joint_mcgae_3uav20gu_t250_relational_critic.yaml,/home/sgy/workspace/sagin_marl_phase4_learning_ablation/runs/phase4_learning_ablation/3uav20gu_t250/relational_critic/seed91457_20260712_124615_resume_u0400_bootstrapgae_nocompile/best_checkpoint.pt,,/home/sgy/workspace/sagin_marl_phase4_learning_ablation/runs/phase4_learning_ablation/3uav20gu_t250/formal_parameter_sweeps_20260714_full/results/load/x0p75/learned/relcritic/seed91457/selected/seedbase981000,130.78564196475782,0.9735491176219657,0.010462784795930928,2.1945111750211885,2.8694207531171436,65835336.84143748,0.03125,0.6104843868669124,242.515625,29999875.650187504,0.9742053657036548
load,2,0.75,1500000.0,1.5,2000000.0,2.0,10000000.0,10.0,50000000000.0,50.0,relcritic,STARS,learned,91457,selected,982000,64,64,load_x0p75_relcritic_seed91457_selected_seedbase982000,/home/sgy/workspace/sagin_marl_phase4_learning_ablation/runs/phase4_learning_ablation/3uav20gu_t250/formal_parameter_sweeps_20260714_full/configs/load/x0p75/structured_joint_mcgae_3uav20gu_t250_relational_critic.yaml,/home/sgy/workspace/sagin_marl_phase4_learning_ablation/runs/phase4_learning_ablation/3uav20gu_t250/relational_critic/seed91457_20260712_124615_resume_u0400_bootstrapgae_nocompile/best_checkpoint.pt,,/home/sgy/workspace/sagin_marl_phase4_learning_ablation/runs/phase4_learning_ablation/3uav20gu_t250/formal_parameter_sweeps_20260714_full/results/load/x0p75/learned/relcritic/seed91457/selected/seedbase982000,139.56110913027078,0.9881280351113529,0.008109773755437798,1.8935088972195362,2.4601941524831155,56805268.28287501,0.0,0.6098802204448728,250.0,30000037.623124994,0.9891372810175346
load,2,0.75,1500000.0,1.5,2000000.0,2.0,10000000.0,10.0,50000000000.0,50.0,globalcritic,STARS-GC,learned,45211,selected,980000,64,64,load_x0p75_globalcritic_seed45211_selected_seedbase980000,/home/sgy/workspace/sagin_marl_phase4_learning_ablation/runs/phase4_learning_ablation/3uav20gu_t250/formal_parameter_sweeps_20260714_full/configs/load/x0p75/structured_joint_mcgae_3uav20gu_t250_global_only_critic.yaml,/home/sgy/workspace/sagin_marl_phase4_learning_ablation/runs/phase4_learning_ablation/3uav20gu_t250/global_only_critic/seed45211_20260712_124615_bootstrapgae_nocompile/best_checkpoint.pt,,/home/sgy/workspace/sagin_marl_phase4_learning_ablation/runs/phase4_learning_ablation/3uav20gu_t250/formal_parameter_sweeps_20260714_full/results/load/x0p75/learned/globalcritic/seed45211/selected/seedbase980000,136.61125409207307,0.9724197353279063,0.018323805390778942,2.350921765659813,3.1108762211107917,70527654.66175,0.015625,0.7322942878209674,246.28125,30000025.310479157,0.9725012556562622
load,2,0.75,1500000.0,1.5,2000000.0,2.0,10000000.0,10.0,50000000000.0,50.0,globalcritic,STARS-GC,learned,45211,selected,981000,64,64,load_x0p75_globalcritic_seed45211_selected_seedbase981000,/home/sgy/workspace/sagin_marl_phase4_learning_ablation/runs/phase4_learning_ablation/3uav20gu_t250/formal_parameter_sweeps_20260714_full/configs/load/x0p75/structured_joint_mcgae_3uav20gu_t250_global_only_critic.yaml,/home/sgy/workspace/sagin_marl_phase4_learning_ablation/runs/phase4_learning_ablation/3uav20gu_t250/global_only_critic/seed45211_20260712_124615_bootstrapgae_nocompile/best_checkpoint.pt,,/home/sgy/workspace/sagin_marl_phase4_learning_ablation/runs/phase4_learning_ablation/3uav20gu_t250/formal_parameter_sweeps_20260714_full/results/load/x0p75/learned/globalcritic/seed45211/selected/seedbase981000,140.07095680967905,0.9748754770737138,0.018225883108034392,2.212288973579029,2.8713160231959813,66368670.79612501,0.0,0.732812517730519,250.0,29999966.926750008,0.9755616927029599
load,2,0.75,1500000.0,1.5,2000000.0,2.0,10000000.0,10.0,50000000000.0,50.0,globalcritic,STARS-GC,learned,45211,selected,982000,64,64,load_x0p75_globalcritic_seed45211_selected_seedbase982000,/home/sgy/workspace/sagin_marl_phase4_learning_ablation/runs/phase4_learning_ablation/3uav20gu_t250/formal_parameter_sweeps_20260714_full/configs/load/x0p75/structured_joint_mcgae_3uav20gu_t250_global_only_critic.yaml,/home/sgy/workspace/sagin_marl_phase4_learning_ablation/runs/phase4_learning_ablation/3uav20gu_t250/global_only_critic/seed45211_20260712_124615_bootstrapgae_nocompile/best_checkpoint.pt,,/home/sgy/workspace/sagin_marl_phase4_learning_ablation/runs/phase4_learning_ablation/3uav20gu_t250/formal_parameter_sweeps_20260714_full/results/load/x0p75/learned/globalcritic/seed45211/selected/seedbase982000,136.52883678884245,0.9694171376144514,0.023450321976866688,2.4162784904412216,3.3200469122058145,72488356.45349999,0.0,0.7374531420329585,250.0,30000037.623124994,0.9696441420749706
load,2,0.75,1500000.0,1.5,2000000.0,2.0,10000000.0,10.0,50000000000.0,50.0,globalcritic,STARS-GC,learned,73129,selected,980000,64,64,load_x0p75_globalcritic_seed73129_selected_seedbase980000,/home/sgy/workspace/sagin_marl_phase4_learning_ablation/runs/phase4_learning_ablation/3uav20gu_t250/formal_parameter_sweeps_20260714_full/configs/load/x0p75/structured_joint_mcgae_3uav20gu_t250_global_only_critic.yaml,/home/sgy/workspace/sagin_marl_phase4_learning_ablation/runs/phase4_learning_ablation/3uav20gu_t250/global_only_critic/seed73129_20260712_124615_bootstrapgae_nocompile/best_checkpoint.pt,,/home/sgy/workspace/sagin_marl_phase4_learning_ablation/runs/phase4_learning_ablation/3uav20gu_t250/formal_parameter_sweeps_20260714_full/results/load/x0p75/learned/globalcritic/seed73129/selected/seedbase980000,34.37599651515484,0.6667610377188687,0.2931022187585682,10.869345157069437,29.75742148273555,326080362.5285503,0.078125,0.9802679631011145,246.21875,30000024.082732227,0.6669076368314317
load,2,0.75,1500000.0,1.5,2000000.0,2.0,10000000.0,10.0,50000000000.0,50.0,globalcritic,STARS-GC,learned,73129,selected,981000,64,64,load_x0p75_globalcritic_seed73129_selected_seedbase981000,/home/sgy/workspace/sagin_marl_phase4_learning_ablation/runs/phase4_learning_ablation/3uav20gu_t250/formal_parameter_sweeps_20260714_full/configs/load/x0p75/structured_joint_mcgae_3uav20gu_t250_global_only_critic.yaml,/home/sgy/workspace/sagin_marl_phase4_learning_ablation/runs/phase4_learning_ablation/3uav20gu_t250/global_only_critic/seed73129_20260712_124615_bootstrapgae_nocompile/best_checkpoint.pt,,/home/sgy/workspace/sagin_marl_phase4_learning_ablation/runs/phase4_learning_ablation/3uav20gu_t250/formal_parameter_sweeps_20260714_full/results/load/x0p75/learned/globalcritic/seed73129/selected/seedbase981000,34.56624560197815,0.6623660582358376,0.297365001229685,10.338691756381083,29.426249728867415,310160760.1195412,0.09375,0.9834146458549495,244.46875,29999976.61780388,0.6626303341927624
load,2,0.75,1500000.0,1.5,2000000.0,2.0,10000000.0,10.0,50000000000.0,50.0,globalcritic,STARS-GC,learned,73129,selected,982000,64,64,load_x0p75_globalcritic_seed73129_selected_seedbase982000,/home/sgy/workspace/sagin_marl_phase4_learning_ablation/runs/phase4_learning_ablation/3uav20gu_t250/formal_parameter_sweeps_20260714_full/configs/load/x0p75/structured_joint_mcgae_3uav20gu_t250_global_only_critic.yaml,/home/sgy/workspace/sagin_marl_phase4_learning_ablation/runs/phase4_learning_ablation/3uav20gu_t250/global_only_critic/seed73129_20260712_124615_bootstrapgae_nocompile/best_checkpoint.pt,,/home/sgy/workspace/sagin_marl_phase4_learning_ablation/runs/phase4_learning_ablation/3uav20gu_t250/formal_parameter_sweeps_20260714_full/results/load/x0p75/learned/globalcritic/seed73129/selected/seedbase982000,34.16042450838722,0.6938941481799978,0.2536400582594174,9.7048879577502,23.59937813332121,291146645.6855783,0.109375,0.9817291677556931,235.4375,30000057.873438347,0.694187255183394
load,2,0.75,1500000.0,1.5,2000000.0,2.0,10000000.0,10.0,50000000000.0,50.0,globalcritic,STARS-GC,learned,91457,selected,980000,64,64,load_x0p75_globalcritic_seed91457_selected_seedbase980000,/home/sgy/workspace/sagin_marl_phase4_learning_ablation/runs/phase4_learning_ablation/3uav20gu_t250/formal_parameter_sweeps_20260714_full/configs/load/x0p75/structured_joint_mcgae_3uav20gu_t250_global_only_critic.yaml,/home/sgy/workspace/sagin_marl_phase4_learning_ablation/runs/phase4_learning_ablation/3uav20gu_t250/global_only_critic/seed91457_20260712_124615_bootstrapgae_nocompile/best_checkpoint.pt,,/home/sgy/workspace/sagin_marl_phase4_learning_ablation/runs/phase4_learning_ablation/3uav20gu_t250/formal_parameter_sweeps_20260714_full/results/load/x0p75/learned/globalcritic/seed91457/selected/seedbase980000,32.00247808289714,0.6601560665087542,0.2764473431144979,10.98681856828464,24.31209953708872,329604564.9674398,0.15625,0.7810873438801824,233.8125,30000016.80722539,0.6605056593463252
load,2,0.75,1500000.0,1.5,2000000.0,2.0,10000000.0,10.0,50000000000.0,50.0,globalcritic,STARS-GC,learned,91457,selected,981000,64,64,load_x0p75_globalcritic_seed91457_selected_seedbase981000,/home/sgy/workspace/sagin_marl_phase4_learning_ablation/runs/phase4_learning_ablation/3uav20gu_t250/formal_parameter_sweeps_20260714_full/configs/load/x0p75/structured_joint_mcgae_3uav20gu_t250_global_only_critic.yaml,/home/sgy/workspace/sagin_marl_phase4_learning_ablation/runs/phase4_learning_ablation/3uav20gu_t250/global_only_critic/seed91457_20260712_124615_bootstrapgae_nocompile/best_checkpoint.pt,,/home/sgy/workspace/sagin_marl_phase4_learning_ablation/runs/phase4_learning_ablation/3uav20gu_t250/formal_parameter_sweeps_20260714_full/results/load/x0p75/learned/globalcritic/seed91457/selected/seedbase981000,30.953114789153915,0.6313548535667656,0.2953993608502653,10.954278128483663,25.880317291438008,328628351.6515159,0.125,0.7906693388794462,234.03125,29999881.35854313,0.6317431632632124
load,2,0.75,1500000.0,1.5,2000000.0,2.0,10000000.0,10.0,50000000000.0,50.0,globalcritic,STARS-GC,learned,91457,selected,982000,64,64,load_x0p75_globalcritic_seed91457_selected_seedbase982000,/home/sgy/workspace/sagin_marl_phase4_learning_ablation/runs/phase4_learning_ablation/3uav20gu_t250/formal_parameter_sweeps_20260714_full/configs/load/x0p75/structured_joint_mcgae_3uav20gu_t250_global_only_critic.yaml,/home/sgy/workspace/sagin_marl_phase4_learning_ablation/runs/phase4_learning_ablation/3uav20gu_t250/global_only_critic/seed91457_20260712_124615_bootstrapgae_nocompile/best_checkpoint.pt,,/home/sgy/workspace/sagin_marl_phase4_learning_ablation/runs/phase4_learning_ablation/3uav20gu_t250/formal_parameter_sweeps_20260714_full/results/load/x0p75/learned/globalcritic/seed91457/selected/seedbase982000,32.11058389686514,0.6591816917463613,0.27298437928676533,11.220197689766408,26.319601425460142,336605938.4915662,0.15625,0.7786214719585355,234.171875,30000035.830978844,0.6596049815633815
load,2,0.75,1500000.0,1.5,2000000.0,2.0,10000000.0,10.0,50000000000.0,50.0,cluster_center_queue_aware,QCCS,fixed,,fixed,980000,64,64,load_x0p75_cluster_center_queue_aware_fixed_seedbase980000,/home/sgy/workspace/sagin_marl_phase4_learning_ablation/runs/phase4_learning_ablation/3uav20gu_t250/formal_parameter_sweeps_20260714_full/configs/load/x0p75/structured_joint_mcgae_3uav20gu_t250_relational_critic.yaml,,cluster_center_queue_aware,/home/sgy/workspace/sagin_marl_phase4_learning_ablation/runs/phase4_learning_ablation/3uav20gu_t250/formal_parameter_sweeps_20260714_full/results/load/x0p75/fixed/cluster_center_queue_aware/seedbase980000,67.96733152726665,0.9606001720183993,0.030404331113949416,3.584249444399262,4.944137330484197,107527485.90187499,0.0,0.7595729233901952,250.0,30000022.04349999,0.9647980955302198
load,2,0.75,1500000.0,1.5,2000000.0,2.0,10000000.0,10.0,50000000000.0,50.0,cluster_center_queue_aware,QCCS,fixed,,fixed,981000,64,64,load_x0p75_cluster_center_queue_aware_fixed_seedbase981000,/home/sgy/workspace/sagin_marl_phase4_learning_ablation/runs/phase4_learning_ablation/3uav20gu_t250/formal_parameter_sweeps_20260714_full/configs/load/x0p75/structured_joint_mcgae_3uav20gu_t250_relational_critic.yaml,,cluster_center_queue_aware,/home/sgy/workspace/sagin_marl_phase4_learning_ablation/runs/phase4_learning_ablation/3uav20gu_t250/formal_parameter_sweeps_20260714_full/results/load/x0p75/fixed/cluster_center_queue_aware/seedbase981000,67.32888559356797,0.9620422101519074,0.021167719301183746,3.6490897236765596,4.680140473458595,109472694.31837499,0.015625,0.7511875069011008,246.875,29999968.605125006,0.9685534688861421
load,2,0.75,1500000.0,1.5,2000000.0,2.0,10000000.0,10.0,50000000000.0,50.0,cluster_center_queue_aware,QCCS,fixed,,fixed,982000,64,64,load_x0p75_cluster_center_queue_aware_fixed_seedbase982000,/home/sgy/workspace/sagin_marl_phase4_learning_ablation/runs/phase4_learning_ablation/3uav20gu_t250/formal_parameter_sweeps_20260714_full/configs/load/x0p75/structured_joint_mcgae_3uav20gu_t250_relational_critic.yaml,,cluster_center_queue_aware,/home/sgy/workspace/sagin_marl_phase4_learning_ablation/runs/phase4_learning_ablation/3uav20gu_t250/formal_parameter_sweeps_20260714_full/results/load/x0p75/fixed/cluster_center_queue_aware/seedbase982000,68.6672710950952,0.9707899581426755,0.019444401524307063,3.350651643915336,4.304193946116518,100519551.69237502,0.0,0.7747395896930251,250.0,30000037.623124994,0.9757901623678726
load,2,0.75,1500000.0,1.5,2000000.0,2.0,10000000.0,10.0,50000000000.0,50.0,maxweight_lyapunov,Lyapunov,fixed,,fixed,980000,64,64,load_x0p75_maxweight_lyapunov_fixed_seedbase980000,/home/sgy/workspace/sagin_marl_phase4_learning_ablation/runs/phase4_learning_ablation/3uav20gu_t250/formal_parameter_sweeps_20260714_full/configs/load/x0p75/structured_joint_mcgae_3uav20gu_t250_relational_critic.yaml,,maxweight_lyapunov,/home/sgy/workspace/sagin_marl_phase4_learning_ablation/runs/phase4_learning_ablation/3uav20gu_t250/formal_parameter_sweeps_20260714_full/results/load/x0p75/fixed/maxweight_lyapunov/seedbase980000,59.3303422719473,0.9367717864121076,0.05020613361661346,5.5985498933638445,7.740734674234293,167956500.76406252,0.0,0.9836041676402091,250.0,30000022.04349999,0.9398161088484503
load,2,0.75,1500000.0,1.5,2000000.0,2.0,10000000.0,10.0,50000000000.0,50.0,maxweight_lyapunov,Lyapunov,fixed,,fixed,981000,64,64,load_x0p75_maxweight_lyapunov_fixed_seedbase981000,/home/sgy/workspace/sagin_marl_phase4_learning_ablation/runs/phase4_learning_ablation/3uav20gu_t250/formal_parameter_sweeps_20260714_full/configs/load/x0p75/structured_joint_mcgae_3uav20gu_t250_relational_critic.yaml,,maxweight_lyapunov,/home/sgy/workspace/sagin_marl_phase4_learning_ablation/runs/phase4_learning_ablation/3uav20gu_t250/formal_parameter_sweeps_20260714_full/results/load/x0p75/fixed/maxweight_lyapunov/seedbase981000,60.91208976902999,0.9431843563355508,0.04227209923891132,5.120863649688138,6.64419377711626,153625913.18381253,0.0,0.983250000998378,250.0,29999966.926750008,0.9461918421759723
load,2,0.75,1500000.0,1.5,2000000.0,2.0,10000000.0,10.0,50000000000.0,50.0,maxweight_lyapunov,Lyapunov,fixed,,fixed,982000,64,64,load_x0p75_maxweight_lyapunov_fixed_seedbase982000,/home/sgy/workspace/sagin_marl_phase4_learning_ablation/runs/phase4_learning_ablation/3uav20gu_t250/formal_parameter_sweeps_20260714_full/configs/load/x0p75/structured_joint_mcgae_3uav20gu_t250_relational_critic.yaml,,maxweight_lyapunov,/home/sgy/workspace/sagin_marl_phase4_learning_ablation/runs/phase4_learning_ablation/3uav20gu_t250/formal_parameter_sweeps_20260714_full/results/load/x0p75/fixed/maxweight_lyapunov/seedbase982000,61.94256720645353,0.9555988918703514,0.03298796303321114,4.6405512634905755,5.900913379808974,139216541.25999996,0.0,0.9825729177035395,250.0,30000037.623124994,0.9588304563780146
load,2,0.75,1500000.0,1.5,2000000.0,2.0,10000000.0,10.0,50000000000.0,50.0,queue_aware_bw,QBS,fixed,,fixed,980000,64,64,load_x0p75_queue_aware_bw_fixed_seedbase980000,/home/sgy/workspace/sagin_marl_phase4_learning_ablation/runs/phase4_learning_ablation/3uav20gu_t250/formal_parameter_sweeps_20260714_full/configs/load/x0p75/structured_joint_mcgae_3uav20gu_t250_relational_critic.yaml,,queue_aware_bw,/home/sgy/workspace/sagin_marl_phase4_learning_ablation/runs/phase4_learning_ablation/3uav20gu_t250/formal_parameter_sweeps_20260714_full/results/load/x0p75/fixed/queue_aware_bw/seedbase980000,33.63921752979513,0.5539037435746285,0.3497763037092406,18.757833845010843,41.14763639692124,562735028.9124999,0.0,1.0,250.0,30000022.04349999,0.5872875404808272
load,2,0.75,1500000.0,1.5,2000000.0,2.0,10000000.0,10.0,50000000000.0,50.0,queue_aware_bw,QBS,fixed,,fixed,981000,64,64,load_x0p75_queue_aware_bw_fixed_seedbase981000,/home/sgy/workspace/sagin_marl_phase4_learning_ablation/runs/phase4_learning_ablation/3uav20gu_t250/formal_parameter_sweeps_20260714_full/configs/load/x0p75/structured_joint_mcgae_3uav20gu_t250_relational_critic.yaml,,queue_aware_bw,/home/sgy/workspace/sagin_marl_phase4_learning_ablation/runs/phase4_learning_ablation/3uav20gu_t250/formal_parameter_sweeps_20260714_full/results/load/x0p75/fixed/queue_aware_bw/seedbase981000,33.64594141533598,0.5867080159480685,0.3173774238822118,16.793011038634234,32.91237762979744,503790343.2042501,0.015625,1.0,246.109375,29999869.396250006,0.6072497839356861
load,2,0.75,1500000.0,1.5,2000000.0,2.0,10000000.0,10.0,50000000000.0,50.0,queue_aware_bw,QBS,fixed,,fixed,982000,64,64,load_x0p75_queue_aware_bw_fixed_seedbase982000,/home/sgy/workspace/sagin_marl_phase4_learning_ablation/runs/phase4_learning_ablation/3uav20gu_t250/formal_parameter_sweeps_20260714_full/configs/load/x0p75/structured_joint_mcgae_3uav20gu_t250_relational_critic.yaml,,queue_aware_bw,/home/sgy/workspace/sagin_marl_phase4_learning_ablation/runs/phase4_learning_ablation/3uav20gu_t250/formal_parameter_sweeps_20260714_full/results/load/x0p75/fixed/queue_aware_bw/seedbase982000,34.64133217430208,0.6023247349988672,0.30610899895554305,17.87596656666091,34.58487528765715,536279009.9191251,0.0,1.0,250.0,30000037.623124994,0.6265606811726496
load,2,0.75,1500000.0,1.5,2000000.0,2.0,10000000.0,10.0,50000000000.0,50.0,static_uniform,Uniform,fixed,,fixed,980000,64,64,load_x0p75_static_uniform_fixed_seedbase980000,/home/sgy/workspace/sagin_marl_phase4_learning_ablation/runs/phase4_learning_ablation/3uav20gu_t250/formal_parameter_sweeps_20260714_full/configs/load/x0p75/structured_joint_mcgae_3uav20gu_t250_relational_critic.yaml,,static_uniform,/home/sgy/workspace/sagin_marl_phase4_learning_ablation/runs/phase4_learning_ablation/3uav20gu_t250/formal_parameter_sweeps_20260714_full/results/load/x0p75/fixed/static_uniform/seedbase980000,33.653133114334196,0.5516420523333363,0.37431446840087124,16.108988457462633,40.952264209364415,483269665.11375,0.0,0.4837291771434248,250.0,30000022.04349999,0.552017970121669
load,2,0.75,1500000.0,1.5,2000000.0,2.0,10000000.0,10.0,50000000000.0,50.0,static_uniform,Uniform,fixed,,fixed,981000,64,64,load_x0p75_static_uniform_fixed_seedbase981000,/home/sgy/workspace/sagin_marl_phase4_learning_ablation/runs/phase4_learning_ablation/3uav20gu_t250/formal_parameter_sweeps_20260714_full/configs/load/x0p75/structured_joint_mcgae_3uav20gu_t250_relational_critic.yaml,,static_uniform,/home/sgy/workspace/sagin_marl_phase4_learning_ablation/runs/phase4_learning_ablation/3uav20gu_t250/formal_parameter_sweeps_20260714_full/results/load/x0p75/fixed/static_uniform/seedbase981000,33.81702687148936,0.5796687873718329,0.3425370341853689,14.801470097090354,32.39949201894783,444044113.4440002,0.015625,0.4813437604615463,246.109375,29999869.396250006,0.5800375017552198
load,2,0.75,1500000.0,1.5,2000000.0,2.0,10000000.0,10.0,50000000000.0,50.0,static_uniform,Uniform,fixed,,fixed,982000,64,64,load_x0p75_static_uniform_fixed_seedbase982000,/home/sgy/workspace/sagin_marl_phase4_learning_ablation/runs/phase4_learning_ablation/3uav20gu_t250/formal_parameter_sweeps_20260714_full/configs/load/x0p75/structured_joint_mcgae_3uav20gu_t250_relational_critic.yaml,,static_uniform,/home/sgy/workspace/sagin_marl_phase4_learning_ablation/runs/phase4_learning_ablation/3uav20gu_t250/formal_parameter_sweeps_20260714_full/results/load/x0p75/fixed/static_uniform/seedbase982000,34.60093194572255,0.5843959903735667,0.34439472797802867,15.538713003905775,33.83761474979162,466161400.96281236,0.0,0.4835625104680656,250.0,30000037.623124994,0.5845043453117914
load,3,1.00,2000000.0,2.0,2000000.0,2.0,10000000.0,10.0,50000000000.0,50.0,relcritic,STARS,learned,45211,selected,980000,64,64,load_x1p00_relcritic_seed45211_selected_seedbase980000,/home/sgy/workspace/sagin_marl_phase4_learning_ablation/runs/phase4_learning_ablation/3uav20gu_t250/formal_parameter_sweeps_20260714_full/configs/load/x1p00/structured_joint_mcgae_3uav20gu_t250_relational_critic.yaml,/home/sgy/workspace/sagin_marl_phase4_learning_ablation/runs/phase4_learning_ablation/3uav20gu_t250/relational_critic/seed45211_20260711_213639_bootstrapgae_nocompile/best_checkpoint.pt,,/home/sgy/workspace/sagin_marl_phase4_learning_ablation/runs/phase4_learning_ablation/3uav20gu_t250/formal_parameter_sweeps_20260714_full/results/load/x1p00/learned/relcritic/seed45211/selected/seedbase980000,71.7413937561214,0.890926685503684,0.09096779251312362,5.030751426917256,7.850932372880423,201230054.86862502,0.0,0.5125312608173116,250.0,40000025.838750005,0.8911892473479024
load,3,1.00,2000000.0,2.0,2000000.0,2.0,10000000.0,10.0,50000000000.0,50.0,relcritic,STARS,learned,45211,selected,981000,64,64,load_x1p00_relcritic_seed45211_selected_seedbase981000,/home/sgy/workspace/sagin_marl_phase4_learning_ablation/runs/phase4_learning_ablation/3uav20gu_t250/formal_parameter_sweeps_20260714_full/configs/load/x1p00/structured_joint_mcgae_3uav20gu_t250_relational_critic.yaml,/home/sgy/workspace/sagin_marl_phase4_learning_ablation/runs/phase4_learning_ablation/3uav20gu_t250/relational_critic/seed45211_20260711_213639_bootstrapgae_nocompile/best_checkpoint.pt,,/home/sgy/workspace/sagin_marl_phase4_learning_ablation/runs/phase4_learning_ablation/3uav20gu_t250/formal_parameter_sweeps_20260714_full/results/load/x1p00/learned/relcritic/seed45211/selected/seedbase981000,69.07539979345165,0.8905958078755066,0.08564177147609073,4.343861234948797,6.186801386916758,173754447.30750003,0.015625,0.5259166770912707,246.109375,39999849.411,0.8909026948515315
load,3,1.00,2000000.0,2.0,2000000.0,2.0,10000000.0,10.0,50000000000.0,50.0,relcritic,STARS,learned,45211,selected,982000,64,64,load_x1p00_relcritic_seed45211_selected_seedbase982000,/home/sgy/workspace/sagin_marl_phase4_learning_ablation/runs/phase4_learning_ablation/3uav20gu_t250/formal_parameter_sweeps_20260714_full/configs/load/x1p00/structured_joint_mcgae_3uav20gu_t250_relational_critic.yaml,/home/sgy/workspace/sagin_marl_phase4_learning_ablation/runs/phase4_learning_ablation/3uav20gu_t250/relational_critic/seed45211_20260711_213639_bootstrapgae_nocompile/best_checkpoint.pt,,/home/sgy/workspace/sagin_marl_phase4_learning_ablation/runs/phase4_learning_ablation/3uav20gu_t250/formal_parameter_sweeps_20260714_full/results/load/x1p00/learned/relcritic/seed45211/selected/seedbase982000,71.35305156966206,0.9134782839301041,0.07347801261965056,4.360967079691122,5.986975415981654,174438681.08449998,0.0,0.5228593854559586,250.0,40000043.900750004,0.9138963602844118
load,3,1.00,2000000.0,2.0,2000000.0,2.0,10000000.0,10.0,50000000000.0,50.0,relcritic,STARS,learned,73129,selected,980000,64,64,load_x1p00_relcritic_seed73129_selected_seedbase980000,/home/sgy/workspace/sagin_marl_phase4_learning_ablation/runs/phase4_learning_ablation/3uav20gu_t250/formal_parameter_sweeps_20260714_full/configs/load/x1p00/structured_joint_mcgae_3uav20gu_t250_relational_critic.yaml,/home/sgy/workspace/sagin_marl_phase4_learning_ablation/runs/phase4_learning_ablation/3uav20gu_t250/relational_critic/seed73129_20260711_213639_bootstrapgae_nocompile/best_checkpoint.pt,,/home/sgy/workspace/sagin_marl_phase4_learning_ablation/runs/phase4_learning_ablation/3uav20gu_t250/formal_parameter_sweeps_20260714_full/results/load/x1p00/learned/relcritic/seed73129/selected/seedbase980000,72.28236316482071,0.8991655993508174,0.08501501513163566,4.334398979987161,6.707349702919413,173375957.09781247,0.0,0.5292291792454198,250.0,40000025.838750005,0.8997024385501025
load,3,1.00,2000000.0,2.0,2000000.0,2.0,10000000.0,10.0,50000000000.0,50.0,relcritic,STARS,learned,73129,selected,981000,64,64,load_x1p00_relcritic_seed73129_selected_seedbase981000,/home/sgy/workspace/sagin_marl_phase4_learning_ablation/runs/phase4_learning_ablation/3uav20gu_t250/formal_parameter_sweeps_20260714_full/configs/load/x1p00/structured_joint_mcgae_3uav20gu_t250_relational_critic.yaml,/home/sgy/workspace/sagin_marl_phase4_learning_ablation/runs/phase4_learning_ablation/3uav20gu_t250/relational_critic/seed73129_20260711_213639_bootstrapgae_nocompile/best_checkpoint.pt,,/home/sgy/workspace/sagin_marl_phase4_learning_ablation/runs/phase4_learning_ablation/3uav20gu_t250/formal_parameter_sweeps_20260714_full/results/load/x1p00/learned/relcritic/seed73129/selected/seedbase981000,70.94004005333409,0.9133702861655535,0.07394776342094755,3.824421734904545,5.270402233325826,152976867.6087544,0.015625,0.4934646696283516,247.84375,39999963.14001785,0.9137681205702144
load,3,1.00,2000000.0,2.0,2000000.0,2.0,10000000.0,10.0,50000000000.0,50.0,relcritic,STARS,learned,73129,selected,982000,64,64,load_x1p00_relcritic_seed73129_selected_seedbase982000,/home/sgy/workspace/sagin_marl_phase4_learning_ablation/runs/phase4_learning_ablation/3uav20gu_t250/formal_parameter_sweeps_20260714_full/configs/load/x1p00/structured_joint_mcgae_3uav20gu_t250_relational_critic.yaml,/home/sgy/workspace/sagin_marl_phase4_learning_ablation/runs/phase4_learning_ablation/3uav20gu_t250/relational_critic/seed73129_20260711_213639_bootstrapgae_nocompile/best_checkpoint.pt,,/home/sgy/workspace/sagin_marl_phase4_learning_ablation/runs/phase4_learning_ablation/3uav20gu_t250/formal_parameter_sweeps_20260714_full/results/load/x1p00/learned/relcritic/seed73129/selected/seedbase982000,72.68177074962296,0.9219409422865138,0.06708731343967335,3.759273418974308,5.0853423527139245,150370934.90993753,0.0,0.5027135535515844,250.0,40000043.900750004,0.9224820039722481
load,3,1.00,2000000.0,2.0,2000000.0,2.0,10000000.0,10.0,50000000000.0,50.0,relcritic,STARS,learned,91457,selected,980000,64,64,load_x1p00_relcritic_seed91457_selected_seedbase980000,/home/sgy/workspace/sagin_marl_phase4_learning_ablation/runs/phase4_learning_ablation/3uav20gu_t250/formal_parameter_sweeps_20260714_full/configs/load/x1p00/structured_joint_mcgae_3uav20gu_t250_relational_critic.yaml,/home/sgy/workspace/sagin_marl_phase4_learning_ablation/runs/phase4_learning_ablation/3uav20gu_t250/relational_critic/seed91457_20260712_124615_resume_u0400_bootstrapgae_nocompile/best_checkpoint.pt,,/home/sgy/workspace/sagin_marl_phase4_learning_ablation/runs/phase4_learning_ablation/3uav20gu_t250/formal_parameter_sweeps_20260714_full/results/load/x1p00/learned/relcritic/seed91457/selected/seedbase980000,72.54270573495887,0.9276128056379969,0.05487347648600872,4.881850812520075,6.52115938046319,195274030.21187496,0.0,0.6022187620038164,250.0,40000025.838750005,0.9282949507813305
load,3,1.00,2000000.0,2.0,2000000.0,2.0,10000000.0,10.0,50000000000.0,50.0,relcritic,STARS,learned,91457,selected,981000,64,64,load_x1p00_relcritic_seed91457_selected_seedbase981000,/home/sgy/workspace/sagin_marl_phase4_learning_ablation/runs/phase4_learning_ablation/3uav20gu_t250/formal_parameter_sweeps_20260714_full/configs/load/x1p00/structured_joint_mcgae_3uav20gu_t250_relational_critic.yaml,/home/sgy/workspace/sagin_marl_phase4_learning_ablation/runs/phase4_learning_ablation/3uav20gu_t250/relational_critic/seed91457_20260712_124615_resume_u0400_bootstrapgae_nocompile/best_checkpoint.pt,,/home/sgy/workspace/sagin_marl_phase4_learning_ablation/runs/phase4_learning_ablation/3uav20gu_t250/formal_parameter_sweeps_20260714_full/results/load/x1p00/learned/relcritic/seed91457/selected/seedbase981000,70.51017265045084,0.9142113595767879,0.06229103473931991,4.658481089817819,6.328439699086915,186339241.24856257,0.015625,0.6006145946029572,246.109375,39999849.411,0.9151279302842509
load,3,1.00,2000000.0,2.0,2000000.0,2.0,10000000.0,10.0,50000000000.0,50.0,relcritic,STARS,learned,91457,selected,982000,64,64,load_x1p00_relcritic_seed91457_selected_seedbase982000,/home/sgy/workspace/sagin_marl_phase4_learning_ablation/runs/phase4_learning_ablation/3uav20gu_t250/formal_parameter_sweeps_20260714_full/configs/load/x1p00/structured_joint_mcgae_3uav20gu_t250_relational_critic.yaml,/home/sgy/workspace/sagin_marl_phase4_learning_ablation/runs/phase4_learning_ablation/3uav20gu_t250/relational_critic/seed91457_20260712_124615_resume_u0400_bootstrapgae_nocompile/best_checkpoint.pt,,/home/sgy/workspace/sagin_marl_phase4_learning_ablation/runs/phase4_learning_ablation/3uav20gu_t250/formal_parameter_sweeps_20260714_full/results/load/x1p00/learned/relcritic/seed91457/selected/seedbase982000,68.23014946980402,0.9244559441003946,0.061628644810227805,4.970764952007326,6.645277130367133,198830595.50381246,0.0,0.5974323042528701,250.0,40000043.900750004,0.9249210674680315
load,3,1.00,2000000.0,2.0,2000000.0,2.0,10000000.0,10.0,50000000000.0,50.0,globalcritic,STARS-GC,learned,45211,selected,980000,64,64,load_x1p00_globalcritic_seed45211_selected_seedbase980000,/home/sgy/workspace/sagin_marl_phase4_learning_ablation/runs/phase4_learning_ablation/3uav20gu_t250/formal_parameter_sweeps_20260714_full/configs/load/x1p00/structured_joint_mcgae_3uav20gu_t250_global_only_critic.yaml,/home/sgy/workspace/sagin_marl_phase4_learning_ablation/runs/phase4_learning_ablation/3uav20gu_t250/global_only_critic/seed45211_20260712_124615_bootstrapgae_nocompile/best_checkpoint.pt,,/home/sgy/workspace/sagin_marl_phase4_learning_ablation/runs/phase4_learning_ablation/3uav20gu_t250/formal_parameter_sweeps_20260714_full/results/load/x1p00/learned/globalcritic/seed45211/selected/seedbase980000,74.19367743632756,0.9062006586161443,0.07182089907252567,4.432626599194008,5.994404292599192,177305061.8703021,0.015625,0.7144869960673776,246.28125,40000029.638666674,0.9064311215033708
load,3,1.00,2000000.0,2.0,2000000.0,2.0,10000000.0,10.0,50000000000.0,50.0,globalcritic,STARS-GC,learned,45211,selected,981000,64,64,load_x1p00_globalcritic_seed45211_selected_seedbase981000,/home/sgy/workspace/sagin_marl_phase4_learning_ablation/runs/phase4_learning_ablation/3uav20gu_t250/formal_parameter_sweeps_20260714_full/configs/load/x1p00/structured_joint_mcgae_3uav20gu_t250_global_only_critic.yaml,/home/sgy/workspace/sagin_marl_phase4_learning_ablation/runs/phase4_learning_ablation/3uav20gu_t250/global_only_critic/seed45211_20260712_124615_bootstrapgae_nocompile/best_checkpoint.pt,,/home/sgy/workspace/sagin_marl_phase4_learning_ablation/runs/phase4_learning_ablation/3uav20gu_t250/formal_parameter_sweeps_20260714_full/results/load/x1p00/learned/globalcritic/seed45211/selected/seedbase981000,73.62975736288354,0.9023311417102813,0.08294768301522051,4.305140280746358,6.093919620226639,172205609.22418764,0.0,0.7175208512013777,250.0,39999962.112749994,0.9025670017867059
load,3,1.00,2000000.0,2.0,2000000.0,2.0,10000000.0,10.0,50000000000.0,50.0,globalcritic,STARS-GC,learned,45211,selected,982000,64,64,load_x1p00_globalcritic_seed45211_selected_seedbase982000,/home/sgy/workspace/sagin_marl_phase4_learning_ablation/runs/phase4_learning_ablation/3uav20gu_t250/formal_parameter_sweeps_20260714_full/configs/load/x1p00/structured_joint_mcgae_3uav20gu_t250_global_only_critic.yaml,/home/sgy/workspace/sagin_marl_phase4_learning_ablation/runs/phase4_learning_ablation/3uav20gu_t250/global_only_critic/seed45211_20260712_124615_bootstrapgae_nocompile/best_checkpoint.pt,,/home/sgy/workspace/sagin_marl_phase4_learning_ablation/runs/phase4_learning_ablation/3uav20gu_t250/formal_parameter_sweeps_20260714_full/results/load/x1p00/learned/globalcritic/seed45211/selected/seedbase982000,72.72605526284315,0.908294182194397,0.07722930763696602,4.62573325168645,6.200345491784774,185029327.98774996,0.0,0.7255937671223656,250.0,40000043.900750004,0.9089875533724053
load,3,1.00,2000000.0,2.0,2000000.0,2.0,10000000.0,10.0,50000000000.0,50.0,globalcritic,STARS-GC,learned,73129,selected,980000,64,64,load_x1p00_globalcritic_seed73129_selected_seedbase980000,/home/sgy/workspace/sagin_marl_phase4_learning_ablation/runs/phase4_learning_ablation/3uav20gu_t250/formal_parameter_sweeps_20260714_full/configs/load/x1p00/structured_joint_mcgae_3uav20gu_t250_global_only_critic.yaml,/home/sgy/workspace/sagin_marl_phase4_learning_ablation/runs/phase4_learning_ablation/3uav20gu_t250/global_only_critic/seed73129_20260712_124615_bootstrapgae_nocompile/best_checkpoint.pt,,/home/sgy/workspace/sagin_marl_phase4_learning_ablation/runs/phase4_learning_ablation/3uav20gu_t250/formal_parameter_sweeps_20260714_full/results/load/x1p00/learned/globalcritic/seed73129/selected/seedbase980000,34.837350518326275,0.6321185594484171,0.327699105919564,9.465378514636928,23.676969891399146,378615136.1954166,0.015625,0.9818333343937993,247.265625,40000031.878166676,0.6327282942046584
load,3,1.00,2000000.0,2.0,2000000.0,2.0,10000000.0,10.0,50000000000.0,50.0,globalcritic,STARS-GC,learned,73129,selected,981000,64,64,load_x1p00_globalcritic_seed73129_selected_seedbase981000,/home/sgy/workspace/sagin_marl_phase4_learning_ablation/runs/phase4_learning_ablation/3uav20gu_t250/formal_parameter_sweeps_20260714_full/configs/load/x1p00/structured_joint_mcgae_3uav20gu_t250_global_only_critic.yaml,/home/sgy/workspace/sagin_marl_phase4_learning_ablation/runs/phase4_learning_ablation/3uav20gu_t250/global_only_critic/seed73129_20260712_124615_bootstrapgae_nocompile/best_checkpoint.pt,,/home/sgy/workspace/sagin_marl_phase4_learning_ablation/runs/phase4_learning_ablation/3uav20gu_t250/formal_parameter_sweeps_20260714_full/results/load/x1p00/learned/globalcritic/seed73129/selected/seedbase981000,35.57749520195648,0.6552260630160676,0.30375313752231037,8.35290874389215,19.33823212646404,334116345.8741843,0.03125,0.9843333342596887,245.140625,39999968.0346266,0.6556312391424451
load,3,1.00,2000000.0,2.0,2000000.0,2.0,10000000.0,10.0,50000000000.0,50.0,globalcritic,STARS-GC,learned,73129,selected,982000,64,64,load_x1p00_globalcritic_seed73129_selected_seedbase982000,/home/sgy/workspace/sagin_marl_phase4_learning_ablation/runs/phase4_learning_ablation/3uav20gu_t250/formal_parameter_sweeps_20260714_full/configs/load/x1p00/structured_joint_mcgae_3uav20gu_t250_global_only_critic.yaml,/home/sgy/workspace/sagin_marl_phase4_learning_ablation/runs/phase4_learning_ablation/3uav20gu_t250/global_only_critic/seed73129_20260712_124615_bootstrapgae_nocompile/best_checkpoint.pt,,/home/sgy/workspace/sagin_marl_phase4_learning_ablation/runs/phase4_learning_ablation/3uav20gu_t250/formal_parameter_sweeps_20260714_full/results/load/x1p00/learned/globalcritic/seed73129/selected/seedbase982000,35.493358097504824,0.6680665349860084,0.2857691469522049,8.508804846812042,18.933330612734842,340352189.6785126,0.046875,0.9820804934755644,243.5,40000029.32965849,0.6683699268379306
load,3,1.00,2000000.0,2.0,2000000.0,2.0,10000000.0,10.0,50000000000.0,50.0,globalcritic,STARS-GC,learned,91457,selected,980000,64,64,load_x1p00_globalcritic_seed91457_selected_seedbase980000,/home/sgy/workspace/sagin_marl_phase4_learning_ablation/runs/phase4_learning_ablation/3uav20gu_t250/formal_parameter_sweeps_20260714_full/configs/load/x1p00/structured_joint_mcgae_3uav20gu_t250_global_only_critic.yaml,/home/sgy/workspace/sagin_marl_phase4_learning_ablation/runs/phase4_learning_ablation/3uav20gu_t250/global_only_critic/seed91457_20260712_124615_bootstrapgae_nocompile/best_checkpoint.pt,,/home/sgy/workspace/sagin_marl_phase4_learning_ablation/runs/phase4_learning_ablation/3uav20gu_t250/formal_parameter_sweeps_20260714_full/results/load/x1p00/learned/globalcritic/seed91457/selected/seedbase980000,33.72339977690717,0.6268372113167425,0.32693636486508865,9.299171240284508,21.166245877920318,371966845.107808,0.046875,0.7801915464550284,242.234375,40000036.741516374,0.6274839840084482
load,3,1.00,2000000.0,2.0,2000000.0,2.0,10000000.0,10.0,50000000000.0,50.0,globalcritic,STARS-GC,learned,91457,selected,981000,64,64,load_x1p00_globalcritic_seed91457_selected_seedbase981000,/home/sgy/workspace/sagin_marl_phase4_learning_ablation/runs/phase4_learning_ablation/3uav20gu_t250/formal_parameter_sweeps_20260714_full/configs/load/x1p00/structured_joint_mcgae_3uav20gu_t250_global_only_critic.yaml,/home/sgy/workspace/sagin_marl_phase4_learning_ablation/runs/phase4_learning_ablation/3uav20gu_t250/global_only_critic/seed91457_20260712_124615_bootstrapgae_nocompile/best_checkpoint.pt,,/home/sgy/workspace/sagin_marl_phase4_learning_ablation/runs/phase4_learning_ablation/3uav20gu_t250/formal_parameter_sweeps_20260714_full/results/load/x1p00/learned/globalcritic/seed91457/selected/seedbase981000,32.04660660016816,0.5967374669794484,0.3398692124585513,9.364101473789146,22.470411522644266,374564054.5830403,0.109375,0.7915482259688007,235.84375,39999843.04133755,0.5972536503840244
load,3,1.00,2000000.0,2.0,2000000.0,2.0,10000000.0,10.0,50000000000.0,50.0,globalcritic,STARS-GC,learned,91457,selected,982000,64,64,load_x1p00_globalcritic_seed91457_selected_seedbase982000,/home/sgy/workspace/sagin_marl_phase4_learning_ablation/runs/phase4_learning_ablation/3uav20gu_t250/formal_parameter_sweeps_20260714_full/configs/load/x1p00/structured_joint_mcgae_3uav20gu_t250_global_only_critic.yaml,/home/sgy/workspace/sagin_marl_phase4_learning_ablation/runs/phase4_learning_ablation/3uav20gu_t250/global_only_critic/seed91457_20260712_124615_bootstrapgae_nocompile/best_checkpoint.pt,,/home/sgy/workspace/sagin_marl_phase4_learning_ablation/runs/phase4_learning_ablation/3uav20gu_t250/formal_parameter_sweeps_20260714_full/results/load/x1p00/learned/globalcritic/seed91457/selected/seedbase982000,34.11904827383114,0.6320055865912806,0.3220073931865031,9.48662184812879,21.76950313242722,379464869.4011078,0.03125,0.7743100471863594,244.421875,40000032.32702561,0.6326317622367567
load,3,1.00,2000000.0,2.0,2000000.0,2.0,10000000.0,10.0,50000000000.0,50.0,cluster_center_queue_aware,QCCS,fixed,,fixed,980000,64,64,load_x1p00_cluster_center_queue_aware_fixed_seedbase980000,/home/sgy/workspace/sagin_marl_phase4_learning_ablation/runs/phase4_learning_ablation/3uav20gu_t250/formal_parameter_sweeps_20260714_full/configs/load/x1p00/structured_joint_mcgae_3uav20gu_t250_relational_critic.yaml,,cluster_center_queue_aware,/home/sgy/workspace/sagin_marl_phase4_learning_ablation/runs/phase4_learning_ablation/3uav20gu_t250/formal_parameter_sweeps_20260714_full/results/load/x1p00/fixed/cluster_center_queue_aware/seedbase980000,50.07149147707969,0.8893830855495758,0.0831476917647501,6.307818739284296,8.897646830207206,252312746.6993125,0.0,0.7595729233901952,250.0,40000025.838750005,0.8981113094440281
load,3,1.00,2000000.0,2.0,2000000.0,2.0,10000000.0,10.0,50000000000.0,50.0,cluster_center_queue_aware,QCCS,fixed,,fixed,981000,64,64,load_x1p00_cluster_center_queue_aware_fixed_seedbase981000,/home/sgy/workspace/sagin_marl_phase4_learning_ablation/runs/phase4_learning_ablation/3uav20gu_t250/formal_parameter_sweeps_20260714_full/configs/load/x1p00/structured_joint_mcgae_3uav20gu_t250_relational_critic.yaml,,cluster_center_queue_aware,/home/sgy/workspace/sagin_marl_phase4_learning_ablation/runs/phase4_learning_ablation/3uav20gu_t250/formal_parameter_sweeps_20260714_full/results/load/x1p00/fixed/cluster_center_queue_aware/seedbase981000,50.5593010870507,0.8889185655671173,0.08184445170490992,6.085739245018076,8.360592657965727,243429567.0913125,0.015625,0.7511875069011008,246.875,39999964.05575,0.8986849999883851
load,3,1.00,2000000.0,2.0,2000000.0,2.0,10000000.0,10.0,50000000000.0,50.0,cluster_center_queue_aware,QCCS,fixed,,fixed,982000,64,64,load_x1p00_cluster_center_queue_aware_fixed_seedbase982000,/home/sgy/workspace/sagin_marl_phase4_learning_ablation/runs/phase4_learning_ablation/3uav20gu_t250/formal_parameter_sweeps_20260714_full/configs/load/x1p00/structured_joint_mcgae_3uav20gu_t250_relational_critic.yaml,,cluster_center_queue_aware,/home/sgy/workspace/sagin_marl_phase4_learning_ablation/runs/phase4_learning_ablation/3uav20gu_t250/formal_parameter_sweeps_20260714_full/results/load/x1p00/fixed/cluster_center_queue_aware/seedbase982000,50.71405506902374,0.9013056284380145,0.073332434633714,6.142568752005929,8.279182336790951,245702747.106,0.0,0.7747395896930251,250.0,40000043.900750004,0.9108509858152983
load,3,1.00,2000000.0,2.0,2000000.0,2.0,10000000.0,10.0,50000000000.0,50.0,maxweight_lyapunov,Lyapunov,fixed,,fixed,980000,64,64,load_x1p00_maxweight_lyapunov_fixed_seedbase980000,/home/sgy/workspace/sagin_marl_phase4_learning_ablation/runs/phase4_learning_ablation/3uav20gu_t250/formal_parameter_sweeps_20260714_full/configs/load/x1p00/structured_joint_mcgae_3uav20gu_t250_relational_critic.yaml,,maxweight_lyapunov,/home/sgy/workspace/sagin_marl_phase4_learning_ablation/runs/phase4_learning_ablation/3uav20gu_t250/formal_parameter_sweeps_20260714_full/results/load/x1p00/fixed/maxweight_lyapunov/seedbase980000,44.08374192600604,0.8381952912121778,0.12794770197427535,8.007914853367955,11.715912342786323,320316590.38287485,0.0,0.9724791682809595,250.0,40000025.838750005,0.845391899422828
load,3,1.00,2000000.0,2.0,2000000.0,2.0,10000000.0,10.0,50000000000.0,50.0,maxweight_lyapunov,Lyapunov,fixed,,fixed,981000,64,64,load_x1p00_maxweight_lyapunov_fixed_seedbase981000,/home/sgy/workspace/sagin_marl_phase4_learning_ablation/runs/phase4_learning_ablation/3uav20gu_t250/formal_parameter_sweeps_20260714_full/configs/load/x1p00/structured_joint_mcgae_3uav20gu_t250_relational_critic.yaml,,maxweight_lyapunov,/home/sgy/workspace/sagin_marl_phase4_learning_ablation/runs/phase4_learning_ablation/3uav20gu_t250/formal_parameter_sweeps_20260714_full/results/load/x1p00/fixed/maxweight_lyapunov/seedbase981000,45.198996210470796,0.8450745913498107,0.12705994767404197,7.522842796677024,10.583848085634266,300913708.3924999,0.0,0.9719687516689304,250.0,39999962.112749994,0.8494476636267823
load,3,1.00,2000000.0,2.0,2000000.0,2.0,10000000.0,10.0,50000000000.0,50.0,maxweight_lyapunov,Lyapunov,fixed,,fixed,982000,64,64,load_x1p00_maxweight_lyapunov_fixed_seedbase982000,/home/sgy/workspace/sagin_marl_phase4_learning_ablation/runs/phase4_learning_ablation/3uav20gu_t250/formal_parameter_sweeps_20260714_full/configs/load/x1p00/structured_joint_mcgae_3uav20gu_t250_relational_critic.yaml,,maxweight_lyapunov,/home/sgy/workspace/sagin_marl_phase4_learning_ablation/runs/phase4_learning_ablation/3uav20gu_t250/formal_parameter_sweeps_20260714_full/results/load/x1p00/fixed/maxweight_lyapunov/seedbase982000,44.68621475843247,0.8525861518641467,0.1175296711899409,7.655579813910882,10.608232268210033,306223188.96962506,0.0,0.9726250015981498,250.0,40000043.900750004,0.8581767243497882
load,3,1.00,2000000.0,2.0,2000000.0,2.0,10000000.0,10.0,50000000000.0,50.0,queue_aware_bw,QBS,fixed,,fixed,980000,64,64,load_x1p00_queue_aware_bw_fixed_seedbase980000,/home/sgy/workspace/sagin_marl_phase4_learning_ablation/runs/phase4_learning_ablation/3uav20gu_t250/formal_parameter_sweeps_20260714_full/configs/load/x1p00/structured_joint_mcgae_3uav20gu_t250_relational_critic.yaml,,queue_aware_bw,/home/sgy/workspace/sagin_marl_phase4_learning_ablation/runs/phase4_learning_ablation/3uav20gu_t250/formal_parameter_sweeps_20260714_full/results/load/x1p00/fixed/queue_aware_bw/seedbase980000,32.6950161192799,0.4499530900577083,0.4608934118765127,17.32477882351354,44.59744476248558,692991144.7987498,0.0,1.0,250.0,40000025.838750005,0.4895888011206065
load,3,1.00,2000000.0,2.0,2000000.0,2.0,10000000.0,10.0,50000000000.0,50.0,queue_aware_bw,QBS,fixed,,fixed,981000,64,64,load_x1p00_queue_aware_bw_fixed_seedbase981000,/home/sgy/workspace/sagin_marl_phase4_learning_ablation/runs/phase4_learning_ablation/3uav20gu_t250/formal_parameter_sweeps_20260714_full/configs/load/x1p00/structured_joint_mcgae_3uav20gu_t250_relational_critic.yaml,,queue_aware_bw,/home/sgy/workspace/sagin_marl_phase4_learning_ablation/runs/phase4_learning_ablation/3uav20gu_t250/formal_parameter_sweeps_20260714_full/results/load/x1p00/fixed/queue_aware_bw/seedbase981000,32.70054205879569,0.4807006453112697,0.42658452666904656,15.891375990614065,36.82925934984,635655032.0786878,0.015625,1.0,246.109375,39999849.411,0.5101503477957461
load,3,1.00,2000000.0,2.0,2000000.0,2.0,10000000.0,10.0,50000000000.0,50.0,queue_aware_bw,QBS,fixed,,fixed,982000,64,64,load_x1p00_queue_aware_bw_fixed_seedbase982000,/home/sgy/workspace/sagin_marl_phase4_learning_ablation/runs/phase4_learning_ablation/3uav20gu_t250/formal_parameter_sweeps_20260714_full/configs/load/x1p00/structured_joint_mcgae_3uav20gu_t250_relational_critic.yaml,,queue_aware_bw,/home/sgy/workspace/sagin_marl_phase4_learning_ablation/runs/phase4_learning_ablation/3uav20gu_t250/formal_parameter_sweeps_20260714_full/results/load/x1p00/fixed/queue_aware_bw/seedbase982000,33.498390922439285,0.49153333023400053,0.4250659976746786,16.551173795190174,37.697745278758,662046943.8048753,0.0,1.0,250.0,40000043.900750004,0.5198739516197648
load,3,1.00,2000000.0,2.0,2000000.0,2.0,10000000.0,10.0,50000000000.0,50.0,static_uniform,Uniform,fixed,,fixed,980000,64,64,load_x1p00_static_uniform_fixed_seedbase980000,/home/sgy/workspace/sagin_marl_phase4_learning_ablation/runs/phase4_learning_ablation/3uav20gu_t250/formal_parameter_sweeps_20260714_full/configs/load/x1p00/structured_joint_mcgae_3uav20gu_t250_relational_critic.yaml,,static_uniform,/home/sgy/workspace/sagin_marl_phase4_learning_ablation/runs/phase4_learning_ablation/3uav20gu_t250/formal_parameter_sweeps_20260714_full/results/load/x1p00/fixed/static_uniform/seedbase980000,32.92228843306657,0.4557994886639064,0.47958818549414645,14.207190152490506,42.12940455814544,568287599.4771876,0.0,0.4837291771434248,250.0,40000025.838750005,0.4570051649178179
load,3,1.00,2000000.0,2.0,2000000.0,2.0,10000000.0,10.0,50000000000.0,50.0,static_uniform,Uniform,fixed,,fixed,981000,64,64,load_x1p00_static_uniform_fixed_seedbase981000,/home/sgy/workspace/sagin_marl_phase4_learning_ablation/runs/phase4_learning_ablation/3uav20gu_t250/formal_parameter_sweeps_20260714_full/configs/load/x1p00/structured_joint_mcgae_3uav20gu_t250_relational_critic.yaml,,static_uniform,/home/sgy/workspace/sagin_marl_phase4_learning_ablation/runs/phase4_learning_ablation/3uav20gu_t250/formal_parameter_sweeps_20260714_full/results/load/x1p00/fixed/static_uniform/seedbase981000,32.999053084640764,0.48215464622317816,0.4485651803198494,13.030596627844325,33.898316289205276,521223859.15524995,0.015625,0.4813437604615463,246.109375,39999849.411,0.48256330550706356
load,3,1.00,2000000.0,2.0,2000000.0,2.0,10000000.0,10.0,50000000000.0,50.0,static_uniform,Uniform,fixed,,fixed,982000,64,64,load_x1p00_static_uniform_fixed_seedbase982000,/home/sgy/workspace/sagin_marl_phase4_learning_ablation/runs/phase4_learning_ablation/3uav20gu_t250/formal_parameter_sweeps_20260714_full/configs/load/x1p00/structured_joint_mcgae_3uav20gu_t250_relational_critic.yaml,,static_uniform,/home/sgy/workspace/sagin_marl_phase4_learning_ablation/runs/phase4_learning_ablation/3uav20gu_t250/formal_parameter_sweeps_20260714_full/results/load/x1p00/fixed/static_uniform/seedbase982000,33.76532633113675,0.4804657591287977,0.4595604107315021,13.603631741127462,35.13061124614858,544145263.3085002,0.0,0.4835625104680656,250.0,40000043.900750004,0.4805707086255087
load,4,1.25,2500000.0,2.5,2000000.0,2.0,10000000.0,10.0,50000000000.0,50.0,relcritic,STARS,learned,45211,selected,980000,64,64,load_x1p25_relcritic_seed45211_selected_seedbase980000,/home/sgy/workspace/sagin_marl_phase4_learning_ablation/runs/phase4_learning_ablation/3uav20gu_t250/formal_parameter_sweeps_20260714_full/configs/load/x1p25/structured_joint_mcgae_3uav20gu_t250_relational_critic.yaml,/home/sgy/workspace/sagin_marl_phase4_learning_ablation/runs/phase4_learning_ablation/3uav20gu_t250/relational_critic/seed45211_20260711_213639_bootstrapgae_nocompile/best_checkpoint.pt,,/home/sgy/workspace/sagin_marl_phase4_learning_ablation/runs/phase4_learning_ablation/3uav20gu_t250/formal_parameter_sweeps_20260714_full/results/load/x1p25/learned/relcritic/seed45211/selected/seedbase980000,45.4749544946244,0.8119500069895295,0.16421343914455,6.065649143458207,10.087575428649108,303282458.651375,0.0,0.5412656361581759,250.0,50000031.546500005,0.8134870977893236
load,4,1.25,2500000.0,2.5,2000000.0,2.0,10000000.0,10.0,50000000000.0,50.0,relcritic,STARS,learned,45211,selected,981000,64,64,load_x1p25_relcritic_seed45211_selected_seedbase981000,/home/sgy/workspace/sagin_marl_phase4_learning_ablation/runs/phase4_learning_ablation/3uav20gu_t250/formal_parameter_sweeps_20260714_full/configs/load/x1p25/structured_joint_mcgae_3uav20gu_t250_relational_critic.yaml,/home/sgy/workspace/sagin_marl_phase4_learning_ablation/runs/phase4_learning_ablation/3uav20gu_t250/relational_critic/seed45211_20260711_213639_bootstrapgae_nocompile/best_checkpoint.pt,,/home/sgy/workspace/sagin_marl_phase4_learning_ablation/runs/phase4_learning_ablation/3uav20gu_t250/formal_parameter_sweeps_20260714_full/results/load/x1p25/learned/relcritic/seed45211/selected/seedbase981000,45.17131358431652,0.8008202236902147,0.1667996764835897,5.533868568362259,8.792428736434132,276693430.13202,0.03125,0.5576262092459205,243.96875,49999839.33038938,0.8028859486135445
load,4,1.25,2500000.0,2.5,2000000.0,2.0,10000000.0,10.0,50000000000.0,50.0,relcritic,STARS,learned,45211,selected,982000,64,64,load_x1p25_relcritic_seed45211_selected_seedbase982000,/home/sgy/workspace/sagin_marl_phase4_learning_ablation/runs/phase4_learning_ablation/3uav20gu_t250/formal_parameter_sweeps_20260714_full/configs/load/x1p25/structured_joint_mcgae_3uav20gu_t250_relational_critic.yaml,/home/sgy/workspace/sagin_marl_phase4_learning_ablation/runs/phase4_learning_ablation/3uav20gu_t250/relational_critic/seed45211_20260711_213639_bootstrapgae_nocompile/best_checkpoint.pt,,/home/sgy/workspace/sagin_marl_phase4_learning_ablation/runs/phase4_learning_ablation/3uav20gu_t250/formal_parameter_sweeps_20260714_full/results/load/x1p25/learned/relcritic/seed45211/selected/seedbase982000,45.67969554499723,0.8259158765962348,0.15323902738655182,5.754723618444988,8.711642180746187,287736182.3315625,0.0,0.5488333440972492,250.0,50000051.61249998,0.8275423070457429
load,4,1.25,2500000.0,2.5,2000000.0,2.0,10000000.0,10.0,50000000000.0,50.0,relcritic,STARS,learned,73129,selected,980000,64,64,load_x1p25_relcritic_seed73129_selected_seedbase980000,/home/sgy/workspace/sagin_marl_phase4_learning_ablation/runs/phase4_learning_ablation/3uav20gu_t250/formal_parameter_sweeps_20260714_full/configs/load/x1p25/structured_joint_mcgae_3uav20gu_t250_relational_critic.yaml,/home/sgy/workspace/sagin_marl_phase4_learning_ablation/runs/phase4_learning_ablation/3uav20gu_t250/relational_critic/seed73129_20260711_213639_bootstrapgae_nocompile/best_checkpoint.pt,,/home/sgy/workspace/sagin_marl_phase4_learning_ablation/runs/phase4_learning_ablation/3uav20gu_t250/formal_parameter_sweeps_20260714_full/results/load/x1p25/learned/relcritic/seed73129/selected/seedbase980000,46.17244012549054,0.8168140392897187,0.16062799097659738,5.6769838268017265,9.38402031019952,283849193.074,0.0,0.5308437620569021,250.0,50000031.546500005,0.818200182844224
load,4,1.25,2500000.0,2.5,2000000.0,2.0,10000000.0,10.0,50000000000.0,50.0,relcritic,STARS,learned,73129,selected,981000,64,64,load_x1p25_relcritic_seed73129_selected_seedbase981000,/home/sgy/workspace/sagin_marl_phase4_learning_ablation/runs/phase4_learning_ablation/3uav20gu_t250/formal_parameter_sweeps_20260714_full/configs/load/x1p25/structured_joint_mcgae_3uav20gu_t250_relational_critic.yaml,/home/sgy/workspace/sagin_marl_phase4_learning_ablation/runs/phase4_learning_ablation/3uav20gu_t250/relational_critic/seed73129_20260711_213639_bootstrapgae_nocompile/best_checkpoint.pt,,/home/sgy/workspace/sagin_marl_phase4_learning_ablation/runs/phase4_learning_ablation/3uav20gu_t250/formal_parameter_sweeps_20260714_full/results/load/x1p25/learned/relcritic/seed73129/selected/seedbase981000,46.783605843782425,0.8284450957450118,0.1523772272538976,5.138768118373077,7.674909537162413,256938407.52174133,0.015625,0.5126437799374509,247.90625,49999961.45959483,0.8295616652821144
load,4,1.25,2500000.0,2.5,2000000.0,2.0,10000000.0,10.0,50000000000.0,50.0,relcritic,STARS,learned,73129,selected,982000,64,64,load_x1p25_relcritic_seed73129_selected_seedbase982000,/home/sgy/workspace/sagin_marl_phase4_learning_ablation/runs/phase4_learning_ablation/3uav20gu_t250/formal_parameter_sweeps_20260714_full/configs/load/x1p25/structured_joint_mcgae_3uav20gu_t250_relational_critic.yaml,/home/sgy/workspace/sagin_marl_phase4_learning_ablation/runs/phase4_learning_ablation/3uav20gu_t250/relational_critic/seed73129_20260711_213639_bootstrapgae_nocompile/best_checkpoint.pt,,/home/sgy/workspace/sagin_marl_phase4_learning_ablation/runs/phase4_learning_ablation/3uav20gu_t250/formal_parameter_sweeps_20260714_full/results/load/x1p25/learned/relcritic/seed73129/selected/seedbase982000,46.530193655751646,0.8379839909299044,0.14339215814572503,5.276767424481457,7.73595603841357,263838372.84318742,0.0,0.5215520951151847,250.0,50000051.61249998,0.8394189678940677
load,4,1.25,2500000.0,2.5,2000000.0,2.0,10000000.0,10.0,50000000000.0,50.0,relcritic,STARS,learned,91457,selected,980000,64,64,load_x1p25_relcritic_seed91457_selected_seedbase980000,/home/sgy/workspace/sagin_marl_phase4_learning_ablation/runs/phase4_learning_ablation/3uav20gu_t250/formal_parameter_sweeps_20260714_full/configs/load/x1p25/structured_joint_mcgae_3uav20gu_t250_relational_critic.yaml,/home/sgy/workspace/sagin_marl_phase4_learning_ablation/runs/phase4_learning_ablation/3uav20gu_t250/relational_critic/seed91457_20260712_124615_resume_u0400_bootstrapgae_nocompile/best_checkpoint.pt,,/home/sgy/workspace/sagin_marl_phase4_learning_ablation/runs/phase4_learning_ablation/3uav20gu_t250/formal_parameter_sweeps_20260714_full/results/load/x1p25/learned/relcritic/seed91457/selected/seedbase980000,46.44086019601673,0.8401324631483291,0.13593082769795997,6.186655880984937,9.03342574607327,309332795.78187495,0.0,0.5898698031064121,250.0,50000031.546500005,0.8419343389080678
load,4,1.25,2500000.0,2.5,2000000.0,2.0,10000000.0,10.0,50000000000.0,50.0,relcritic,STARS,learned,91457,selected,981000,64,64,load_x1p25_relcritic_seed91457_selected_seedbase981000,/home/sgy/workspace/sagin_marl_phase4_learning_ablation/runs/phase4_learning_ablation/3uav20gu_t250/formal_parameter_sweeps_20260714_full/configs/load/x1p25/structured_joint_mcgae_3uav20gu_t250_relational_critic.yaml,/home/sgy/workspace/sagin_marl_phase4_learning_ablation/runs/phase4_learning_ablation/3uav20gu_t250/relational_critic/seed91457_20260712_124615_resume_u0400_bootstrapgae_nocompile/best_checkpoint.pt,,/home/sgy/workspace/sagin_marl_phase4_learning_ablation/runs/phase4_learning_ablation/3uav20gu_t250/formal_parameter_sweeps_20260714_full/results/load/x1p25/learned/relcritic/seed91457/selected/seedbase981000,46.48093654133845,0.824149688738398,0.14533267391414847,5.855934360770876,8.910270615294777,292796719.8886251,0.015625,0.5840364691475405,246.109375,49999834.01,0.8256465533272495
load,4,1.25,2500000.0,2.5,2000000.0,2.0,10000000.0,10.0,50000000000.0,50.0,relcritic,STARS,learned,91457,selected,982000,64,64,load_x1p25_relcritic_seed91457_selected_seedbase982000,/home/sgy/workspace/sagin_marl_phase4_learning_ablation/runs/phase4_learning_ablation/3uav20gu_t250/formal_parameter_sweeps_20260714_full/configs/load/x1p25/structured_joint_mcgae_3uav20gu_t250_relational_critic.yaml,/home/sgy/workspace/sagin_marl_phase4_learning_ablation/runs/phase4_learning_ablation/3uav20gu_t250/relational_critic/seed91457_20260712_124615_resume_u0400_bootstrapgae_nocompile/best_checkpoint.pt,,/home/sgy/workspace/sagin_marl_phase4_learning_ablation/runs/phase4_learning_ablation/3uav20gu_t250/formal_parameter_sweeps_20260714_full/results/load/x1p25/learned/relcritic/seed91457/selected/seedbase982000,46.018279823241755,0.8317010580641215,0.14708183634813252,6.17481245534797,8.998376643557567,308740624.4991876,0.0,0.5895000113779678,250.0,50000051.61249998,0.8330580239451825
load,4,1.25,2500000.0,2.5,2000000.0,2.0,10000000.0,10.0,50000000000.0,50.0,globalcritic,STARS-GC,learned,45211,selected,980000,64,64,load_x1p25_globalcritic_seed45211_selected_seedbase980000,/home/sgy/workspace/sagin_marl_phase4_learning_ablation/runs/phase4_learning_ablation/3uav20gu_t250/formal_parameter_sweeps_20260714_full/configs/load/x1p25/structured_joint_mcgae_3uav20gu_t250_global_only_critic.yaml,/home/sgy/workspace/sagin_marl_phase4_learning_ablation/runs/phase4_learning_ablation/3uav20gu_t250/global_only_critic/seed45211_20260712_124615_bootstrapgae_nocompile/best_checkpoint.pt,,/home/sgy/workspace/sagin_marl_phase4_learning_ablation/runs/phase4_learning_ablation/3uav20gu_t250/formal_parameter_sweeps_20260714_full/results/load/x1p25/learned/globalcritic/seed45211/selected/seedbase980000,45.62376659293659,0.8121440866651634,0.15810890109488,5.755213584302985,8.700230964902705,287760680.67554164,0.015625,0.7046901207078868,246.28125,50000035.773250006,0.8127658577512479
load,4,1.25,2500000.0,2.5,2000000.0,2.0,10000000.0,10.0,50000000000.0,50.0,globalcritic,STARS-GC,learned,45211,selected,981000,64,64,load_x1p25_globalcritic_seed45211_selected_seedbase981000,/home/sgy/workspace/sagin_marl_phase4_learning_ablation/runs/phase4_learning_ablation/3uav20gu_t250/formal_parameter_sweeps_20260714_full/configs/load/x1p25/structured_joint_mcgae_3uav20gu_t250_global_only_critic.yaml,/home/sgy/workspace/sagin_marl_phase4_learning_ablation/runs/phase4_learning_ablation/3uav20gu_t250/global_only_critic/seed45211_20260712_124615_bootstrapgae_nocompile/best_checkpoint.pt,,/home/sgy/workspace/sagin_marl_phase4_learning_ablation/runs/phase4_learning_ablation/3uav20gu_t250/formal_parameter_sweeps_20260714_full/results/load/x1p25/learned/globalcritic/seed45211/selected/seedbase981000,47.11730864900164,0.819252335577777,0.16047008460626438,5.3321860569987205,7.9910313570468325,266609304.50440764,0.015625,0.7066038101383868,248.703125,49999965.1875494,0.8196346451387595
load,4,1.25,2500000.0,2.5,2000000.0,2.0,10000000.0,10.0,50000000000.0,50.0,globalcritic,STARS-GC,learned,45211,selected,982000,64,64,load_x1p25_globalcritic_seed45211_selected_seedbase982000,/home/sgy/workspace/sagin_marl_phase4_learning_ablation/runs/phase4_learning_ablation/3uav20gu_t250/formal_parameter_sweeps_20260714_full/configs/load/x1p25/structured_joint_mcgae_3uav20gu_t250_global_only_critic.yaml,/home/sgy/workspace/sagin_marl_phase4_learning_ablation/runs/phase4_learning_ablation/3uav20gu_t250/global_only_critic/seed45211_20260712_124615_bootstrapgae_nocompile/best_checkpoint.pt,,/home/sgy/workspace/sagin_marl_phase4_learning_ablation/runs/phase4_learning_ablation/3uav20gu_t250/formal_parameter_sweeps_20260714_full/results/load/x1p25/learned/globalcritic/seed45211/selected/seedbase982000,46.23226865218021,0.8195862917751077,0.15955822061105615,5.777082414785169,8.41921729789482,288854122.417375,0.0,0.7161927253380419,250.0,50000051.61249998,0.820480265416343
load,4,1.25,2500000.0,2.5,2000000.0,2.0,10000000.0,10.0,50000000000.0,50.0,globalcritic,STARS-GC,learned,73129,selected,980000,64,64,load_x1p25_globalcritic_seed73129_selected_seedbase980000,/home/sgy/workspace/sagin_marl_phase4_learning_ablation/runs/phase4_learning_ablation/3uav20gu_t250/formal_parameter_sweeps_20260714_full/configs/load/x1p25/structured_joint_mcgae_3uav20gu_t250_global_only_critic.yaml,/home/sgy/workspace/sagin_marl_phase4_learning_ablation/runs/phase4_learning_ablation/3uav20gu_t250/global_only_critic/seed73129_20260712_124615_bootstrapgae_nocompile/best_checkpoint.pt,,/home/sgy/workspace/sagin_marl_phase4_learning_ablation/runs/phase4_learning_ablation/3uav20gu_t250/formal_parameter_sweeps_20260714_full/results/load/x1p25/learned/globalcritic/seed73129/selected/seedbase980000,35.295867813401856,0.602300308078875,0.3577556242510773,8.342409668950571,19.560444357693243,417120485.81750095,0.03125,0.9852916675396263,244.671875,50000015.92476932,0.6029488589415652
load,4,1.25,2500000.0,2.5,2000000.0,2.0,10000000.0,10.0,50000000000.0,50.0,globalcritic,STARS-GC,learned,73129,selected,981000,64,64,load_x1p25_globalcritic_seed73129_selected_seedbase981000,/home/sgy/workspace/sagin_marl_phase4_learning_ablation/runs/phase4_learning_ablation/3uav20gu_t250/formal_parameter_sweeps_20260714_full/configs/load/x1p25/structured_joint_mcgae_3uav20gu_t250_global_only_critic.yaml,/home/sgy/workspace/sagin_marl_phase4_learning_ablation/runs/phase4_learning_ablation/3uav20gu_t250/global_only_critic/seed73129_20260712_124615_bootstrapgae_nocompile/best_checkpoint.pt,,/home/sgy/workspace/sagin_marl_phase4_learning_ablation/runs/phase4_learning_ablation/3uav20gu_t250/formal_parameter_sweeps_20260714_full/results/load/x1p25/learned/globalcritic/seed73129/selected/seedbase981000,36.30708285071887,0.6181170688517547,0.34354675732793855,7.693425504608699,16.090316713023928,384671277.47283316,0.015625,0.9853958342000836,246.5625,49999977.489,0.6185765975541896
load,4,1.25,2500000.0,2.5,2000000.0,2.0,10000000.0,10.0,50000000000.0,50.0,globalcritic,STARS-GC,learned,73129,selected,982000,64,64,load_x1p25_globalcritic_seed73129_selected_seedbase982000,/home/sgy/workspace/sagin_marl_phase4_learning_ablation/runs/phase4_learning_ablation/3uav20gu_t250/formal_parameter_sweeps_20260714_full/configs/load/x1p25/structured_joint_mcgae_3uav20gu_t250_global_only_critic.yaml,/home/sgy/workspace/sagin_marl_phase4_learning_ablation/runs/phase4_learning_ablation/3uav20gu_t250/global_only_critic/seed73129_20260712_124615_bootstrapgae_nocompile/best_checkpoint.pt,,/home/sgy/workspace/sagin_marl_phase4_learning_ablation/runs/phase4_learning_ablation/3uav20gu_t250/formal_parameter_sweeps_20260714_full/results/load/x1p25/learned/globalcritic/seed73129/selected/seedbase982000,35.38909182266798,0.6239497530128877,0.3263541760225188,7.825639077423954,15.791016927079452,391281956.3075151,0.09375,0.9837722962888836,238.484375,50000062.66163951,0.6243293847405167
load,4,1.25,2500000.0,2.5,2000000.0,2.0,10000000.0,10.0,50000000000.0,50.0,globalcritic,STARS-GC,learned,91457,selected,980000,64,64,load_x1p25_globalcritic_seed91457_selected_seedbase980000,/home/sgy/workspace/sagin_marl_phase4_learning_ablation/runs/phase4_learning_ablation/3uav20gu_t250/formal_parameter_sweeps_20260714_full/configs/load/x1p25/structured_joint_mcgae_3uav20gu_t250_global_only_critic.yaml,/home/sgy/workspace/sagin_marl_phase4_learning_ablation/runs/phase4_learning_ablation/3uav20gu_t250/global_only_critic/seed91457_20260712_124615_bootstrapgae_nocompile/best_checkpoint.pt,,/home/sgy/workspace/sagin_marl_phase4_learning_ablation/runs/phase4_learning_ablation/3uav20gu_t250/formal_parameter_sweeps_20260714_full/results/load/x1p25/learned/globalcritic/seed91457/selected/seedbase980000,33.092077475215774,0.573488806060417,0.37963367305939866,8.388152613009648,20.328427289191158,419407633.00949,0.09375,0.7770284416563376,235.203125,50000059.26682202,0.5746550338213662
load,4,1.25,2500000.0,2.5,2000000.0,2.0,10000000.0,10.0,50000000000.0,50.0,globalcritic,STARS-GC,learned,91457,selected,981000,64,64,load_x1p25_globalcritic_seed91457_selected_seedbase981000,/home/sgy/workspace/sagin_marl_phase4_learning_ablation/runs/phase4_learning_ablation/3uav20gu_t250/formal_parameter_sweeps_20260714_full/configs/load/x1p25/structured_joint_mcgae_3uav20gu_t250_global_only_critic.yaml,/home/sgy/workspace/sagin_marl_phase4_learning_ablation/runs/phase4_learning_ablation/3uav20gu_t250/global_only_critic/seed91457_20260712_124615_bootstrapgae_nocompile/best_checkpoint.pt,,/home/sgy/workspace/sagin_marl_phase4_learning_ablation/runs/phase4_learning_ablation/3uav20gu_t250/formal_parameter_sweeps_20260714_full/results/load/x1p25/learned/globalcritic/seed91457/selected/seedbase981000,33.42858631099807,0.5747491259349017,0.375851652225088,8.125484395375853,19.341689683525274,406274222.26403046,0.078125,0.7861442166614108,241.109375,49999827.91029629,0.5757940891961608
load,4,1.25,2500000.0,2.5,2000000.0,2.0,10000000.0,10.0,50000000000.0,50.0,globalcritic,STARS-GC,learned,91457,selected,982000,64,64,load_x1p25_globalcritic_seed91457_selected_seedbase982000,/home/sgy/workspace/sagin_marl_phase4_learning_ablation/runs/phase4_learning_ablation/3uav20gu_t250/formal_parameter_sweeps_20260714_full/configs/load/x1p25/structured_joint_mcgae_3uav20gu_t250_global_only_critic.yaml,/home/sgy/workspace/sagin_marl_phase4_learning_ablation/runs/phase4_learning_ablation/3uav20gu_t250/global_only_critic/seed91457_20260712_124615_bootstrapgae_nocompile/best_checkpoint.pt,,/home/sgy/workspace/sagin_marl_phase4_learning_ablation/runs/phase4_learning_ablation/3uav20gu_t250/formal_parameter_sweeps_20260714_full/results/load/x1p25/learned/globalcritic/seed91457/selected/seedbase982000,33.911165601806715,0.5894431802301786,0.36867379099933845,8.255654194997538,19.54203041138379,412782712.22534364,0.140625,0.7767419329586034,238.0,50000001.90049075,0.5902501942349503
load,4,1.25,2500000.0,2.5,2000000.0,2.0,10000000.0,10.0,50000000000.0,50.0,cluster_center_queue_aware,QCCS,fixed,,fixed,980000,64,64,load_x1p25_cluster_center_queue_aware_fixed_seedbase980000,/home/sgy/workspace/sagin_marl_phase4_learning_ablation/runs/phase4_learning_ablation/3uav20gu_t250/formal_parameter_sweeps_20260714_full/configs/load/x1p25/structured_joint_mcgae_3uav20gu_t250_relational_critic.yaml,,cluster_center_queue_aware,/home/sgy/workspace/sagin_marl_phase4_learning_ablation/runs/phase4_learning_ablation/3uav20gu_t250/formal_parameter_sweeps_20260714_full/results/load/x1p25/fixed/cluster_center_queue_aware/seedbase980000,42.909612960531376,0.8010068912794813,0.16523834226829157,7.250304212800227,10.961742172133174,362515212.8808125,0.0,0.7595729233901952,250.0,50000031.546500005,0.8115074759308786
load,4,1.25,2500000.0,2.5,2000000.0,2.0,10000000.0,10.0,50000000000.0,50.0,cluster_center_queue_aware,QCCS,fixed,,fixed,981000,64,64,load_x1p25_cluster_center_queue_aware_fixed_seedbase981000,/home/sgy/workspace/sagin_marl_phase4_learning_ablation/runs/phase4_learning_ablation/3uav20gu_t250/formal_parameter_sweeps_20260714_full/configs/load/x1p25/structured_joint_mcgae_3uav20gu_t250_relational_critic.yaml,,cluster_center_queue_aware,/home/sgy/workspace/sagin_marl_phase4_learning_ablation/runs/phase4_learning_ablation/3uav20gu_t250/formal_parameter_sweeps_20260714_full/results/load/x1p25/fixed/cluster_center_queue_aware/seedbase981000,43.43290362879634,0.8000127297346482,0.165047112485106,6.867674165137578,10.299665462719975,343383710.34575,0.015625,0.7511875069011008,246.875,49999962.17,0.8100737291485922
load,4,1.25,2500000.0,2.5,2000000.0,2.0,10000000.0,10.0,50000000000.0,50.0,cluster_center_queue_aware,QCCS,fixed,,fixed,982000,64,64,load_x1p25_cluster_center_queue_aware_fixed_seedbase982000,/home/sgy/workspace/sagin_marl_phase4_learning_ablation/runs/phase4_learning_ablation/3uav20gu_t250/formal_parameter_sweeps_20260714_full/configs/load/x1p25/structured_joint_mcgae_3uav20gu_t250_relational_critic.yaml,,cluster_center_queue_aware,/home/sgy/workspace/sagin_marl_phase4_learning_ablation/runs/phase4_learning_ablation/3uav20gu_t250/formal_parameter_sweeps_20260714_full/results/load/x1p25/fixed/cluster_center_queue_aware/seedbase982000,43.2818072065711,0.8119391163210382,0.15616971367233648,7.152049341223206,10.455357908102684,357602469.14606255,0.0,0.7747395896930251,250.0,50000051.61249998,0.8220977026610982
load,4,1.25,2500000.0,2.5,2000000.0,2.0,10000000.0,10.0,50000000000.0,50.0,maxweight_lyapunov,Lyapunov,fixed,,fixed,980000,64,64,load_x1p25_maxweight_lyapunov_fixed_seedbase980000,/home/sgy/workspace/sagin_marl_phase4_learning_ablation/runs/phase4_learning_ablation/3uav20gu_t250/formal_parameter_sweeps_20260714_full/configs/load/x1p25/structured_joint_mcgae_3uav20gu_t250_relational_critic.yaml,,maxweight_lyapunov,/home/sgy/workspace/sagin_marl_phase4_learning_ablation/runs/phase4_learning_ablation/3uav20gu_t250/formal_parameter_sweeps_20260714_full/results/load/x1p25/fixed/maxweight_lyapunov/seedbase980000,39.6968030949356,0.7443238176528828,0.2180013904155812,8.483059919194318,13.44340410748124,424152998.59531254,0.0,0.9683645851276818,250.0,50000031.546500005,0.7521391171339461
load,4,1.25,2500000.0,2.5,2000000.0,2.0,10000000.0,10.0,50000000000.0,50.0,maxweight_lyapunov,Lyapunov,fixed,,fixed,981000,64,64,load_x1p25_maxweight_lyapunov_fixed_seedbase981000,/home/sgy/workspace/sagin_marl_phase4_learning_ablation/runs/phase4_learning_ablation/3uav20gu_t250/formal_parameter_sweeps_20260714_full/configs/load/x1p25/structured_joint_mcgae_3uav20gu_t250_relational_critic.yaml,,maxweight_lyapunov,/home/sgy/workspace/sagin_marl_phase4_learning_ablation/runs/phase4_learning_ablation/3uav20gu_t250/formal_parameter_sweeps_20260714_full/results/load/x1p25/fixed/maxweight_lyapunov/seedbase981000,40.811056817299686,0.7550559759270398,0.21260098108666267,7.8650897159890745,12.048205449851466,393254488.146,0.0,0.9681250018328428,250.0,49999959.99725,0.7602929301632837
load,4,1.25,2500000.0,2.5,2000000.0,2.0,10000000.0,10.0,50000000000.0,50.0,maxweight_lyapunov,Lyapunov,fixed,,fixed,982000,64,64,load_x1p25_maxweight_lyapunov_fixed_seedbase982000,/home/sgy/workspace/sagin_marl_phase4_learning_ablation/runs/phase4_learning_ablation/3uav20gu_t250/formal_parameter_sweeps_20260714_full/configs/load/x1p25/structured_joint_mcgae_3uav20gu_t250_relational_critic.yaml,,maxweight_lyapunov,/home/sgy/workspace/sagin_marl_phase4_learning_ablation/runs/phase4_learning_ablation/3uav20gu_t250/formal_parameter_sweeps_20260714_full/results/load/x1p25/fixed/maxweight_lyapunov/seedbase982000,40.082804778707214,0.7566731020754669,0.20705497576129983,8.26416596909985,12.33058940761722,413208300.9795626,0.0,0.967250001832843,250.0,50000051.61249998,0.7637487758791274
load,4,1.25,2500000.0,2.5,2000000.0,2.0,10000000.0,10.0,50000000000.0,50.0,queue_aware_bw,QBS,fixed,,fixed,980000,64,64,load_x1p25_queue_aware_bw_fixed_seedbase980000,/home/sgy/workspace/sagin_marl_phase4_learning_ablation/runs/phase4_learning_ablation/3uav20gu_t250/formal_parameter_sweeps_20260714_full/configs/load/x1p25/structured_joint_mcgae_3uav20gu_t250_relational_critic.yaml,,queue_aware_bw,/home/sgy/workspace/sagin_marl_phase4_learning_ablation/runs/phase4_learning_ablation/3uav20gu_t250/formal_parameter_sweeps_20260714_full/results/load/x1p25/fixed/queue_aware_bw/seedbase980000,32.28538559784647,0.3766942184652434,0.545491575963122,15.393062798387376,46.459015001306305,769653144.4102498,0.0,1.0,250.0,50000031.546500005,0.4144119245553012
load,4,1.25,2500000.0,2.5,2000000.0,2.0,10000000.0,10.0,50000000000.0,50.0,queue_aware_bw,QBS,fixed,,fixed,981000,64,64,load_x1p25_queue_aware_bw_fixed_seedbase981000,/home/sgy/workspace/sagin_marl_phase4_learning_ablation/runs/phase4_learning_ablation/3uav20gu_t250/formal_parameter_sweeps_20260714_full/configs/load/x1p25/structured_joint_mcgae_3uav20gu_t250_relational_critic.yaml,,queue_aware_bw,/home/sgy/workspace/sagin_marl_phase4_learning_ablation/runs/phase4_learning_ablation/3uav20gu_t250/formal_parameter_sweeps_20260714_full/results/load/x1p25/fixed/queue_aware_bw/seedbase981000,32.307023211265914,0.40609354721894503,0.509390670073155,14.363781446241772,38.75379613041132,718189076.7858125,0.015625,1.0,246.109375,49999834.01,0.43729994260933946
load,4,1.25,2500000.0,2.5,2000000.0,2.0,10000000.0,10.0,50000000000.0,50.0,queue_aware_bw,QBS,fixed,,fixed,982000,64,64,load_x1p25_queue_aware_bw_fixed_seedbase982000,/home/sgy/workspace/sagin_marl_phase4_learning_ablation/runs/phase4_learning_ablation/3uav20gu_t250/formal_parameter_sweeps_20260714_full/configs/load/x1p25/structured_joint_mcgae_3uav20gu_t250_relational_critic.yaml,,queue_aware_bw,/home/sgy/workspace/sagin_marl_phase4_learning_ablation/runs/phase4_learning_ablation/3uav20gu_t250/formal_parameter_sweeps_20260714_full/results/load/x1p25/fixed/queue_aware_bw/seedbase982000,33.021439192816615,0.41167984235705807,0.5144073638499495,14.93716244173702,39.77651773546263,746858126.3655626,0.0,1.0,250.0,50000051.61249998,0.4411710248070161
load,4,1.25,2500000.0,2.5,2000000.0,2.0,10000000.0,10.0,50000000000.0,50.0,static_uniform,Uniform,fixed,,fixed,980000,64,64,load_x1p25_static_uniform_fixed_seedbase980000,/home/sgy/workspace/sagin_marl_phase4_learning_ablation/runs/phase4_learning_ablation/3uav20gu_t250/formal_parameter_sweeps_20260714_full/configs/load/x1p25/structured_joint_mcgae_3uav20gu_t250_relational_critic.yaml,,static_uniform,/home/sgy/workspace/sagin_marl_phase4_learning_ablation/runs/phase4_learning_ablation/3uav20gu_t250/formal_parameter_sweeps_20260714_full/results/load/x1p25/fixed/static_uniform/seedbase980000,32.57753733859863,0.3839971492411569,0.5600806081698506,12.351206031408166,42.47061119446716,617560304.7364372,0.0,0.4837291771434248,250.0,50000031.546500005,0.3851510646469586
load,4,1.25,2500000.0,2.5,2000000.0,2.0,10000000.0,10.0,50000000000.0,50.0,static_uniform,Uniform,fixed,,fixed,981000,64,64,load_x1p25_static_uniform_fixed_seedbase981000,/home/sgy/workspace/sagin_marl_phase4_learning_ablation/runs/phase4_learning_ablation/3uav20gu_t250/formal_parameter_sweeps_20260714_full/configs/load/x1p25/structured_joint_mcgae_3uav20gu_t250_relational_critic.yaml,,static_uniform,/home/sgy/workspace/sagin_marl_phase4_learning_ablation/runs/phase4_learning_ablation/3uav20gu_t250/formal_parameter_sweeps_20260714_full/results/load/x1p25/fixed/static_uniform/seedbase981000,32.62760589038953,0.41023930003028364,0.5276924696645692,11.46948370603705,34.62272817604291,573474188.0720625,0.015625,0.4813437604615463,246.109375,49999834.01,0.41093341291082236
load,4,1.25,2500000.0,2.5,2000000.0,2.0,10000000.0,10.0,50000000000.0,50.0,static_uniform,Uniform,fixed,,fixed,982000,64,64,load_x1p25_static_uniform_fixed_seedbase982000,/home/sgy/workspace/sagin_marl_phase4_learning_ablation/runs/phase4_learning_ablation/3uav20gu_t250/formal_parameter_sweeps_20260714_full/configs/load/x1p25/structured_joint_mcgae_3uav20gu_t250_relational_critic.yaml,,static_uniform,/home/sgy/workspace/sagin_marl_phase4_learning_ablation/runs/phase4_learning_ablation/3uav20gu_t250/formal_parameter_sweeps_20260714_full/results/load/x1p25/fixed/static_uniform/seedbase982000,33.36503193958197,0.4054654181180522,0.5433550900652664,11.873160783821719,35.637233368176965,593658041.729875,0.0,0.4835625104680656,250.0,50000051.61249998,0.4055969533455705
load,5,1.50,3000000.0,3.0,2000000.0,2.0,10000000.0,10.0,50000000000.0,50.0,relcritic,STARS,learned,45211,selected,980000,64,64,load_x1p50_relcritic_seed45211_selected_seedbase980000,/home/sgy/workspace/sagin_marl_phase4_learning_ablation/runs/phase4_learning_ablation/3uav20gu_t250/formal_parameter_sweeps_20260714_full/configs/load/x1p50/structured_joint_mcgae_3uav20gu_t250_relational_critic.yaml,/home/sgy/workspace/sagin_marl_phase4_learning_ablation/runs/phase4_learning_ablation/3uav20gu_t250/relational_critic/seed45211_20260711_213639_bootstrapgae_nocompile/best_checkpoint.pt,,/home/sgy/workspace/sagin_marl_phase4_learning_ablation/runs/phase4_learning_ablation/3uav20gu_t250/formal_parameter_sweeps_20260714_full/results/load/x1p50/learned/relcritic/seed45211/selected/seedbase980000,42.22297343146056,0.7285286110159944,0.24546150118899365,6.4059730261247605,11.627544490642848,384358390.72662497,0.0,0.5655260529862716,250.0,60000030.589999996,0.7314450887226465
load,5,1.50,3000000.0,3.0,2000000.0,2.0,10000000.0,10.0,50000000000.0,50.0,relcritic,STARS,learned,45211,selected,981000,64,64,load_x1p50_relcritic_seed45211_selected_seedbase981000,/home/sgy/workspace/sagin_marl_phase4_learning_ablation/runs/phase4_learning_ablation/3uav20gu_t250/formal_parameter_sweeps_20260714_full/configs/load/x1p50/structured_joint_mcgae_3uav20gu_t250_relational_critic.yaml,/home/sgy/workspace/sagin_marl_phase4_learning_ablation/runs/phase4_learning_ablation/3uav20gu_t250/relational_critic/seed45211_20260711_213639_bootstrapgae_nocompile/best_checkpoint.pt,,/home/sgy/workspace/sagin_marl_phase4_learning_ablation/runs/phase4_learning_ablation/3uav20gu_t250/formal_parameter_sweeps_20260714_full/results/load/x1p50/learned/relcritic/seed45211/selected/seedbase981000,42.38720849948004,0.7193745924546386,0.2447418659839877,5.973064152296632,10.448268495924772,358383857.84350014,0.015625,0.5768906359057875,246.109375,59999814.672249995,0.7228342140304437
load,5,1.50,3000000.0,3.0,2000000.0,2.0,10000000.0,10.0,50000000000.0,50.0,relcritic,STARS,learned,45211,selected,982000,64,64,load_x1p50_relcritic_seed45211_selected_seedbase982000,/home/sgy/workspace/sagin_marl_phase4_learning_ablation/runs/phase4_learning_ablation/3uav20gu_t250/formal_parameter_sweeps_20260714_full/configs/load/x1p50/structured_joint_mcgae_3uav20gu_t250_relational_critic.yaml,/home/sgy/workspace/sagin_marl_phase4_learning_ablation/runs/phase4_learning_ablation/3uav20gu_t250/relational_critic/seed45211_20260711_213639_bootstrapgae_nocompile/best_checkpoint.pt,,/home/sgy/workspace/sagin_marl_phase4_learning_ablation/runs/phase4_learning_ablation/3uav20gu_t250/formal_parameter_sweeps_20260714_full/results/load/x1p50/learned/relcritic/seed45211/selected/seedbase982000,42.51036443817429,0.737673200863879,0.2365874971742587,6.285020544333381,10.515574748329819,377101241.7645,0.0,0.5768750111926346,250.0,60000052.73,0.7411087813478016
load,5,1.50,3000000.0,3.0,2000000.0,2.0,10000000.0,10.0,50000000000.0,50.0,relcritic,STARS,learned,73129,selected,980000,64,64,load_x1p50_relcritic_seed73129_selected_seedbase980000,/home/sgy/workspace/sagin_marl_phase4_learning_ablation/runs/phase4_learning_ablation/3uav20gu_t250/formal_parameter_sweeps_20260714_full/configs/load/x1p50/structured_joint_mcgae_3uav20gu_t250_relational_critic.yaml,/home/sgy/workspace/sagin_marl_phase4_learning_ablation/runs/phase4_learning_ablation/3uav20gu_t250/relational_critic/seed73129_20260711_213639_bootstrapgae_nocompile/best_checkpoint.pt,,/home/sgy/workspace/sagin_marl_phase4_learning_ablation/runs/phase4_learning_ablation/3uav20gu_t250/formal_parameter_sweeps_20260714_full/results/load/x1p50/learned/relcritic/seed73129/selected/seedbase980000,41.80814627953805,0.7314562102016061,0.2404707048977235,6.180367099107137,11.271382265897051,370822034.89350003,0.015625,0.528031261830901,246.796875,60000044.791499995,0.732849625226551
load,5,1.50,3000000.0,3.0,2000000.0,2.0,10000000.0,10.0,50000000000.0,50.0,relcritic,STARS,learned,73129,selected,981000,64,64,load_x1p50_relcritic_seed73129_selected_seedbase981000,/home/sgy/workspace/sagin_marl_phase4_learning_ablation/runs/phase4_learning_ablation/3uav20gu_t250/formal_parameter_sweeps_20260714_full/configs/load/x1p50/structured_joint_mcgae_3uav20gu_t250_relational_critic.yaml,/home/sgy/workspace/sagin_marl_phase4_learning_ablation/runs/phase4_learning_ablation/3uav20gu_t250/relational_critic/seed73129_20260711_213639_bootstrapgae_nocompile/best_checkpoint.pt,,/home/sgy/workspace/sagin_marl_phase4_learning_ablation/runs/phase4_learning_ablation/3uav20gu_t250/formal_parameter_sweeps_20260714_full/results/load/x1p50/learned/relcritic/seed73129/selected/seedbase981000,43.47021852945909,0.7469093947997316,0.23122769782874408,5.698842711411418,9.205678067453208,341930571.07112503,0.0,0.52766147034429,250.0,59999952.675249994,0.7483980680969131
load,5,1.50,3000000.0,3.0,2000000.0,2.0,10000000.0,10.0,50000000000.0,50.0,relcritic,STARS,learned,73129,selected,982000,64,64,load_x1p50_relcritic_seed73129_selected_seedbase982000,/home/sgy/workspace/sagin_marl_phase4_learning_ablation/runs/phase4_learning_ablation/3uav20gu_t250/formal_parameter_sweeps_20260714_full/configs/load/x1p50/structured_joint_mcgae_3uav20gu_t250_relational_critic.yaml,/home/sgy/workspace/sagin_marl_phase4_learning_ablation/runs/phase4_learning_ablation/3uav20gu_t250/relational_critic/seed73129_20260711_213639_bootstrapgae_nocompile/best_checkpoint.pt,,/home/sgy/workspace/sagin_marl_phase4_learning_ablation/runs/phase4_learning_ablation/3uav20gu_t250/formal_parameter_sweeps_20260714_full/results/load/x1p50/learned/relcritic/seed73129/selected/seedbase982000,42.87888307753019,0.755100581411971,0.22235578809313036,5.929494257263837,9.341524797102437,355769664.01125,0.0,0.5243645953834055,250.0,60000052.73,0.7569732978212338
load,5,1.50,3000000.0,3.0,2000000.0,2.0,10000000.0,10.0,50000000000.0,50.0,relcritic,STARS,learned,91457,selected,980000,64,64,load_x1p50_relcritic_seed91457_selected_seedbase980000,/home/sgy/workspace/sagin_marl_phase4_learning_ablation/runs/phase4_learning_ablation/3uav20gu_t250/formal_parameter_sweeps_20260714_full/configs/load/x1p50/structured_joint_mcgae_3uav20gu_t250_relational_critic.yaml,/home/sgy/workspace/sagin_marl_phase4_learning_ablation/runs/phase4_learning_ablation/3uav20gu_t250/relational_critic/seed91457_20260712_124615_resume_u0400_bootstrapgae_nocompile/best_checkpoint.pt,,/home/sgy/workspace/sagin_marl_phase4_learning_ablation/runs/phase4_learning_ablation/3uav20gu_t250/formal_parameter_sweeps_20260714_full/results/load/x1p50/learned/relcritic/seed91457/selected/seedbase980000,42.5068809252698,0.7512885502860883,0.22416693692442308,6.642525202663615,10.94709996974841,398551521.98175,0.0,0.5977500111404807,250.0,60000030.589999996,0.7532275677481604
load,5,1.50,3000000.0,3.0,2000000.0,2.0,10000000.0,10.0,50000000000.0,50.0,relcritic,STARS,learned,91457,selected,981000,64,64,load_x1p50_relcritic_seed91457_selected_seedbase981000,/home/sgy/workspace/sagin_marl_phase4_learning_ablation/runs/phase4_learning_ablation/3uav20gu_t250/formal_parameter_sweeps_20260714_full/configs/load/x1p50/structured_joint_mcgae_3uav20gu_t250_relational_critic.yaml,/home/sgy/workspace/sagin_marl_phase4_learning_ablation/runs/phase4_learning_ablation/3uav20gu_t250/relational_critic/seed91457_20260712_124615_resume_u0400_bootstrapgae_nocompile/best_checkpoint.pt,,/home/sgy/workspace/sagin_marl_phase4_learning_ablation/runs/phase4_learning_ablation/3uav20gu_t250/formal_parameter_sweeps_20260714_full/results/load/x1p50/learned/relcritic/seed91457/selected/seedbase981000,42.78192274319008,0.7390575414798224,0.22683939096773015,6.240864107051863,10.497327219583093,374451855.48725003,0.015625,0.6104739703135567,246.109375,59999814.672249995,0.7415423337871567
load,5,1.50,3000000.0,3.0,2000000.0,2.0,10000000.0,10.0,50000000000.0,50.0,relcritic,STARS,learned,91457,selected,982000,64,64,load_x1p50_relcritic_seed91457_selected_seedbase982000,/home/sgy/workspace/sagin_marl_phase4_learning_ablation/runs/phase4_learning_ablation/3uav20gu_t250/formal_parameter_sweeps_20260714_full/configs/load/x1p50/structured_joint_mcgae_3uav20gu_t250_relational_critic.yaml,/home/sgy/workspace/sagin_marl_phase4_learning_ablation/runs/phase4_learning_ablation/3uav20gu_t250/relational_critic/seed91457_20260712_124615_resume_u0400_bootstrapgae_nocompile/best_checkpoint.pt,,/home/sgy/workspace/sagin_marl_phase4_learning_ablation/runs/phase4_learning_ablation/3uav20gu_t250/formal_parameter_sweeps_20260714_full/results/load/x1p50/learned/relcritic/seed91457/selected/seedbase982000,42.59890553122386,0.7423689957628957,0.23279337907338454,6.570894081788138,10.602968803795052,394253654.37075007,0.0,0.5920156367206946,250.0,60000052.73,0.744522541359244
load,5,1.50,3000000.0,3.0,2000000.0,2.0,10000000.0,10.0,50000000000.0,50.0,globalcritic,STARS-GC,learned,45211,selected,980000,64,64,load_x1p50_globalcritic_seed45211_selected_seedbase980000,/home/sgy/workspace/sagin_marl_phase4_learning_ablation/runs/phase4_learning_ablation/3uav20gu_t250/formal_parameter_sweeps_20260714_full/configs/load/x1p50/structured_joint_mcgae_3uav20gu_t250_global_only_critic.yaml,/home/sgy/workspace/sagin_marl_phase4_learning_ablation/runs/phase4_learning_ablation/3uav20gu_t250/global_only_critic/seed45211_20260712_124615_bootstrapgae_nocompile/best_checkpoint.pt,,/home/sgy/workspace/sagin_marl_phase4_learning_ablation/runs/phase4_learning_ablation/3uav20gu_t250/formal_parameter_sweeps_20260714_full/results/load/x1p50/learned/globalcritic/seed45211/selected/seedbase980000,41.865127721684985,0.7303355547457473,0.2377531396777291,5.968955139139357,9.749636492542614,358137317.1264168,0.015625,0.6892369952701654,246.28125,60000035.22624999,0.73109272359718
load,5,1.50,3000000.0,3.0,2000000.0,2.0,10000000.0,10.0,50000000000.0,50.0,globalcritic,STARS-GC,learned,45211,selected,981000,64,64,load_x1p50_globalcritic_seed45211_selected_seedbase981000,/home/sgy/workspace/sagin_marl_phase4_learning_ablation/runs/phase4_learning_ablation/3uav20gu_t250/formal_parameter_sweeps_20260714_full/configs/load/x1p50/structured_joint_mcgae_3uav20gu_t250_global_only_critic.yaml,/home/sgy/workspace/sagin_marl_phase4_learning_ablation/runs/phase4_learning_ablation/3uav20gu_t250/global_only_critic/seed45211_20260712_124615_bootstrapgae_nocompile/best_checkpoint.pt,,/home/sgy/workspace/sagin_marl_phase4_learning_ablation/runs/phase4_learning_ablation/3uav20gu_t250/formal_parameter_sweeps_20260714_full/results/load/x1p50/learned/globalcritic/seed45211/selected/seedbase981000,43.30948081729002,0.7320612540342848,0.245847611556741,5.744916191581636,9.42529030233901,344694980.1252502,0.0,0.6934323089597749,250.0,59999952.675249994,0.7325836247426729
load,5,1.50,3000000.0,3.0,2000000.0,2.0,10000000.0,10.0,50000000000.0,50.0,globalcritic,STARS-GC,learned,45211,selected,982000,64,64,load_x1p50_globalcritic_seed45211_selected_seedbase982000,/home/sgy/workspace/sagin_marl_phase4_learning_ablation/runs/phase4_learning_ablation/3uav20gu_t250/formal_parameter_sweeps_20260714_full/configs/load/x1p50/structured_joint_mcgae_3uav20gu_t250_global_only_critic.yaml,/home/sgy/workspace/sagin_marl_phase4_learning_ablation/runs/phase4_learning_ablation/3uav20gu_t250/global_only_critic/seed45211_20260712_124615_bootstrapgae_nocompile/best_checkpoint.pt,,/home/sgy/workspace/sagin_marl_phase4_learning_ablation/runs/phase4_learning_ablation/3uav20gu_t250/formal_parameter_sweeps_20260714_full/results/load/x1p50/learned/globalcritic/seed45211/selected/seedbase982000,42.515500952489674,0.7352986085684968,0.24088257804153726,6.1303358965665105,9.665248347567395,367820162.85837513,0.0,0.7037396004106851,250.0,60000052.73,0.7361646756262907
load,5,1.50,3000000.0,3.0,2000000.0,2.0,10000000.0,10.0,50000000000.0,50.0,globalcritic,STARS-GC,learned,73129,selected,980000,64,64,load_x1p50_globalcritic_seed73129_selected_seedbase980000,/home/sgy/workspace/sagin_marl_phase4_learning_ablation/runs/phase4_learning_ablation/3uav20gu_t250/formal_parameter_sweeps_20260714_full/configs/load/x1p50/structured_joint_mcgae_3uav20gu_t250_global_only_critic.yaml,/home/sgy/workspace/sagin_marl_phase4_learning_ablation/runs/phase4_learning_ablation/3uav20gu_t250/global_only_critic/seed73129_20260712_124615_bootstrapgae_nocompile/best_checkpoint.pt,,/home/sgy/workspace/sagin_marl_phase4_learning_ablation/runs/phase4_learning_ablation/3uav20gu_t250/formal_parameter_sweeps_20260714_full/results/load/x1p50/learned/globalcritic/seed73129/selected/seedbase980000,36.16847070073709,0.5579835916315496,0.4077992885839265,7.639011579695856,18.00769198913687,458340705.41410947,0.015625,0.9853645842038092,246.59375,60000019.01195312,0.5585132411756087
load,5,1.50,3000000.0,3.0,2000000.0,2.0,10000000.0,10.0,50000000000.0,50.0,globalcritic,STARS-GC,learned,73129,selected,981000,64,64,load_x1p50_globalcritic_seed73129_selected_seedbase981000,/home/sgy/workspace/sagin_marl_phase4_learning_ablation/runs/phase4_learning_ablation/3uav20gu_t250/formal_parameter_sweeps_20260714_full/configs/load/x1p50/structured_joint_mcgae_3uav20gu_t250_global_only_critic.yaml,/home/sgy/workspace/sagin_marl_phase4_learning_ablation/runs/phase4_learning_ablation/3uav20gu_t250/global_only_critic/seed73129_20260712_124615_bootstrapgae_nocompile/best_checkpoint.pt,,/home/sgy/workspace/sagin_marl_phase4_learning_ablation/runs/phase4_learning_ablation/3uav20gu_t250/formal_parameter_sweeps_20260714_full/results/load/x1p50/learned/globalcritic/seed73129/selected/seedbase981000,35.960024322615936,0.5563728555530694,0.4061036693948779,7.296010640754094,16.238455582174563,437760648.6244838,0.03125,0.9879791673831639,243.0625,59999969.74279839,0.5570789260781426
load,5,1.50,3000000.0,3.0,2000000.0,2.0,10000000.0,10.0,50000000000.0,50.0,globalcritic,STARS-GC,learned,73129,selected,982000,64,64,load_x1p50_globalcritic_seed73129_selected_seedbase982000,/home/sgy/workspace/sagin_marl_phase4_learning_ablation/runs/phase4_learning_ablation/3uav20gu_t250/formal_parameter_sweeps_20260714_full/configs/load/x1p50/structured_joint_mcgae_3uav20gu_t250_global_only_critic.yaml,/home/sgy/workspace/sagin_marl_phase4_learning_ablation/runs/phase4_learning_ablation/3uav20gu_t250/global_only_critic/seed73129_20260712_124615_bootstrapgae_nocompile/best_checkpoint.pt,,/home/sgy/workspace/sagin_marl_phase4_learning_ablation/runs/phase4_learning_ablation/3uav20gu_t250/formal_parameter_sweeps_20260714_full/results/load/x1p50/learned/globalcritic/seed73129/selected/seedbase982000,36.03890310530551,0.5621945324004477,0.39199496252660304,7.450041368026315,15.900193391307262,447002492.38014513,0.046875,0.985083334222436,241.265625,60000070.58455581,0.5624948491307686
load,5,1.50,3000000.0,3.0,2000000.0,2.0,10000000.0,10.0,50000000000.0,50.0,globalcritic,STARS-GC,learned,91457,selected,980000,64,64,load_x1p50_globalcritic_seed91457_selected_seedbase980000,/home/sgy/workspace/sagin_marl_phase4_learning_ablation/runs/phase4_learning_ablation/3uav20gu_t250/formal_parameter_sweeps_20260714_full/configs/load/x1p50/structured_joint_mcgae_3uav20gu_t250_global_only_critic.yaml,/home/sgy/workspace/sagin_marl_phase4_learning_ablation/runs/phase4_learning_ablation/3uav20gu_t250/global_only_critic/seed91457_20260712_124615_bootstrapgae_nocompile/best_checkpoint.pt,,/home/sgy/workspace/sagin_marl_phase4_learning_ablation/runs/phase4_learning_ablation/3uav20gu_t250/formal_parameter_sweeps_20260714_full/results/load/x1p50/learned/globalcritic/seed91457/selected/seedbase980000,33.80832522845594,0.5207717175027747,0.4409073095239459,7.809145492239462,20.678339410400806,468548740.5764854,0.0625,0.7808032730231471,240.3125,60000021.96108451,0.5220058813337014
load,5,1.50,3000000.0,3.0,2000000.0,2.0,10000000.0,10.0,50000000000.0,50.0,globalcritic,STARS-GC,learned,91457,selected,981000,64,64,load_x1p50_globalcritic_seed91457_selected_seedbase981000,/home/sgy/workspace/sagin_marl_phase4_learning_ablation/runs/phase4_learning_ablation/3uav20gu_t250/formal_parameter_sweeps_20260714_full/configs/load/x1p50/structured_joint_mcgae_3uav20gu_t250_global_only_critic.yaml,/home/sgy/workspace/sagin_marl_phase4_learning_ablation/runs/phase4_learning_ablation/3uav20gu_t250/global_only_critic/seed91457_20260712_124615_bootstrapgae_nocompile/best_checkpoint.pt,,/home/sgy/workspace/sagin_marl_phase4_learning_ablation/runs/phase4_learning_ablation/3uav20gu_t250/formal_parameter_sweeps_20260714_full/results/load/x1p50/learned/globalcritic/seed91457/selected/seedbase981000,33.6995199212688,0.5264065360676128,0.42514894985770607,7.569147539444756,19.502766037769042,454148863.25219643,0.078125,0.7903660986327835,239.234375,59999862.97636726,0.5276677806852087
load,5,1.50,3000000.0,3.0,2000000.0,2.0,10000000.0,10.0,50000000000.0,50.0,globalcritic,STARS-GC,learned,91457,selected,982000,64,64,load_x1p50_globalcritic_seed91457_selected_seedbase982000,/home/sgy/workspace/sagin_marl_phase4_learning_ablation/runs/phase4_learning_ablation/3uav20gu_t250/formal_parameter_sweeps_20260714_full/configs/load/x1p50/structured_joint_mcgae_3uav20gu_t250_global_only_critic.yaml,/home/sgy/workspace/sagin_marl_phase4_learning_ablation/runs/phase4_learning_ablation/3uav20gu_t250/global_only_critic/seed91457_20260712_124615_bootstrapgae_nocompile/best_checkpoint.pt,,/home/sgy/workspace/sagin_marl_phase4_learning_ablation/runs/phase4_learning_ablation/3uav20gu_t250/formal_parameter_sweeps_20260714_full/results/load/x1p50/learned/globalcritic/seed91457/selected/seedbase982000,35.16722776927054,0.5265522970842323,0.4357181991059021,7.953207332453096,21.16102360781741,477192451.3150285,0.046875,0.782165777531408,246.328125,60000048.01366298,0.5278316038763144
load,5,1.50,3000000.0,3.0,2000000.0,2.0,10000000.0,10.0,50000000000.0,50.0,cluster_center_queue_aware,QCCS,fixed,,fixed,980000,64,64,load_x1p50_cluster_center_queue_aware_fixed_seedbase980000,/home/sgy/workspace/sagin_marl_phase4_learning_ablation/runs/phase4_learning_ablation/3uav20gu_t250/formal_parameter_sweeps_20260714_full/configs/load/x1p50/structured_joint_mcgae_3uav20gu_t250_relational_critic.yaml,,cluster_center_queue_aware,/home/sgy/workspace/sagin_marl_phase4_learning_ablation/runs/phase4_learning_ablation/3uav20gu_t250/formal_parameter_sweeps_20260714_full/results/load/x1p50/fixed/cluster_center_queue_aware/seedbase980000,40.96605963271577,0.7182210066977425,0.2479881107948091,7.1912670856639735,11.800335357749837,431476035.4998749,0.0,0.7595729233901952,250.0,60000030.589999996,0.7286541325028133
load,5,1.50,3000000.0,3.0,2000000.0,2.0,10000000.0,10.0,50000000000.0,50.0,cluster_center_queue_aware,QCCS,fixed,,fixed,981000,64,64,load_x1p50_cluster_center_queue_aware_fixed_seedbase981000,/home/sgy/workspace/sagin_marl_phase4_learning_ablation/runs/phase4_learning_ablation/3uav20gu_t250/formal_parameter_sweeps_20260714_full/configs/load/x1p50/structured_joint_mcgae_3uav20gu_t250_relational_critic.yaml,,cluster_center_queue_aware,/home/sgy/workspace/sagin_marl_phase4_learning_ablation/runs/phase4_learning_ablation/3uav20gu_t250/formal_parameter_sweeps_20260714_full/results/load/x1p50/fixed/cluster_center_queue_aware/seedbase981000,41.31477397901472,0.716589185405057,0.24733072496635736,6.876339955489152,11.318480266216211,412580407.1173749,0.015625,0.7511875069011008,246.875,59999955.05,0.7264672311324004
load,5,1.50,3000000.0,3.0,2000000.0,2.0,10000000.0,10.0,50000000000.0,50.0,cluster_center_queue_aware,QCCS,fixed,,fixed,982000,64,64,load_x1p50_cluster_center_queue_aware_fixed_seedbase982000,/home/sgy/workspace/sagin_marl_phase4_learning_ablation/runs/phase4_learning_ablation/3uav20gu_t250/formal_parameter_sweeps_20260714_full/configs/load/x1p50/structured_joint_mcgae_3uav20gu_t250_relational_critic.yaml,,cluster_center_queue_aware,/home/sgy/workspace/sagin_marl_phase4_learning_ablation/runs/phase4_learning_ablation/3uav20gu_t250/formal_parameter_sweeps_20260714_full/results/load/x1p50/fixed/cluster_center_queue_aware/seedbase982000,41.21583529992495,0.7254176926086655,0.24014333859564357,7.205311702893118,11.483009910355323,432318712.25562525,0.0,0.7747395896930251,250.0,60000052.73,0.735948545895642
load,5,1.50,3000000.0,3.0,2000000.0,2.0,10000000.0,10.0,50000000000.0,50.0,maxweight_lyapunov,Lyapunov,fixed,,fixed,980000,64,64,load_x1p50_maxweight_lyapunov_fixed_seedbase980000,/home/sgy/workspace/sagin_marl_phase4_learning_ablation/runs/phase4_learning_ablation/3uav20gu_t250/formal_parameter_sweeps_20260714_full/configs/load/x1p50/structured_joint_mcgae_3uav20gu_t250_relational_critic.yaml,,maxweight_lyapunov,/home/sgy/workspace/sagin_marl_phase4_learning_ablation/runs/phase4_learning_ablation/3uav20gu_t250/formal_parameter_sweeps_20260714_full/results/load/x1p50/fixed/maxweight_lyapunov/seedbase980000,38.716219194117,0.6666824877574107,0.29795726664713235,7.979120727915319,13.92496258287877,478747254.9501249,0.0,0.9639479186646642,250.0,60000030.589999996,0.6743157501732654
load,5,1.50,3000000.0,3.0,2000000.0,2.0,10000000.0,10.0,50000000000.0,50.0,maxweight_lyapunov,Lyapunov,fixed,,fixed,981000,64,64,load_x1p50_maxweight_lyapunov_fixed_seedbase981000,/home/sgy/workspace/sagin_marl_phase4_learning_ablation/runs/phase4_learning_ablation/3uav20gu_t250/formal_parameter_sweeps_20260714_full/configs/load/x1p50/structured_joint_mcgae_3uav20gu_t250_relational_critic.yaml,,maxweight_lyapunov,/home/sgy/workspace/sagin_marl_phase4_learning_ablation/runs/phase4_learning_ablation/3uav20gu_t250/formal_parameter_sweeps_20260714_full/results/load/x1p50/fixed/maxweight_lyapunov/seedbase981000,39.71498664049432,0.6773504340513612,0.29044840737370897,7.543485841043295,12.734079007565043,452609161.4308748,0.0,0.962635418780148,250.0,59999952.675249994,0.6828433510953307
load,5,1.50,3000000.0,3.0,2000000.0,2.0,10000000.0,10.0,50000000000.0,50.0,maxweight_lyapunov,Lyapunov,fixed,,fixed,982000,64,64,load_x1p50_maxweight_lyapunov_fixed_seedbase982000,/home/sgy/workspace/sagin_marl_phase4_learning_ablation/runs/phase4_learning_ablation/3uav20gu_t250/formal_parameter_sweeps_20260714_full/configs/load/x1p50/structured_joint_mcgae_3uav20gu_t250_relational_critic.yaml,,maxweight_lyapunov,/home/sgy/workspace/sagin_marl_phase4_learning_ablation/runs/phase4_learning_ablation/3uav20gu_t250/formal_parameter_sweeps_20260714_full/results/load/x1p50/fixed/maxweight_lyapunov/seedbase982000,39.25846182112582,0.6795555071975106,0.2851747490428939,7.81418594118487,12.755950234331193,468851167.5836251,0.0,0.9605833355523649,250.0,60000052.73,0.6866109942539808
load,5,1.50,3000000.0,3.0,2000000.0,2.0,10000000.0,10.0,50000000000.0,50.0,queue_aware_bw,QBS,fixed,,fixed,980000,64,64,load_x1p50_queue_aware_bw_fixed_seedbase980000,/home/sgy/workspace/sagin_marl_phase4_learning_ablation/runs/phase4_learning_ablation/3uav20gu_t250/formal_parameter_sweeps_20260714_full/configs/load/x1p50/structured_joint_mcgae_3uav20gu_t250_relational_critic.yaml,,queue_aware_bw,/home/sgy/workspace/sagin_marl_phase4_learning_ablation/runs/phase4_learning_ablation/3uav20gu_t250/formal_parameter_sweeps_20260714_full/results/load/x1p50/fixed/queue_aware_bw/seedbase980000,32.051736756111495,0.3235145418520552,0.6081137857187194,13.700625371655446,47.20620717082173,822037541.669625,0.0,1.0,250.0,60000030.589999996,0.35846080495300786
load,5,1.50,3000000.0,3.0,2000000.0,2.0,10000000.0,10.0,50000000000.0,50.0,queue_aware_bw,QBS,fixed,,fixed,981000,64,64,load_x1p50_queue_aware_bw_fixed_seedbase981000,/home/sgy/workspace/sagin_marl_phase4_learning_ablation/runs/phase4_learning_ablation/3uav20gu_t250/formal_parameter_sweeps_20260714_full/configs/load/x1p50/structured_joint_mcgae_3uav20gu_t250_relational_critic.yaml,,queue_aware_bw,/home/sgy/workspace/sagin_marl_phase4_learning_ablation/runs/phase4_learning_ablation/3uav20gu_t250/formal_parameter_sweeps_20260714_full/results/load/x1p50/fixed/queue_aware_bw/seedbase981000,32.063084798515774,0.351052234691102,0.5725412066726903,12.906775144198907,39.90011673900483,774406527.0082499,0.015625,1.0,246.109375,59999814.672249995,0.3811011815706133
load,5,1.50,3000000.0,3.0,2000000.0,2.0,10000000.0,10.0,50000000000.0,50.0,queue_aware_bw,QBS,fixed,,fixed,982000,64,64,load_x1p50_queue_aware_bw_fixed_seedbase982000,/home/sgy/workspace/sagin_marl_phase4_learning_ablation/runs/phase4_learning_ablation/3uav20gu_t250/formal_parameter_sweeps_20260714_full/configs/load/x1p50/structured_joint_mcgae_3uav20gu_t250_relational_critic.yaml,,queue_aware_bw,/home/sgy/workspace/sagin_marl_phase4_learning_ablation/runs/phase4_learning_ablation/3uav20gu_t250/formal_parameter_sweeps_20260714_full/results/load/x1p50/fixed/queue_aware_bw/seedbase982000,32.74508152867202,0.35307840759400266,0.5807349332474806,13.464496216652915,41.30846782733687,807869792.467125,0.0,1.0,250.0,60000052.73,0.38232567812500556
load,5,1.50,3000000.0,3.0,2000000.0,2.0,10000000.0,10.0,50000000000.0,50.0,static_uniform,Uniform,fixed,,fixed,980000,64,64,load_x1p50_static_uniform_fixed_seedbase980000,/home/sgy/workspace/sagin_marl_phase4_learning_ablation/runs/phase4_learning_ablation/3uav20gu_t250/formal_parameter_sweeps_20260714_full/configs/load/x1p50/structured_joint_mcgae_3uav20gu_t250_relational_critic.yaml,,static_uniform,/home/sgy/workspace/sagin_marl_phase4_learning_ablation/runs/phase4_learning_ablation/3uav20gu_t250/formal_parameter_sweeps_20260714_full/results/load/x1p50/fixed/static_uniform/seedbase980000,32.369097126531415,0.3314284777238499,0.6199972715444758,10.83499809428491,42.4851492251493,650099901.059125,0.0,0.4837291771434248,250.0,60000030.589999996,0.332430102579843
load,5,1.50,3000000.0,3.0,2000000.0,2.0,10000000.0,10.0,50000000000.0,50.0,static_uniform,Uniform,fixed,,fixed,981000,64,64,load_x1p50_static_uniform_fixed_seedbase981000,/home/sgy/workspace/sagin_marl_phase4_learning_ablation/runs/phase4_learning_ablation/3uav20gu_t250/formal_parameter_sweeps_20260714_full/configs/load/x1p50/structured_joint_mcgae_3uav20gu_t250_relational_critic.yaml,,static_uniform,/home/sgy/workspace/sagin_marl_phase4_learning_ablation/runs/phase4_learning_ablation/3uav20gu_t250/formal_parameter_sweeps_20260714_full/results/load/x1p50/fixed/static_uniform/seedbase981000,32.40602405520622,0.3560333195389248,0.5877075694658712,10.165806327151136,34.95128297735937,609948393.9351248,0.015625,0.4813437604615463,246.109375,59999814.672249995,0.3566759739627126
load,5,1.50,3000000.0,3.0,2000000.0,2.0,10000000.0,10.0,50000000000.0,50.0,static_uniform,Uniform,fixed,,fixed,982000,64,64,load_x1p50_static_uniform_fixed_seedbase982000,/home/sgy/workspace/sagin_marl_phase4_learning_ablation/runs/phase4_learning_ablation/3uav20gu_t250/formal_parameter_sweeps_20260714_full/configs/load/x1p50/structured_joint_mcgae_3uav20gu_t250_relational_critic.yaml,,static_uniform,/home/sgy/workspace/sagin_marl_phase4_learning_ablation/runs/phase4_learning_ablation/3uav20gu_t250/formal_parameter_sweeps_20260714_full/results/load/x1p50/fixed/static_uniform/seedbase982000,33.12195183429867,0.3503952154444997,0.6048029224648869,10.483353048563005,35.96347799537144,629001197.5597498,0.0,0.4835625104680656,250.0,60000052.73,0.35065757181649476
load,6,1.75,3500000.0,3.5,2000000.0,2.0,10000000.0,10.0,50000000000.0,50.0,relcritic,STARS,learned,45211,selected,980000,64,64,load_x1p75_relcritic_seed45211_selected_seedbase980000,/home/sgy/workspace/sagin_marl_phase4_learning_ablation/runs/phase4_learning_ablation/3uav20gu_t250/formal_parameter_sweeps_20260714_full/configs/load/x1p75/structured_joint_mcgae_3uav20gu_t250_relational_critic.yaml,/home/sgy/workspace/sagin_marl_phase4_learning_ablation/runs/phase4_learning_ablation/3uav20gu_t250/relational_critic/seed45211_20260711_213639_bootstrapgae_nocompile/best_checkpoint.pt,,/home/sgy/workspace/sagin_marl_phase4_learning_ablation/runs/phase4_learning_ablation/3uav20gu_t250/formal_parameter_sweeps_20260714_full/results/load/x1p75/learned/relcritic/seed45211/selected/seedbase980000,41.0217518908903,0.6512566418605855,0.32225046745383035,6.420605314711106,13.217847818870094,449442355.1702499,0.0,0.5896510525792836,250.0,70000033.603,0.655065772617049
load,6,1.75,3500000.0,3.5,2000000.0,2.0,10000000.0,10.0,50000000000.0,50.0,relcritic,STARS,learned,45211,selected,981000,64,64,load_x1p75_relcritic_seed45211_selected_seedbase981000,/home/sgy/workspace/sagin_marl_phase4_learning_ablation/runs/phase4_learning_ablation/3uav20gu_t250/formal_parameter_sweeps_20260714_full/configs/load/x1p75/structured_joint_mcgae_3uav20gu_t250_relational_critic.yaml,/home/sgy/workspace/sagin_marl_phase4_learning_ablation/runs/phase4_learning_ablation/3uav20gu_t250/relational_critic/seed45211_20260711_213639_bootstrapgae_nocompile/best_checkpoint.pt,,/home/sgy/workspace/sagin_marl_phase4_learning_ablation/runs/phase4_learning_ablation/3uav20gu_t250/formal_parameter_sweeps_20260714_full/results/load/x1p75/learned/relcritic/seed45211/selected/seedbase981000,41.11615340271965,0.6444027499996592,0.3180193751431153,6.025829507524149,11.771972096219661,421808049.656125,0.015625,0.600119802519679,246.109375,69999800.22100002,0.6490496369972465
load,6,1.75,3500000.0,3.5,2000000.0,2.0,10000000.0,10.0,50000000000.0,50.0,relcritic,STARS,learned,45211,selected,982000,64,64,load_x1p75_relcritic_seed45211_selected_seedbase982000,/home/sgy/workspace/sagin_marl_phase4_learning_ablation/runs/phase4_learning_ablation/3uav20gu_t250/formal_parameter_sweeps_20260714_full/configs/load/x1p75/structured_joint_mcgae_3uav20gu_t250_relational_critic.yaml,/home/sgy/workspace/sagin_marl_phase4_learning_ablation/runs/phase4_learning_ablation/3uav20gu_t250/relational_critic/seed45211_20260711_213639_bootstrapgae_nocompile/best_checkpoint.pt,,/home/sgy/workspace/sagin_marl_phase4_learning_ablation/runs/phase4_learning_ablation/3uav20gu_t250/formal_parameter_sweeps_20260714_full/results/load/x1p75/learned/relcritic/seed45211/selected/seedbase982000,41.37823032634333,0.6607957012667321,0.31196552501385894,6.30331483303569,11.992854290444399,441232021.426375,0.0,0.5958750107502564,250.0,70000057.56099997,0.6656752692135676
load,6,1.75,3500000.0,3.5,2000000.0,2.0,10000000.0,10.0,50000000000.0,50.0,relcritic,STARS,learned,73129,selected,980000,64,64,load_x1p75_relcritic_seed73129_selected_seedbase980000,/home/sgy/workspace/sagin_marl_phase4_learning_ablation/runs/phase4_learning_ablation/3uav20gu_t250/formal_parameter_sweeps_20260714_full/configs/load/x1p75/structured_joint_mcgae_3uav20gu_t250_relational_critic.yaml,/home/sgy/workspace/sagin_marl_phase4_learning_ablation/runs/phase4_learning_ablation/3uav20gu_t250/relational_critic/seed73129_20260711_213639_bootstrapgae_nocompile/best_checkpoint.pt,,/home/sgy/workspace/sagin_marl_phase4_learning_ablation/runs/phase4_learning_ablation/3uav20gu_t250/formal_parameter_sweeps_20260714_full/results/load/x1p75/learned/relcritic/seed73129/selected/seedbase980000,40.52405131328851,0.6595229971574559,0.3128838292663419,6.264272470183833,12.237043694196027,438499056.1947174,0.015625,0.5366311260945283,246.8125,70000049.57571739,0.6613019224316261
load,6,1.75,3500000.0,3.5,2000000.0,2.0,10000000.0,10.0,50000000000.0,50.0,relcritic,STARS,learned,73129,selected,981000,64,64,load_x1p75_relcritic_seed73129_selected_seedbase981000,/home/sgy/workspace/sagin_marl_phase4_learning_ablation/runs/phase4_learning_ablation/3uav20gu_t250/formal_parameter_sweeps_20260714_full/configs/load/x1p75/structured_joint_mcgae_3uav20gu_t250_relational_critic.yaml,/home/sgy/workspace/sagin_marl_phase4_learning_ablation/runs/phase4_learning_ablation/3uav20gu_t250/relational_critic/seed73129_20260711_213639_bootstrapgae_nocompile/best_checkpoint.pt,,/home/sgy/workspace/sagin_marl_phase4_learning_ablation/runs/phase4_learning_ablation/3uav20gu_t250/formal_parameter_sweeps_20260714_full/results/load/x1p75/learned/relcritic/seed73129/selected/seedbase981000,41.823989641619846,0.6745097818596087,0.3022719171329278,5.801338292428015,10.20854481716769,406093664.96708435,0.015625,0.5373673483056614,248.015625,69999946.92452845,0.6761273428964404
load,6,1.75,3500000.0,3.5,2000000.0,2.0,10000000.0,10.0,50000000000.0,50.0,relcritic,STARS,learned,73129,selected,982000,64,64,load_x1p75_relcritic_seed73129_selected_seedbase982000,/home/sgy/workspace/sagin_marl_phase4_learning_ablation/runs/phase4_learning_ablation/3uav20gu_t250/formal_parameter_sweeps_20260714_full/configs/load/x1p75/structured_joint_mcgae_3uav20gu_t250_relational_critic.yaml,/home/sgy/workspace/sagin_marl_phase4_learning_ablation/runs/phase4_learning_ablation/3uav20gu_t250/relational_critic/seed73129_20260711_213639_bootstrapgae_nocompile/best_checkpoint.pt,,/home/sgy/workspace/sagin_marl_phase4_learning_ablation/runs/phase4_learning_ablation/3uav20gu_t250/formal_parameter_sweeps_20260714_full/results/load/x1p75/learned/relcritic/seed73129/selected/seedbase982000,41.658385458635166,0.6802139424792258,0.29608525375092537,6.0183719667922695,10.271367684002964,421286021.53249997,0.0,0.5394531372366473,250.0,70000057.56099997,0.6823256284551876
load,6,1.75,3500000.0,3.5,2000000.0,2.0,10000000.0,10.0,50000000000.0,50.0,relcritic,STARS,learned,91457,selected,980000,64,64,load_x1p75_relcritic_seed91457_selected_seedbase980000,/home/sgy/workspace/sagin_marl_phase4_learning_ablation/runs/phase4_learning_ablation/3uav20gu_t250/formal_parameter_sweeps_20260714_full/configs/load/x1p75/structured_joint_mcgae_3uav20gu_t250_relational_critic.yaml,/home/sgy/workspace/sagin_marl_phase4_learning_ablation/runs/phase4_learning_ablation/3uav20gu_t250/relational_critic/seed91457_20260712_124615_resume_u0400_bootstrapgae_nocompile/best_checkpoint.pt,,/home/sgy/workspace/sagin_marl_phase4_learning_ablation/runs/phase4_learning_ablation/3uav20gu_t250/formal_parameter_sweeps_20260714_full/results/load/x1p75/learned/relcritic/seed91457/selected/seedbase980000,40.612273225560784,0.6657935668311289,0.2991021810698766,6.731721552050568,12.722074367439172,471220490.742111,0.015625,0.6193333447650075,246.375,70000091.78927778,0.6716365422771022
load,6,1.75,3500000.0,3.5,2000000.0,2.0,10000000.0,10.0,50000000000.0,50.0,relcritic,STARS,learned,91457,selected,981000,64,64,load_x1p75_relcritic_seed91457_selected_seedbase981000,/home/sgy/workspace/sagin_marl_phase4_learning_ablation/runs/phase4_learning_ablation/3uav20gu_t250/formal_parameter_sweeps_20260714_full/configs/load/x1p75/structured_joint_mcgae_3uav20gu_t250_relational_critic.yaml,/home/sgy/workspace/sagin_marl_phase4_learning_ablation/runs/phase4_learning_ablation/3uav20gu_t250/relational_critic/seed91457_20260712_124615_resume_u0400_bootstrapgae_nocompile/best_checkpoint.pt,,/home/sgy/workspace/sagin_marl_phase4_learning_ablation/runs/phase4_learning_ablation/3uav20gu_t250/formal_parameter_sweeps_20260714_full/results/load/x1p75/learned/relcritic/seed91457/selected/seedbase981000,41.388036003685556,0.6638398339985869,0.3007230069783119,6.30454068818316,11.941798888549208,441317831.063375,0.015625,0.6223073034305125,246.109375,69999800.22100002,0.6666971558029442
load,6,1.75,3500000.0,3.5,2000000.0,2.0,10000000.0,10.0,50000000000.0,50.0,relcritic,STARS,learned,91457,selected,982000,64,64,load_x1p75_relcritic_seed91457_selected_seedbase982000,/home/sgy/workspace/sagin_marl_phase4_learning_ablation/runs/phase4_learning_ablation/3uav20gu_t250/formal_parameter_sweeps_20260714_full/configs/load/x1p75/structured_joint_mcgae_3uav20gu_t250_relational_critic.yaml,/home/sgy/workspace/sagin_marl_phase4_learning_ablation/runs/phase4_learning_ablation/3uav20gu_t250/relational_critic/seed91457_20260712_124615_resume_u0400_bootstrapgae_nocompile/best_checkpoint.pt,,/home/sgy/workspace/sagin_marl_phase4_learning_ablation/runs/phase4_learning_ablation/3uav20gu_t250/formal_parameter_sweeps_20260714_full/results/load/x1p75/learned/relcritic/seed91457/selected/seedbase982000,41.16400145064108,0.6597257039365361,0.3140290733737289,6.6794366213772465,12.364144576262683,467560545.738625,0.0,0.6035833449522033,250.0,70000057.56099997,0.662807201599728
load,6,1.75,3500000.0,3.5,2000000.0,2.0,10000000.0,10.0,50000000000.0,50.0,globalcritic,STARS-GC,learned,45211,selected,980000,64,64,load_x1p75_globalcritic_seed45211_selected_seedbase980000,/home/sgy/workspace/sagin_marl_phase4_learning_ablation/runs/phase4_learning_ablation/3uav20gu_t250/formal_parameter_sweeps_20260714_full/configs/load/x1p75/structured_joint_mcgae_3uav20gu_t250_global_only_critic.yaml,/home/sgy/workspace/sagin_marl_phase4_learning_ablation/runs/phase4_learning_ablation/3uav20gu_t250/global_only_critic/seed45211_20260712_124615_bootstrapgae_nocompile/best_checkpoint.pt,,/home/sgy/workspace/sagin_marl_phase4_learning_ablation/runs/phase4_learning_ablation/3uav20gu_t250/formal_parameter_sweeps_20260714_full/results/load/x1p75/learned/globalcritic/seed45211/selected/seedbase980000,41.23169317014981,0.6603462332123892,0.3164079423907005,5.9259417100865415,10.50005440493673,414815904.5427499,0.0,0.6834270993964746,250.0,70000033.603,0.6612796914797877
load,6,1.75,3500000.0,3.5,2000000.0,2.0,10000000.0,10.0,50000000000.0,50.0,globalcritic,STARS-GC,learned,45211,selected,981000,64,64,load_x1p75_globalcritic_seed45211_selected_seedbase981000,/home/sgy/workspace/sagin_marl_phase4_learning_ablation/runs/phase4_learning_ablation/3uav20gu_t250/formal_parameter_sweeps_20260714_full/configs/load/x1p75/structured_joint_mcgae_3uav20gu_t250_global_only_critic.yaml,/home/sgy/workspace/sagin_marl_phase4_learning_ablation/runs/phase4_learning_ablation/3uav20gu_t250/global_only_critic/seed45211_20260712_124615_bootstrapgae_nocompile/best_checkpoint.pt,,/home/sgy/workspace/sagin_marl_phase4_learning_ablation/runs/phase4_learning_ablation/3uav20gu_t250/formal_parameter_sweeps_20260714_full/results/load/x1p75/learned/globalcritic/seed45211/selected/seedbase981000,41.95838020090014,0.6578327034721149,0.31941974734437245,5.729772989654913,10.343741826822981,401084094.75062495,0.0,0.6865573085481301,250.0,69999949.338,0.6585804217584199
load,6,1.75,3500000.0,3.5,2000000.0,2.0,10000000.0,10.0,50000000000.0,50.0,globalcritic,STARS-GC,learned,45211,selected,982000,64,64,load_x1p75_globalcritic_seed45211_selected_seedbase982000,/home/sgy/workspace/sagin_marl_phase4_learning_ablation/runs/phase4_learning_ablation/3uav20gu_t250/formal_parameter_sweeps_20260714_full/configs/load/x1p75/structured_joint_mcgae_3uav20gu_t250_global_only_critic.yaml,/home/sgy/workspace/sagin_marl_phase4_learning_ablation/runs/phase4_learning_ablation/3uav20gu_t250/global_only_critic/seed45211_20260712_124615_bootstrapgae_nocompile/best_checkpoint.pt,,/home/sgy/workspace/sagin_marl_phase4_learning_ablation/runs/phase4_learning_ablation/3uav20gu_t250/formal_parameter_sweeps_20260714_full/results/load/x1p75/learned/globalcritic/seed45211/selected/seedbase982000,41.37355824257247,0.6597510969624856,0.3161019721278663,5.969055548459293,10.321024016551672,417833872.92775005,0.0,0.6893698081318291,250.0,70000057.56099997,0.6605785394288042
load,6,1.75,3500000.0,3.5,2000000.0,2.0,10000000.0,10.0,50000000000.0,50.0,globalcritic,STARS-GC,learned,73129,selected,980000,64,64,load_x1p75_globalcritic_seed73129_selected_seedbase980000,/home/sgy/workspace/sagin_marl_phase4_learning_ablation/runs/phase4_learning_ablation/3uav20gu_t250/formal_parameter_sweeps_20260714_full/configs/load/x1p75/structured_joint_mcgae_3uav20gu_t250_global_only_critic.yaml,/home/sgy/workspace/sagin_marl_phase4_learning_ablation/runs/phase4_learning_ablation/3uav20gu_t250/global_only_critic/seed73129_20260712_124615_bootstrapgae_nocompile/best_checkpoint.pt,,/home/sgy/workspace/sagin_marl_phase4_learning_ablation/runs/phase4_learning_ablation/3uav20gu_t250/formal_parameter_sweeps_20260714_full/results/load/x1p75/learned/globalcritic/seed73129/selected/seedbase980000,36.20786955382209,0.49641271458920416,0.47176565602844045,7.058895280936208,18.626496210594045,494122651.58432263,0.046875,0.9865208341367541,244.1875,70000022.34191518,0.49699713035748133
load,6,1.75,3500000.0,3.5,2000000.0,2.0,10000000.0,10.0,50000000000.0,50.0,globalcritic,STARS-GC,learned,73129,selected,981000,64,64,load_x1p75_globalcritic_seed73129_selected_seedbase981000,/home/sgy/workspace/sagin_marl_phase4_learning_ablation/runs/phase4_learning_ablation/3uav20gu_t250/formal_parameter_sweeps_20260714_full/configs/load/x1p75/structured_joint_mcgae_3uav20gu_t250_global_only_critic.yaml,/home/sgy/workspace/sagin_marl_phase4_learning_ablation/runs/phase4_learning_ablation/3uav20gu_t250/global_only_critic/seed73129_20260712_124615_bootstrapgae_nocompile/best_checkpoint.pt,,/home/sgy/workspace/sagin_marl_phase4_learning_ablation/runs/phase4_learning_ablation/3uav20gu_t250/formal_parameter_sweeps_20260714_full/results/load/x1p75/learned/globalcritic/seed73129/selected/seedbase981000,36.233507480472326,0.5010683548428745,0.461849589783955,6.782761482164091,16.14818652724166,474793286.30923414,0.03125,0.9887291673384605,243.0,69999958.92575347,0.5016469000256227
load,6,1.75,3500000.0,3.5,2000000.0,2.0,10000000.0,10.0,50000000000.0,50.0,globalcritic,STARS-GC,learned,73129,selected,982000,64,64,load_x1p75_globalcritic_seed73129_selected_seedbase982000,/home/sgy/workspace/sagin_marl_phase4_learning_ablation/runs/phase4_learning_ablation/3uav20gu_t250/formal_parameter_sweeps_20260714_full/configs/load/x1p75/structured_joint_mcgae_3uav20gu_t250_global_only_critic.yaml,/home/sgy/workspace/sagin_marl_phase4_learning_ablation/runs/phase4_learning_ablation/3uav20gu_t250/global_only_critic/seed73129_20260712_124615_bootstrapgae_nocompile/best_checkpoint.pt,,/home/sgy/workspace/sagin_marl_phase4_learning_ablation/runs/phase4_learning_ablation/3uav20gu_t250/formal_parameter_sweeps_20260714_full/results/load/x1p75/learned/globalcritic/seed73129/selected/seedbase982000,35.88551309786271,0.4901906855033856,0.4753949683095207,7.0248134426028255,17.870650902385936,491736922.85160536,0.046875,0.9876041674055157,242.0,70000091.10768974,0.4908028377661653
load,6,1.75,3500000.0,3.5,2000000.0,2.0,10000000.0,10.0,50000000000.0,50.0,globalcritic,STARS-GC,learned,91457,selected,980000,64,64,load_x1p75_globalcritic_seed91457_selected_seedbase980000,/home/sgy/workspace/sagin_marl_phase4_learning_ablation/runs/phase4_learning_ablation/3uav20gu_t250/formal_parameter_sweeps_20260714_full/configs/load/x1p75/structured_joint_mcgae_3uav20gu_t250_global_only_critic.yaml,/home/sgy/workspace/sagin_marl_phase4_learning_ablation/runs/phase4_learning_ablation/3uav20gu_t250/global_only_critic/seed91457_20260712_124615_bootstrapgae_nocompile/best_checkpoint.pt,,/home/sgy/workspace/sagin_marl_phase4_learning_ablation/runs/phase4_learning_ablation/3uav20gu_t250/formal_parameter_sweeps_20260714_full/results/load/x1p75/learned/globalcritic/seed91457/selected/seedbase980000,34.72939054330345,0.4818010919686806,0.48413922750278787,7.120354007562739,19.48469330368759,498424761.76176274,0.09375,0.7859219051018326,242.09375,70000039.33098722,0.48333463152057327
load,6,1.75,3500000.0,3.5,2000000.0,2.0,10000000.0,10.0,50000000000.0,50.0,globalcritic,STARS-GC,learned,91457,selected,981000,64,64,load_x1p75_globalcritic_seed91457_selected_seedbase981000,/home/sgy/workspace/sagin_marl_phase4_learning_ablation/runs/phase4_learning_ablation/3uav20gu_t250/formal_parameter_sweeps_20260714_full/configs/load/x1p75/structured_joint_mcgae_3uav20gu_t250_global_only_critic.yaml,/home/sgy/workspace/sagin_marl_phase4_learning_ablation/runs/phase4_learning_ablation/3uav20gu_t250/global_only_critic/seed91457_20260712_124615_bootstrapgae_nocompile/best_checkpoint.pt,,/home/sgy/workspace/sagin_marl_phase4_learning_ablation/runs/phase4_learning_ablation/3uav20gu_t250/formal_parameter_sweeps_20260714_full/results/load/x1p75/learned/globalcritic/seed91457/selected/seedbase981000,34.27398022066336,0.47534632127043586,0.4795911499393847,7.051066564019546,20.0531075102332,493574640.8853213,0.078125,0.7973164210620585,242.125,69999807.29110056,0.4766735616763323
load,6,1.75,3500000.0,3.5,2000000.0,2.0,10000000.0,10.0,50000000000.0,50.0,globalcritic,STARS-GC,learned,91457,selected,982000,64,64,load_x1p75_globalcritic_seed91457_selected_seedbase982000,/home/sgy/workspace/sagin_marl_phase4_learning_ablation/runs/phase4_learning_ablation/3uav20gu_t250/formal_parameter_sweeps_20260714_full/configs/load/x1p75/structured_joint_mcgae_3uav20gu_t250_global_only_critic.yaml,/home/sgy/workspace/sagin_marl_phase4_learning_ablation/runs/phase4_learning_ablation/3uav20gu_t250/global_only_critic/seed91457_20260712_124615_bootstrapgae_nocompile/best_checkpoint.pt,,/home/sgy/workspace/sagin_marl_phase4_learning_ablation/runs/phase4_learning_ablation/3uav20gu_t250/formal_parameter_sweeps_20260714_full/results/load/x1p75/learned/globalcritic/seed91457/selected/seedbase982000,34.37533250031993,0.4779895463999694,0.48408352783646974,7.23227615609571,20.74573106596306,506259312.0521956,0.109375,0.7843773026115768,238.234375,70000085.45066217,0.4794661801071313
load,6,1.75,3500000.0,3.5,2000000.0,2.0,10000000.0,10.0,50000000000.0,50.0,cluster_center_queue_aware,QCCS,fixed,,fixed,980000,64,64,load_x1p75_cluster_center_queue_aware_fixed_seedbase980000,/home/sgy/workspace/sagin_marl_phase4_learning_ablation/runs/phase4_learning_ablation/3uav20gu_t250/formal_parameter_sweeps_20260714_full/configs/load/x1p75/structured_joint_mcgae_3uav20gu_t250_relational_critic.yaml,,cluster_center_queue_aware,/home/sgy/workspace/sagin_marl_phase4_learning_ablation/runs/phase4_learning_ablation/3uav20gu_t250/formal_parameter_sweeps_20260714_full/results/load/x1p75/fixed/cluster_center_queue_aware/seedbase980000,40.07769275153987,0.6466592548654879,0.320615671215164,6.904126292198898,12.357465849079192,483288821.8155,0.0,0.7595729233901952,250.0,70000033.603,0.6567902776584957
load,6,1.75,3500000.0,3.5,2000000.0,2.0,10000000.0,10.0,50000000000.0,50.0,cluster_center_queue_aware,QCCS,fixed,,fixed,981000,64,64,load_x1p75_cluster_center_queue_aware_fixed_seedbase981000,/home/sgy/workspace/sagin_marl_phase4_learning_ablation/runs/phase4_learning_ablation/3uav20gu_t250/formal_parameter_sweeps_20260714_full/configs/load/x1p75/structured_joint_mcgae_3uav20gu_t250_relational_critic.yaml,,cluster_center_queue_aware,/home/sgy/workspace/sagin_marl_phase4_learning_ablation/runs/phase4_learning_ablation/3uav20gu_t250/formal_parameter_sweeps_20260714_full/results/load/x1p75/fixed/cluster_center_queue_aware/seedbase981000,40.35008061234839,0.6457597986906767,0.31911661781461814,6.606136389946567,11.920937996493652,462429529.75031275,0.015625,0.7511875069011008,246.875,69999951.91700003,0.6550636063994063
load,6,1.75,3500000.0,3.5,2000000.0,2.0,10000000.0,10.0,50000000000.0,50.0,cluster_center_queue_aware,QCCS,fixed,,fixed,982000,64,64,load_x1p75_cluster_center_queue_aware_fixed_seedbase982000,/home/sgy/workspace/sagin_marl_phase4_learning_ablation/runs/phase4_learning_ablation/3uav20gu_t250/formal_parameter_sweeps_20260714_full/configs/load/x1p75/structured_joint_mcgae_3uav20gu_t250_relational_critic.yaml,,cluster_center_queue_aware,/home/sgy/workspace/sagin_marl_phase4_learning_ablation/runs/phase4_learning_ablation/3uav20gu_t250/formal_parameter_sweeps_20260714_full/results/load/x1p75/fixed/cluster_center_queue_aware/seedbase982000,40.35104373143986,0.6509092858876102,0.3147280988779408,6.900078182090075,12.086796177364885,483005454.24212503,0.0,0.7747395896930251,250.0,70000057.56099997,0.6615144740172384
load,6,1.75,3500000.0,3.5,2000000.0,2.0,10000000.0,10.0,50000000000.0,50.0,maxweight_lyapunov,Lyapunov,fixed,,fixed,980000,64,64,load_x1p75_maxweight_lyapunov_fixed_seedbase980000,/home/sgy/workspace/sagin_marl_phase4_learning_ablation/runs/phase4_learning_ablation/3uav20gu_t250/formal_parameter_sweeps_20260714_full/configs/load/x1p75/structured_joint_mcgae_3uav20gu_t250_relational_critic.yaml,,maxweight_lyapunov,/home/sgy/workspace/sagin_marl_phase4_learning_ablation/runs/phase4_learning_ablation/3uav20gu_t250/formal_parameter_sweeps_20260714_full/results/load/x1p75/fixed/maxweight_lyapunov/seedbase980000,38.37271043937653,0.6026664063626668,0.3646067789835421,7.394465315537526,14.145943776290862,517612552.31349987,0.0,0.9592916688919064,250.0,70000033.603,0.6098705217875073
load,6,1.75,3500000.0,3.5,2000000.0,2.0,10000000.0,10.0,50000000000.0,50.0,maxweight_lyapunov,Lyapunov,fixed,,fixed,981000,64,64,load_x1p75_maxweight_lyapunov_fixed_seedbase981000,/home/sgy/workspace/sagin_marl_phase4_learning_ablation/runs/phase4_learning_ablation/3uav20gu_t250/formal_parameter_sweeps_20260714_full/configs/load/x1p75/structured_joint_mcgae_3uav20gu_t250_relational_critic.yaml,,maxweight_lyapunov,/home/sgy/workspace/sagin_marl_phase4_learning_ablation/runs/phase4_learning_ablation/3uav20gu_t250/formal_parameter_sweeps_20260714_full/results/load/x1p75/fixed/maxweight_lyapunov/seedbase981000,39.3066001010593,0.6138177050054076,0.3550337032604583,7.054793883692472,12.984984474254771,493835552.9781875,0.0,0.9581770857013762,250.0,69999949.338,0.6200351327303708
load,6,1.75,3500000.0,3.5,2000000.0,2.0,10000000.0,10.0,50000000000.0,50.0,maxweight_lyapunov,Lyapunov,fixed,,fixed,982000,64,64,load_x1p75_maxweight_lyapunov_fixed_seedbase982000,/home/sgy/workspace/sagin_marl_phase4_learning_ablation/runs/phase4_learning_ablation/3uav20gu_t250/formal_parameter_sweeps_20260714_full/configs/load/x1p75/structured_joint_mcgae_3uav20gu_t250_relational_critic.yaml,,maxweight_lyapunov,/home/sgy/workspace/sagin_marl_phase4_learning_ablation/runs/phase4_learning_ablation/3uav20gu_t250/formal_parameter_sweeps_20260714_full/results/load/x1p75/fixed/maxweight_lyapunov/seedbase982000,38.88034551346209,0.614019569193013,0.3525691323357322,7.265953082095833,13.041868497058745,508616696.33175015,0.0,0.956854169048369,250.0,70000057.56099997,0.6209678047055142
load,6,1.75,3500000.0,3.5,2000000.0,2.0,10000000.0,10.0,50000000000.0,50.0,queue_aware_bw,QBS,fixed,,fixed,980000,64,64,load_x1p75_queue_aware_bw_fixed_seedbase980000,/home/sgy/workspace/sagin_marl_phase4_learning_ablation/runs/phase4_learning_ablation/3uav20gu_t250/formal_parameter_sweeps_20260714_full/configs/load/x1p75/structured_joint_mcgae_3uav20gu_t250_relational_critic.yaml,,queue_aware_bw,/home/sgy/workspace/sagin_marl_phase4_learning_ablation/runs/phase4_learning_ablation/3uav20gu_t250/formal_parameter_sweeps_20260714_full/results/load/x1p75/fixed/queue_aware_bw/seedbase980000,31.893530045752414,0.283286734252586,0.6558582335499185,12.28012053102255,47.79268582922965,859608404.7804999,0.0,1.0,250.0,70000033.603,0.31521594131969327
load,6,1.75,3500000.0,3.5,2000000.0,2.0,10000000.0,10.0,50000000000.0,50.0,queue_aware_bw,QBS,fixed,,fixed,981000,64,64,load_x1p75_queue_aware_bw_fixed_seedbase981000,/home/sgy/workspace/sagin_marl_phase4_learning_ablation/runs/phase4_learning_ablation/3uav20gu_t250/formal_parameter_sweeps_20260714_full/configs/load/x1p75/structured_joint_mcgae_3uav20gu_t250_relational_critic.yaml,,queue_aware_bw,/home/sgy/workspace/sagin_marl_phase4_learning_ablation/runs/phase4_learning_ablation/3uav20gu_t250/formal_parameter_sweeps_20260714_full/results/load/x1p75/fixed/queue_aware_bw/seedbase981000,31.896400216966867,0.30901468847040087,0.6209782713461754,11.703810739636424,40.85998729762064,819266720.548125,0.015625,1.0,246.109375,69999800.22100002,0.3377444994074855
load,6,1.75,3500000.0,3.5,2000000.0,2.0,10000000.0,10.0,50000000000.0,50.0,queue_aware_bw,QBS,fixed,,fixed,982000,64,64,load_x1p75_queue_aware_bw_fixed_seedbase982000,/home/sgy/workspace/sagin_marl_phase4_learning_ablation/runs/phase4_learning_ablation/3uav20gu_t250/formal_parameter_sweeps_20260714_full/configs/load/x1p75/structured_joint_mcgae_3uav20gu_t250_relational_critic.yaml,,queue_aware_bw,/home/sgy/workspace/sagin_marl_phase4_learning_ablation/runs/phase4_learning_ablation/3uav20gu_t250/formal_parameter_sweeps_20260714_full/results/load/x1p75/fixed/queue_aware_bw/seedbase982000,32.57773215021007,0.3087679504174739,0.6315484162516152,12.198590228101239,42.59099907184765,853901283.2049999,0.0,1.0,250.0,70000057.56099997,0.3368331326899792
load,6,1.75,3500000.0,3.5,2000000.0,2.0,10000000.0,10.0,50000000000.0,50.0,static_uniform,Uniform,fixed,,fixed,980000,64,64,load_x1p75_static_uniform_fixed_seedbase980000,/home/sgy/workspace/sagin_marl_phase4_learning_ablation/runs/phase4_learning_ablation/3uav20gu_t250/formal_parameter_sweeps_20260714_full/configs/load/x1p75/structured_joint_mcgae_3uav20gu_t250_relational_critic.yaml,,static_uniform,/home/sgy/workspace/sagin_marl_phase4_learning_ablation/runs/phase4_learning_ablation/3uav20gu_t250/formal_parameter_sweeps_20260714_full/results/load/x1p75/fixed/static_uniform/seedbase980000,32.219135682913475,0.2915388945350424,0.6656475942033299,9.656017031501978,42.53417632763086,675921166.7032502,0.0,0.4837291771434248,250.0,70000033.603,0.2924280786152165
load,6,1.75,3500000.0,3.5,2000000.0,2.0,10000000.0,10.0,50000000000.0,50.0,static_uniform,Uniform,fixed,,fixed,981000,64,64,load_x1p75_static_uniform_fixed_seedbase981000,/home/sgy/workspace/sagin_marl_phase4_learning_ablation/runs/phase4_learning_ablation/3uav20gu_t250/formal_parameter_sweeps_20260714_full/configs/load/x1p75/structured_joint_mcgae_3uav20gu_t250_relational_critic.yaml,,static_uniform,/home/sgy/workspace/sagin_marl_phase4_learning_ablation/runs/phase4_learning_ablation/3uav20gu_t250/formal_parameter_sweeps_20260714_full/results/load/x1p75/fixed/static_uniform/seedbase981000,32.25140340637881,0.3142552082499023,0.6339772951597514,9.11299564659968,35.158303257938464,637909671.3970001,0.015625,0.4813437604615463,246.109375,69999800.22100002,0.3149135397692365
load,6,1.75,3500000.0,3.5,2000000.0,2.0,10000000.0,10.0,50000000000.0,50.0,static_uniform,Uniform,fixed,,fixed,982000,64,64,load_x1p75_static_uniform_fixed_seedbase982000,/home/sgy/workspace/sagin_marl_phase4_learning_ablation/runs/phase4_learning_ablation/3uav20gu_t250/formal_parameter_sweeps_20260714_full/configs/load/x1p75/structured_joint_mcgae_3uav20gu_t250_relational_critic.yaml,,static_uniform,/home/sgy/workspace/sagin_marl_phase4_learning_ablation/runs/phase4_learning_ablation/3uav20gu_t250/formal_parameter_sweeps_20260714_full/results/load/x1p75/fixed/static_uniform/seedbase982000,32.94963368563913,0.3088398929785472,0.6513234219053321,9.387727496244013,36.22407365054264,657140900.2714998,0.0,0.4835625104680656,250.0,70000057.56099997,0.3091665349214516
load,7,2.00,4000000.0,4.0,2000000.0,2.0,10000000.0,10.0,50000000000.0,50.0,relcritic,STARS,learned,45211,selected,980000,64,64,load_x2p00_relcritic_seed45211_selected_seedbase980000,/home/sgy/workspace/sagin_marl_phase4_learning_ablation/runs/phase4_learning_ablation/3uav20gu_t250/formal_parameter_sweeps_20260714_full/configs/load/x2p00/structured_joint_mcgae_3uav20gu_t250_relational_critic.yaml,/home/sgy/workspace/sagin_marl_phase4_learning_ablation/runs/phase4_learning_ablation/3uav20gu_t250/relational_critic/seed45211_20260711_213639_bootstrapgae_nocompile/best_checkpoint.pt,,/home/sgy/workspace/sagin_marl_phase4_learning_ablation/runs/phase4_learning_ablation/3uav20gu_t250/formal_parameter_sweeps_20260714_full/results/load/x2p00/learned/relcritic/seed45211/selected/seedbase980000,40.388036583783105,0.5853627161595506,0.3886117621951781,6.19417766392976,14.24893216620386,495534207.28000015,0.0,0.6011875110333786,250.0,80000036.14149998,0.5899239531995412
load,7,2.00,4000000.0,4.0,2000000.0,2.0,10000000.0,10.0,50000000000.0,50.0,relcritic,STARS,learned,45211,selected,981000,64,64,load_x2p00_relcritic_seed45211_selected_seedbase981000,/home/sgy/workspace/sagin_marl_phase4_learning_ablation/runs/phase4_learning_ablation/3uav20gu_t250/formal_parameter_sweeps_20260714_full/configs/load/x2p00/structured_joint_mcgae_3uav20gu_t250_relational_critic.yaml,/home/sgy/workspace/sagin_marl_phase4_learning_ablation/runs/phase4_learning_ablation/3uav20gu_t250/relational_critic/seed45211_20260711_213639_bootstrapgae_nocompile/best_checkpoint.pt,,/home/sgy/workspace/sagin_marl_phase4_learning_ablation/runs/phase4_learning_ablation/3uav20gu_t250/formal_parameter_sweeps_20260714_full/results/load/x2p00/learned/relcritic/seed45211/selected/seedbase981000,40.34931344538927,0.5792296246869953,0.38292484982739045,5.880171646522359,13.055194263562559,470413725.9012498,0.015625,0.6271041768994182,246.109375,79999786.60999998,0.5845029875217582
load,7,2.00,4000000.0,4.0,2000000.0,2.0,10000000.0,10.0,50000000000.0,50.0,relcritic,STARS,learned,45211,selected,982000,64,64,load_x2p00_relcritic_seed45211_selected_seedbase982000,/home/sgy/workspace/sagin_marl_phase4_learning_ablation/runs/phase4_learning_ablation/3uav20gu_t250/formal_parameter_sweeps_20260714_full/configs/load/x2p00/structured_joint_mcgae_3uav20gu_t250_relational_critic.yaml,/home/sgy/workspace/sagin_marl_phase4_learning_ablation/runs/phase4_learning_ablation/3uav20gu_t250/relational_critic/seed45211_20260711_213639_bootstrapgae_nocompile/best_checkpoint.pt,,/home/sgy/workspace/sagin_marl_phase4_learning_ablation/runs/phase4_learning_ablation/3uav20gu_t250/formal_parameter_sweeps_20260714_full/results/load/x2p00/learned/relcritic/seed45211/selected/seedbase982000,40.72118646092713,0.5933581777112559,0.37957259162719537,6.076137657338752,13.177803661674256,486091006.8999999,0.0,0.5972500110184773,250.0,80000061.75050001,0.5989865218819483
load,7,2.00,4000000.0,4.0,2000000.0,2.0,10000000.0,10.0,50000000000.0,50.0,relcritic,STARS,learned,73129,selected,980000,64,64,load_x2p00_relcritic_seed73129_selected_seedbase980000,/home/sgy/workspace/sagin_marl_phase4_learning_ablation/runs/phase4_learning_ablation/3uav20gu_t250/formal_parameter_sweeps_20260714_full/configs/load/x2p00/structured_joint_mcgae_3uav20gu_t250_relational_critic.yaml,/home/sgy/workspace/sagin_marl_phase4_learning_ablation/runs/phase4_learning_ablation/3uav20gu_t250/relational_critic/seed73129_20260711_213639_bootstrapgae_nocompile/best_checkpoint.pt,,/home/sgy/workspace/sagin_marl_phase4_learning_ablation/runs/phase4_learning_ablation/3uav20gu_t250/formal_parameter_sweeps_20260714_full/results/load/x2p00/learned/relcritic/seed73129/selected/seedbase980000,40.301113371620886,0.5994110174053349,0.37731191687183313,6.11091526940465,12.638255717508494,488873215.85025,0.0,0.5471250122161582,250.0,80000036.14149998,0.6015686672299153
load,7,2.00,4000000.0,4.0,2000000.0,2.0,10000000.0,10.0,50000000000.0,50.0,relcritic,STARS,learned,73129,selected,981000,64,64,load_x2p00_relcritic_seed73129_selected_seedbase981000,/home/sgy/workspace/sagin_marl_phase4_learning_ablation/runs/phase4_learning_ablation/3uav20gu_t250/formal_parameter_sweeps_20260714_full/configs/load/x2p00/structured_joint_mcgae_3uav20gu_t250_relational_critic.yaml,/home/sgy/workspace/sagin_marl_phase4_learning_ablation/runs/phase4_learning_ablation/3uav20gu_t250/relational_critic/seed73129_20260711_213639_bootstrapgae_nocompile/best_checkpoint.pt,,/home/sgy/workspace/sagin_marl_phase4_learning_ablation/runs/phase4_learning_ablation/3uav20gu_t250/formal_parameter_sweeps_20260714_full/results/load/x2p00/learned/relcritic/seed73129/selected/seedbase981000,41.29564636864234,0.6111855838517658,0.3664983622013678,5.707763618685307,10.901934195417912,456621083.86725,0.0,0.5445520959096029,250.0,79999945.9875,0.6128862469649142
load,7,2.00,4000000.0,4.0,2000000.0,2.0,10000000.0,10.0,50000000000.0,50.0,relcritic,STARS,learned,73129,selected,982000,64,64,load_x2p00_relcritic_seed73129_selected_seedbase982000,/home/sgy/workspace/sagin_marl_phase4_learning_ablation/runs/phase4_learning_ablation/3uav20gu_t250/formal_parameter_sweeps_20260714_full/configs/load/x2p00/structured_joint_mcgae_3uav20gu_t250_relational_critic.yaml,/home/sgy/workspace/sagin_marl_phase4_learning_ablation/runs/phase4_learning_ablation/3uav20gu_t250/relational_critic/seed73129_20260711_213639_bootstrapgae_nocompile/best_checkpoint.pt,,/home/sgy/workspace/sagin_marl_phase4_learning_ablation/runs/phase4_learning_ablation/3uav20gu_t250/formal_parameter_sweeps_20260714_full/results/load/x2p00/learned/relcritic/seed73129/selected/seedbase982000,40.97854030225426,0.6160235373347532,0.36043857627747994,5.8662059410121286,10.899352664593607,469296469.74775004,0.0,0.5457916791560129,250.0,80000061.75050001,0.6183807445637728
load,7,2.00,4000000.0,4.0,2000000.0,2.0,10000000.0,10.0,50000000000.0,50.0,relcritic,STARS,learned,91457,selected,980000,64,64,load_x2p00_relcritic_seed91457_selected_seedbase980000,/home/sgy/workspace/sagin_marl_phase4_learning_ablation/runs/phase4_learning_ablation/3uav20gu_t250/formal_parameter_sweeps_20260714_full/configs/load/x2p00/structured_joint_mcgae_3uav20gu_t250_relational_critic.yaml,/home/sgy/workspace/sagin_marl_phase4_learning_ablation/runs/phase4_learning_ablation/3uav20gu_t250/relational_critic/seed91457_20260712_124615_resume_u0400_bootstrapgae_nocompile/best_checkpoint.pt,,/home/sgy/workspace/sagin_marl_phase4_learning_ablation/runs/phase4_learning_ablation/3uav20gu_t250/formal_parameter_sweeps_20260714_full/results/load/x2p00/learned/relcritic/seed91457/selected/seedbase980000,39.96320457337424,0.601171892832398,0.3699462233310177,6.587337276061642,14.058981812861925,526986975.6831894,0.015625,0.6241690710283366,246.671875,80000052.45368917,0.6051527455298894
load,7,2.00,4000000.0,4.0,2000000.0,2.0,10000000.0,10.0,50000000000.0,50.0,relcritic,STARS,learned,91457,selected,981000,64,64,load_x2p00_relcritic_seed91457_selected_seedbase981000,/home/sgy/workspace/sagin_marl_phase4_learning_ablation/runs/phase4_learning_ablation/3uav20gu_t250/formal_parameter_sweeps_20260714_full/configs/load/x2p00/structured_joint_mcgae_3uav20gu_t250_relational_critic.yaml,/home/sgy/workspace/sagin_marl_phase4_learning_ablation/runs/phase4_learning_ablation/3uav20gu_t250/relational_critic/seed91457_20260712_124615_resume_u0400_bootstrapgae_nocompile/best_checkpoint.pt,,/home/sgy/workspace/sagin_marl_phase4_learning_ablation/runs/phase4_learning_ablation/3uav20gu_t250/formal_parameter_sweeps_20260714_full/results/load/x2p00/learned/relcritic/seed91457/selected/seedbase981000,40.540477265487425,0.5993459085207432,0.3641056058063189,6.268399473527447,12.95269103212282,501471951.67350006,0.015625,0.6322395944288,246.109375,79999786.60999998,0.6034327008748274
load,7,2.00,4000000.0,4.0,2000000.0,2.0,10000000.0,10.0,50000000000.0,50.0,relcritic,STARS,learned,91457,selected,982000,64,64,load_x2p00_relcritic_seed91457_selected_seedbase982000,/home/sgy/workspace/sagin_marl_phase4_learning_ablation/runs/phase4_learning_ablation/3uav20gu_t250/formal_parameter_sweeps_20260714_full/configs/load/x2p00/structured_joint_mcgae_3uav20gu_t250_relational_critic.yaml,/home/sgy/workspace/sagin_marl_phase4_learning_ablation/runs/phase4_learning_ablation/3uav20gu_t250/relational_critic/seed91457_20260712_124615_resume_u0400_bootstrapgae_nocompile/best_checkpoint.pt,,/home/sgy/workspace/sagin_marl_phase4_learning_ablation/runs/phase4_learning_ablation/3uav20gu_t250/formal_parameter_sweeps_20260714_full/results/load/x2p00/learned/relcritic/seed91457/selected/seedbase982000,40.506440833443776,0.59701525603747,0.3769946925441197,6.542217581404374,13.112600623369222,523377400.27249986,0.0,0.6156979283504189,250.0,80000061.75050001,0.6010138565435871
load,7,2.00,4000000.0,4.0,2000000.0,2.0,10000000.0,10.0,50000000000.0,50.0,globalcritic,STARS-GC,learned,45211,selected,980000,64,64,load_x2p00_globalcritic_seed45211_selected_seedbase980000,/home/sgy/workspace/sagin_marl_phase4_learning_ablation/runs/phase4_learning_ablation/3uav20gu_t250/formal_parameter_sweeps_20260714_full/configs/load/x2p00/structured_joint_mcgae_3uav20gu_t250_global_only_critic.yaml,/home/sgy/workspace/sagin_marl_phase4_learning_ablation/runs/phase4_learning_ablation/3uav20gu_t250/global_only_critic/seed45211_20260712_124615_bootstrapgae_nocompile/best_checkpoint.pt,,/home/sgy/workspace/sagin_marl_phase4_learning_ablation/runs/phase4_learning_ablation/3uav20gu_t250/formal_parameter_sweeps_20260714_full/results/load/x2p00/learned/globalcritic/seed45211/selected/seedbase980000,40.552305897697806,0.5951814506992231,0.3824508810646643,5.67782740698941,11.018789336629212,454226187.2354999,0.0,0.6728698069527744,250.0,80000036.14149998,0.5963349309346573
load,7,2.00,4000000.0,4.0,2000000.0,2.0,10000000.0,10.0,50000000000.0,50.0,globalcritic,STARS-GC,learned,45211,selected,981000,64,64,load_x2p00_globalcritic_seed45211_selected_seedbase981000,/home/sgy/workspace/sagin_marl_phase4_learning_ablation/runs/phase4_learning_ablation/3uav20gu_t250/formal_parameter_sweeps_20260714_full/configs/load/x2p00/structured_joint_mcgae_3uav20gu_t250_global_only_critic.yaml,/home/sgy/workspace/sagin_marl_phase4_learning_ablation/runs/phase4_learning_ablation/3uav20gu_t250/global_only_critic/seed45211_20260712_124615_bootstrapgae_nocompile/best_checkpoint.pt,,/home/sgy/workspace/sagin_marl_phase4_learning_ablation/runs/phase4_learning_ablation/3uav20gu_t250/formal_parameter_sweeps_20260714_full/results/load/x2p00/learned/globalcritic/seed45211/selected/seedbase981000,41.31758754281327,0.6008568617580459,0.3769999570563222,5.459687363738193,10.440304176814852,436774983.74799985,0.0,0.6779843911509958,250.0,79999945.9875,0.6017832391316373
load,7,2.00,4000000.0,4.0,2000000.0,2.0,10000000.0,10.0,50000000000.0,50.0,globalcritic,STARS-GC,learned,45211,selected,982000,64,64,load_x2p00_globalcritic_seed45211_selected_seedbase982000,/home/sgy/workspace/sagin_marl_phase4_learning_ablation/runs/phase4_learning_ablation/3uav20gu_t250/formal_parameter_sweeps_20260714_full/configs/load/x2p00/structured_joint_mcgae_3uav20gu_t250_global_only_critic.yaml,/home/sgy/workspace/sagin_marl_phase4_learning_ablation/runs/phase4_learning_ablation/3uav20gu_t250/global_only_critic/seed45211_20260712_124615_bootstrapgae_nocompile/best_checkpoint.pt,,/home/sgy/workspace/sagin_marl_phase4_learning_ablation/runs/phase4_learning_ablation/3uav20gu_t250/formal_parameter_sweeps_20260714_full/results/load/x2p00/learned/globalcritic/seed45211/selected/seedbase982000,40.15125784254633,0.5900313089769333,0.38376241064906824,5.666960015401244,10.894116104293616,453356795.7040625,0.015625,0.6772968913437798,246.71875,80000061.45000002,0.5910181304378175
load,7,2.00,4000000.0,4.0,2000000.0,2.0,10000000.0,10.0,50000000000.0,50.0,globalcritic,STARS-GC,learned,73129,selected,980000,64,64,load_x2p00_globalcritic_seed73129_selected_seedbase980000,/home/sgy/workspace/sagin_marl_phase4_learning_ablation/runs/phase4_learning_ablation/3uav20gu_t250/formal_parameter_sweeps_20260714_full/configs/load/x2p00/structured_joint_mcgae_3uav20gu_t250_global_only_critic.yaml,/home/sgy/workspace/sagin_marl_phase4_learning_ablation/runs/phase4_learning_ablation/3uav20gu_t250/global_only_critic/seed73129_20260712_124615_bootstrapgae_nocompile/best_checkpoint.pt,,/home/sgy/workspace/sagin_marl_phase4_learning_ablation/runs/phase4_learning_ablation/3uav20gu_t250/formal_parameter_sweeps_20260714_full/results/load/x2p00/learned/globalcritic/seed73129/selected/seedbase980000,36.850741337868385,0.45244582168045605,0.5219465748133894,6.526925786617612,17.867576925620355,522154057.2209312,0.015625,0.9891875006444751,248.9375,80000041.5859725,0.45312838776007736
load,7,2.00,4000000.0,4.0,2000000.0,2.0,10000000.0,10.0,50000000000.0,50.0,globalcritic,STARS-GC,learned,73129,selected,981000,64,64,load_x2p00_globalcritic_seed73129_selected_seedbase981000,/home/sgy/workspace/sagin_marl_phase4_learning_ablation/runs/phase4_learning_ablation/3uav20gu_t250/formal_parameter_sweeps_20260714_full/configs/load/x2p00/structured_joint_mcgae_3uav20gu_t250_global_only_critic.yaml,/home/sgy/workspace/sagin_marl_phase4_learning_ablation/runs/phase4_learning_ablation/3uav20gu_t250/global_only_critic/seed73129_20260712_124615_bootstrapgae_nocompile/best_checkpoint.pt,,/home/sgy/workspace/sagin_marl_phase4_learning_ablation/runs/phase4_learning_ablation/3uav20gu_t250/formal_parameter_sweeps_20260714_full/results/load/x2p00/learned/globalcritic/seed73129/selected/seedbase981000,37.306744399131276,0.45631695313169635,0.5176059368163992,6.307625737763939,15.871886631064115,504610053.44900006,0.0,0.990625000558793,250.0,79999945.9875,0.4572463084287457
load,7,2.00,4000000.0,4.0,2000000.0,2.0,10000000.0,10.0,50000000000.0,50.0,globalcritic,STARS-GC,learned,73129,selected,982000,64,64,load_x2p00_globalcritic_seed73129_selected_seedbase982000,/home/sgy/workspace/sagin_marl_phase4_learning_ablation/runs/phase4_learning_ablation/3uav20gu_t250/formal_parameter_sweeps_20260714_full/configs/load/x2p00/structured_joint_mcgae_3uav20gu_t250_global_only_critic.yaml,/home/sgy/workspace/sagin_marl_phase4_learning_ablation/runs/phase4_learning_ablation/3uav20gu_t250/global_only_critic/seed73129_20260712_124615_bootstrapgae_nocompile/best_checkpoint.pt,,/home/sgy/workspace/sagin_marl_phase4_learning_ablation/runs/phase4_learning_ablation/3uav20gu_t250/formal_parameter_sweeps_20260714_full/results/load/x2p00/learned/globalcritic/seed73129/selected/seedbase982000,35.82983104838058,0.44284155436122413,0.5242551082289371,6.481981164710687,17.13635688621019,518558487.4831482,0.0625,0.9894485996099895,241.390625,80000076.82385911,0.4436341242308567
load,7,2.00,4000000.0,4.0,2000000.0,2.0,10000000.0,10.0,50000000000.0,50.0,globalcritic,STARS-GC,learned,91457,selected,980000,64,64,load_x2p00_globalcritic_seed91457_selected_seedbase980000,/home/sgy/workspace/sagin_marl_phase4_learning_ablation/runs/phase4_learning_ablation/3uav20gu_t250/formal_parameter_sweeps_20260714_full/configs/load/x2p00/structured_joint_mcgae_3uav20gu_t250_global_only_critic.yaml,/home/sgy/workspace/sagin_marl_phase4_learning_ablation/runs/phase4_learning_ablation/3uav20gu_t250/global_only_critic/seed91457_20260712_124615_bootstrapgae_nocompile/best_checkpoint.pt,,/home/sgy/workspace/sagin_marl_phase4_learning_ablation/runs/phase4_learning_ablation/3uav20gu_t250/formal_parameter_sweeps_20260714_full/results/load/x2p00/learned/globalcritic/seed91457/selected/seedbase980000,33.8947632170748,0.43356662040104754,0.5314518078671232,6.642772490247891,20.647451751292113,531421792.9740453,0.125,0.7866459193804672,234.671875,80000013.96217322,0.43543956152672203
load,7,2.00,4000000.0,4.0,2000000.0,2.0,10000000.0,10.0,50000000000.0,50.0,globalcritic,STARS-GC,learned,91457,selected,981000,64,64,load_x2p00_globalcritic_seed91457_selected_seedbase981000,/home/sgy/workspace/sagin_marl_phase4_learning_ablation/runs/phase4_learning_ablation/3uav20gu_t250/formal_parameter_sweeps_20260714_full/configs/load/x2p00/structured_joint_mcgae_3uav20gu_t250_global_only_critic.yaml,/home/sgy/workspace/sagin_marl_phase4_learning_ablation/runs/phase4_learning_ablation/3uav20gu_t250/global_only_critic/seed91457_20260712_124615_bootstrapgae_nocompile/best_checkpoint.pt,,/home/sgy/workspace/sagin_marl_phase4_learning_ablation/runs/phase4_learning_ablation/3uav20gu_t250/formal_parameter_sweeps_20260714_full/results/load/x2p00/learned/globalcritic/seed91457/selected/seedbase981000,34.86697259353241,0.44299466841879387,0.5147130129726057,6.403338666023397,19.621570911741216,512267087.2703382,0.046875,0.7920100559178435,242.5625,79999789.4209014,0.4451118863426078
load,7,2.00,4000000.0,4.0,2000000.0,2.0,10000000.0,10.0,50000000000.0,50.0,globalcritic,STARS-GC,learned,91457,selected,982000,64,64,load_x2p00_globalcritic_seed91457_selected_seedbase982000,/home/sgy/workspace/sagin_marl_phase4_learning_ablation/runs/phase4_learning_ablation/3uav20gu_t250/formal_parameter_sweeps_20260714_full/configs/load/x2p00/structured_joint_mcgae_3uav20gu_t250_global_only_critic.yaml,/home/sgy/workspace/sagin_marl_phase4_learning_ablation/runs/phase4_learning_ablation/3uav20gu_t250/global_only_critic/seed91457_20260712_124615_bootstrapgae_nocompile/best_checkpoint.pt,,/home/sgy/workspace/sagin_marl_phase4_learning_ablation/runs/phase4_learning_ablation/3uav20gu_t250/formal_parameter_sweeps_20260714_full/results/load/x2p00/learned/globalcritic/seed91457/selected/seedbase982000,35.46096012159251,0.43783534469473856,0.5311208148820975,6.792484295298521,21.36103410293637,543398737.3888044,0.0625,0.7885798471547665,244.890625,80000054.30824788,0.4397253738077757
load,7,2.00,4000000.0,4.0,2000000.0,2.0,10000000.0,10.0,50000000000.0,50.0,cluster_center_queue_aware,QCCS,fixed,,fixed,980000,64,64,load_x2p00_cluster_center_queue_aware_fixed_seedbase980000,/home/sgy/workspace/sagin_marl_phase4_learning_ablation/runs/phase4_learning_ablation/3uav20gu_t250/formal_parameter_sweeps_20260714_full/configs/load/x2p00/structured_joint_mcgae_3uav20gu_t250_relational_critic.yaml,,cluster_center_queue_aware,/home/sgy/workspace/sagin_marl_phase4_learning_ablation/runs/phase4_learning_ablation/3uav20gu_t250/formal_parameter_sweeps_20260714_full/results/load/x2p00/fixed/cluster_center_queue_aware/seedbase980000,39.57245747058187,0.585807017946383,0.38308355634644714,6.5127315137572594,12.69629203955829,521018514.94275016,0.0,0.7595729233901952,250.0,80000036.14149998,0.5957576028669453
load,7,2.00,4000000.0,4.0,2000000.0,2.0,10000000.0,10.0,50000000000.0,50.0,cluster_center_queue_aware,QCCS,fixed,,fixed,981000,64,64,load_x2p00_cluster_center_queue_aware_fixed_seedbase981000,/home/sgy/workspace/sagin_marl_phase4_learning_ablation/runs/phase4_learning_ablation/3uav20gu_t250/formal_parameter_sweeps_20260714_full/configs/load/x2p00/structured_joint_mcgae_3uav20gu_t250_relational_critic.yaml,,cluster_center_queue_aware,/home/sgy/workspace/sagin_marl_phase4_learning_ablation/runs/phase4_learning_ablation/3uav20gu_t250/formal_parameter_sweeps_20260714_full/results/load/x2p00/fixed/cluster_center_queue_aware/seedbase981000,39.75792623322923,0.5853061281722038,0.3812323929286872,6.225849834689871,12.286522778019311,498067980.93499994,0.015625,0.7511875069011008,246.875,79999948.7375,0.5940381929928892
load,7,2.00,4000000.0,4.0,2000000.0,2.0,10000000.0,10.0,50000000000.0,50.0,cluster_center_queue_aware,QCCS,fixed,,fixed,982000,64,64,load_x2p00_cluster_center_queue_aware_fixed_seedbase982000,/home/sgy/workspace/sagin_marl_phase4_learning_ablation/runs/phase4_learning_ablation/3uav20gu_t250/formal_parameter_sweeps_20260714_full/configs/load/x2p00/structured_joint_mcgae_3uav20gu_t250_relational_critic.yaml,,cluster_center_queue_aware,/home/sgy/workspace/sagin_marl_phase4_learning_ablation/runs/phase4_learning_ablation/3uav20gu_t250/formal_parameter_sweeps_20260714_full/results/load/x2p00/fixed/cluster_center_queue_aware/seedbase982000,39.858640082296915,0.589285154561978,0.3779689133808001,6.462614749217406,12.378867350779469,517009173.96449995,0.0,0.7747395896930251,250.0,80000061.75050001,0.5992186412745619
load,7,2.00,4000000.0,4.0,2000000.0,2.0,10000000.0,10.0,50000000000.0,50.0,maxweight_lyapunov,Lyapunov,fixed,,fixed,980000,64,64,load_x2p00_maxweight_lyapunov_fixed_seedbase980000,/home/sgy/workspace/sagin_marl_phase4_learning_ablation/runs/phase4_learning_ablation/3uav20gu_t250/formal_parameter_sweeps_20260714_full/configs/load/x2p00/structured_joint_mcgae_3uav20gu_t250_relational_critic.yaml,,maxweight_lyapunov,/home/sgy/workspace/sagin_marl_phase4_learning_ablation/runs/phase4_learning_ablation/3uav20gu_t250/formal_parameter_sweeps_20260714_full/results/load/x2p00/fixed/maxweight_lyapunov/seedbase980000,38.18879537296016,0.5483327086719219,0.421513954457918,6.829292048508301,14.250709983460608,546343357.5305,0.0,0.9558750024028123,250.0,80000036.14149998,0.555096470602285
load,7,2.00,4000000.0,4.0,2000000.0,2.0,10000000.0,10.0,50000000000.0,50.0,maxweight_lyapunov,Lyapunov,fixed,,fixed,981000,64,64,load_x2p00_maxweight_lyapunov_fixed_seedbase981000,/home/sgy/workspace/sagin_marl_phase4_learning_ablation/runs/phase4_learning_ablation/3uav20gu_t250/formal_parameter_sweeps_20260714_full/configs/load/x2p00/structured_joint_mcgae_3uav20gu_t250_relational_critic.yaml,,maxweight_lyapunov,/home/sgy/workspace/sagin_marl_phase4_learning_ablation/runs/phase4_learning_ablation/3uav20gu_t250/formal_parameter_sweeps_20260714_full/results/load/x2p00/fixed/maxweight_lyapunov/seedbase981000,39.002279639593326,0.5576579061532394,0.412612944893626,6.555992642503232,13.258880803579462,524479405.44799995,0.0,0.9559270858056842,250.0,79999945.9875,0.5642590638256374
load,7,2.00,4000000.0,4.0,2000000.0,2.0,10000000.0,10.0,50000000000.0,50.0,maxweight_lyapunov,Lyapunov,fixed,,fixed,982000,64,64,load_x2p00_maxweight_lyapunov_fixed_seedbase982000,/home/sgy/workspace/sagin_marl_phase4_learning_ablation/runs/phase4_learning_ablation/3uav20gu_t250/formal_parameter_sweeps_20260714_full/configs/load/x2p00/structured_joint_mcgae_3uav20gu_t250_relational_critic.yaml,,maxweight_lyapunov,/home/sgy/workspace/sagin_marl_phase4_learning_ablation/runs/phase4_learning_ablation/3uav20gu_t250/formal_parameter_sweeps_20260714_full/results/load/x2p00/fixed/maxweight_lyapunov/seedbase982000,38.6373808569042,0.5599081213921308,0.4091215494182228,6.725556495964529,13.17756803718582,538044513.28925,0.0,0.9538020858727393,250.0,80000061.75050001,0.5663487935105254
load,7,2.00,4000000.0,4.0,2000000.0,2.0,10000000.0,10.0,50000000000.0,50.0,queue_aware_bw,QBS,fixed,,fixed,980000,64,64,load_x2p00_queue_aware_bw_fixed_seedbase980000,/home/sgy/workspace/sagin_marl_phase4_learning_ablation/runs/phase4_learning_ablation/3uav20gu_t250/formal_parameter_sweeps_20260714_full/configs/load/x2p00/structured_joint_mcgae_3uav20gu_t250_relational_critic.yaml,,queue_aware_bw,/home/sgy/workspace/sagin_marl_phase4_learning_ablation/runs/phase4_learning_ablation/3uav20gu_t250/formal_parameter_sweeps_20260714_full/results/load/x2p00/fixed/queue_aware_bw/seedbase980000,31.772351910243742,0.25193214622710364,0.6933995578644059,11.091961407836529,48.34915986979754,887356902.3237503,0.0,1.0,250.0,80000036.14149998,0.28099276761961417
load,7,2.00,4000000.0,4.0,2000000.0,2.0,10000000.0,10.0,50000000000.0,50.0,queue_aware_bw,QBS,fixed,,fixed,981000,64,64,load_x2p00_queue_aware_bw_fixed_seedbase981000,/home/sgy/workspace/sagin_marl_phase4_learning_ablation/runs/phase4_learning_ablation/3uav20gu_t250/formal_parameter_sweeps_20260714_full/configs/load/x2p00/structured_joint_mcgae_3uav20gu_t250_relational_critic.yaml,,queue_aware_bw,/home/sgy/workspace/sagin_marl_phase4_learning_ablation/runs/phase4_learning_ablation/3uav20gu_t250/formal_parameter_sweeps_20260714_full/results/load/x2p00/fixed/queue_aware_bw/seedbase981000,31.775527380756103,0.27600020195124675,0.6592636576773198,10.696913614876573,41.62110264542325,855753079.3627502,0.015625,1.0,246.109375,79999786.60999998,0.30297139173846305
load,7,2.00,4000000.0,4.0,2000000.0,2.0,10000000.0,10.0,50000000000.0,50.0,queue_aware_bw,QBS,fixed,,fixed,982000,64,64,load_x2p00_queue_aware_bw_fixed_seedbase982000,/home/sgy/workspace/sagin_marl_phase4_learning_ablation/runs/phase4_learning_ablation/3uav20gu_t250/formal_parameter_sweeps_20260714_full/configs/load/x2p00/structured_joint_mcgae_3uav20gu_t250_relational_critic.yaml,,queue_aware_bw,/home/sgy/workspace/sagin_marl_phase4_learning_ablation/runs/phase4_learning_ablation/3uav20gu_t250/formal_parameter_sweeps_20260714_full/results/load/x2p00/fixed/queue_aware_bw/seedbase982000,32.440286703873426,0.2740232390656601,0.6717520586569252,11.139551190998407,43.62868336900325,891164084.6937499,0.0,1.0,250.0,80000061.75050001,0.3004859153997151
load,7,2.00,4000000.0,4.0,2000000.0,2.0,10000000.0,10.0,50000000000.0,50.0,static_uniform,Uniform,fixed,,fixed,980000,64,64,load_x2p00_static_uniform_fixed_seedbase980000,/home/sgy/workspace/sagin_marl_phase4_learning_ablation/runs/phase4_learning_ablation/3uav20gu_t250/formal_parameter_sweeps_20260714_full/configs/load/x2p00/structured_joint_mcgae_3uav20gu_t250_relational_critic.yaml,,static_uniform,/home/sgy/workspace/sagin_marl_phase4_learning_ablation/runs/phase4_learning_ablation/3uav20gu_t250/formal_parameter_sweeps_20260714_full/results/load/x2p00/fixed/static_uniform/seedbase980000,32.10637606668752,0.2604079800122417,0.7011986933090447,8.709500242551785,42.52663070941343,696760010.89175,0.0,0.4837291771434248,250.0,80000036.14149998,0.2612325138424436
load,7,2.00,4000000.0,4.0,2000000.0,2.0,10000000.0,10.0,50000000000.0,50.0,static_uniform,Uniform,fixed,,fixed,981000,64,64,load_x2p00_static_uniform_fixed_seedbase981000,/home/sgy/workspace/sagin_marl_phase4_learning_ablation/runs/phase4_learning_ablation/3uav20gu_t250/formal_parameter_sweeps_20260714_full/configs/load/x2p00/structured_joint_mcgae_3uav20gu_t250_relational_critic.yaml,,static_uniform,/home/sgy/workspace/sagin_marl_phase4_learning_ablation/runs/phase4_learning_ablation/3uav20gu_t250/formal_parameter_sweeps_20260714_full/results/load/x2p00/fixed/static_uniform/seedbase981000,32.131832479150034,0.2815038376739249,0.6703581132872797,8.260916082348675,35.3567375039123,660873278.4062498,0.015625,0.4813437604615463,246.109375,79999786.60999998,0.282145470733757
load,7,2.00,4000000.0,4.0,2000000.0,2.0,10000000.0,10.0,50000000000.0,50.0,static_uniform,Uniform,fixed,,fixed,982000,64,64,load_x2p00_static_uniform_fixed_seedbase982000,/home/sgy/workspace/sagin_marl_phase4_learning_ablation/runs/phase4_learning_ablation/3uav20gu_t250/formal_parameter_sweeps_20260714_full/configs/load/x2p00/structured_joint_mcgae_3uav20gu_t250_relational_critic.yaml,,static_uniform,/home/sgy/workspace/sagin_marl_phase4_learning_ablation/runs/phase4_learning_ablation/3uav20gu_t250/formal_parameter_sweeps_20260714_full/results/load/x2p00/fixed/static_uniform/seedbase982000,32.8204044442391,0.2763458199091255,0.687670137046823,8.510846512991932,36.4885704580024,680867713.3492498,0.0,0.4835625104680656,250.0,80000061.75050001,0.2767034787911275
resource,1,0.50,2000000.0,2.0,1000000.0,1.0,5000000.0,5.0,25000000000.0,25.0,relcritic,STARS,learned,45211,selected,980000,64,64,resource_x0p50_relcritic_seed45211_selected_seedbase980000,/home/sgy/workspace/sagin_marl_phase4_learning_ablation/runs/phase4_learning_ablation/3uav20gu_t250/formal_parameter_sweeps_20260714_full/configs/resource/x0p50/structured_joint_mcgae_3uav20gu_t250_relational_critic.yaml,/home/sgy/workspace/sagin_marl_phase4_learning_ablation/runs/phase4_learning_ablation/3uav20gu_t250/relational_critic/seed45211_20260711_213639_bootstrapgae_nocompile/best_checkpoint.pt,,/home/sgy/workspace/sagin_marl_phase4_learning_ablation/runs/phase4_learning_ablation/3uav20gu_t250/formal_parameter_sweeps_20260714_full/results/resource/x0p50/learned/relcritic/seed45211/selected/seedbase980000,36.56642982154153,0.6100614417432807,0.340513944600064,11.612745478777214,26.58430202327296,464558249.3719999,0.0,0.588546887385659,250.0,40000025.838750005,0.6128114860446331
resource,1,0.50,2000000.0,2.0,1000000.0,1.0,5000000.0,5.0,25000000000.0,25.0,relcritic,STARS,learned,45211,selected,981000,64,64,resource_x0p50_relcritic_seed45211_selected_seedbase981000,/home/sgy/workspace/sagin_marl_phase4_learning_ablation/runs/phase4_learning_ablation/3uav20gu_t250/formal_parameter_sweeps_20260714_full/configs/resource/x0p50/structured_joint_mcgae_3uav20gu_t250_relational_critic.yaml,/home/sgy/workspace/sagin_marl_phase4_learning_ablation/runs/phase4_learning_ablation/3uav20gu_t250/relational_critic/seed45211_20260711_213639_bootstrapgae_nocompile/best_checkpoint.pt,,/home/sgy/workspace/sagin_marl_phase4_learning_ablation/runs/phase4_learning_ablation/3uav20gu_t250/formal_parameter_sweeps_20260714_full/results/resource/x0p50/learned/relcritic/seed45211/selected/seedbase981000,36.713632906321436,0.6206516853244975,0.32140380987026257,10.833882024453956,23.052262566048658,433420883.7933125,0.015625,0.6030416789399461,246.109375,39999849.411,0.6238369060331863
resource,1,0.50,2000000.0,2.0,1000000.0,1.0,5000000.0,5.0,25000000000.0,25.0,relcritic,STARS,learned,45211,selected,982000,64,64,resource_x0p50_relcritic_seed45211_selected_seedbase982000,/home/sgy/workspace/sagin_marl_phase4_learning_ablation/runs/phase4_learning_ablation/3uav20gu_t250/formal_parameter_sweeps_20260714_full/configs/resource/x0p50/structured_joint_mcgae_3uav20gu_t250_relational_critic.yaml,/home/sgy/workspace/sagin_marl_phase4_learning_ablation/runs/phase4_learning_ablation/3uav20gu_t250/relational_critic/seed45211_20260711_213639_bootstrapgae_nocompile/best_checkpoint.pt,,/home/sgy/workspace/sagin_marl_phase4_learning_ablation/runs/phase4_learning_ablation/3uav20gu_t250/formal_parameter_sweeps_20260714_full/results/resource/x0p50/learned/relcritic/seed45211/selected/seedbase982000,37.020337785361335,0.6336168215444776,0.31872907263477107,11.235622916826978,23.258706235244873,449478338.15975,0.0,0.5869375126315279,250.0,40000043.900750004,0.6371309534279866
resource,1,0.50,2000000.0,2.0,1000000.0,1.0,5000000.0,5.0,25000000000.0,25.0,relcritic,STARS,learned,73129,selected,980000,64,64,resource_x0p50_relcritic_seed73129_selected_seedbase980000,/home/sgy/workspace/sagin_marl_phase4_learning_ablation/runs/phase4_learning_ablation/3uav20gu_t250/formal_parameter_sweeps_20260714_full/configs/resource/x0p50/structured_joint_mcgae_3uav20gu_t250_relational_critic.yaml,/home/sgy/workspace/sagin_marl_phase4_learning_ablation/runs/phase4_learning_ablation/3uav20gu_t250/relational_critic/seed73129_20260711_213639_bootstrapgae_nocompile/best_checkpoint.pt,,/home/sgy/workspace/sagin_marl_phase4_learning_ablation/runs/phase4_learning_ablation/3uav20gu_t250/formal_parameter_sweeps_20260714_full/results/resource/x0p50/learned/relcritic/seed73129/selected/seedbase980000,36.67916975566186,0.629391480365302,0.322046421392224,11.289245571969078,21.92562872565165,451573396.76325,0.0,0.509963554514572,250.0,40000025.838750005,0.632970270053001
resource,1,0.50,2000000.0,2.0,1000000.0,1.0,5000000.0,5.0,25000000000.0,25.0,relcritic,STARS,learned,73129,selected,981000,64,64,resource_x0p50_relcritic_seed73129_selected_seedbase981000,/home/sgy/workspace/sagin_marl_phase4_learning_ablation/runs/phase4_learning_ablation/3uav20gu_t250/formal_parameter_sweeps_20260714_full/configs/resource/x0p50/structured_joint_mcgae_3uav20gu_t250_relational_critic.yaml,/home/sgy/workspace/sagin_marl_phase4_learning_ablation/runs/phase4_learning_ablation/3uav20gu_t250/relational_critic/seed73129_20260711_213639_bootstrapgae_nocompile/best_checkpoint.pt,,/home/sgy/workspace/sagin_marl_phase4_learning_ablation/runs/phase4_learning_ablation/3uav20gu_t250/formal_parameter_sweeps_20260714_full/results/resource/x0p50/learned/relcritic/seed73129/selected/seedbase981000,37.35819234140217,0.6423846618758982,0.3120132967244668,10.597988030578936,18.87065907043219,423923053.2003752,0.0,0.5205000126948581,250.0,39999962.112749994,0.6463104313603049
resource,1,0.50,2000000.0,2.0,1000000.0,1.0,5000000.0,5.0,25000000000.0,25.0,relcritic,STARS,learned,73129,selected,982000,64,64,resource_x0p50_relcritic_seed73129_selected_seedbase982000,/home/sgy/workspace/sagin_marl_phase4_learning_ablation/runs/phase4_learning_ablation/3uav20gu_t250/formal_parameter_sweeps_20260714_full/configs/resource/x0p50/structured_joint_mcgae_3uav20gu_t250_relational_critic.yaml,/home/sgy/workspace/sagin_marl_phase4_learning_ablation/runs/phase4_learning_ablation/3uav20gu_t250/relational_critic/seed73129_20260711_213639_bootstrapgae_nocompile/best_checkpoint.pt,,/home/sgy/workspace/sagin_marl_phase4_learning_ablation/runs/phase4_learning_ablation/3uav20gu_t250/formal_parameter_sweeps_20260714_full/results/resource/x0p50/learned/relcritic/seed73129/selected/seedbase982000,37.08615372469649,0.6485417429632507,0.30614918419730697,10.833887762652713,18.82544945588335,433359301.65881234,0.0,0.5084270957261324,250.0,40000043.900750004,0.6519856562788624
resource,1,0.50,2000000.0,2.0,1000000.0,1.0,5000000.0,5.0,25000000000.0,25.0,relcritic,STARS,learned,91457,selected,980000,64,64,resource_x0p50_relcritic_seed91457_selected_seedbase980000,/home/sgy/workspace/sagin_marl_phase4_learning_ablation/runs/phase4_learning_ablation/3uav20gu_t250/formal_parameter_sweeps_20260714_full/configs/resource/x0p50/structured_joint_mcgae_3uav20gu_t250_relational_critic.yaml,/home/sgy/workspace/sagin_marl_phase4_learning_ablation/runs/phase4_learning_ablation/3uav20gu_t250/relational_critic/seed91457_20260712_124615_resume_u0400_bootstrapgae_nocompile/best_checkpoint.pt,,/home/sgy/workspace/sagin_marl_phase4_learning_ablation/runs/phase4_learning_ablation/3uav20gu_t250/formal_parameter_sweeps_20260714_full/results/resource/x0p50/learned/relcritic/seed91457/selected/seedbase980000,36.671120056300424,0.623136230125092,0.3238576948769964,11.881158560087902,24.181662081025543,476228700.0236251,0.0,0.7588385501569135,250.0,40000025.838750005,0.6297508304719848
resource,1,0.50,2000000.0,2.0,1000000.0,1.0,5000000.0,5.0,25000000000.0,25.0,relcritic,STARS,learned,91457,selected,981000,64,64,resource_x0p50_relcritic_seed91457_selected_seedbase981000,/home/sgy/workspace/sagin_marl_phase4_learning_ablation/runs/phase4_learning_ablation/3uav20gu_t250/formal_parameter_sweeps_20260714_full/configs/resource/x0p50/structured_joint_mcgae_3uav20gu_t250_relational_critic.yaml,/home/sgy/workspace/sagin_marl_phase4_learning_ablation/runs/phase4_learning_ablation/3uav20gu_t250/relational_critic/seed91457_20260712_124615_resume_u0400_bootstrapgae_nocompile/best_checkpoint.pt,,/home/sgy/workspace/sagin_marl_phase4_learning_ablation/runs/phase4_learning_ablation/3uav20gu_t250/formal_parameter_sweeps_20260714_full/results/resource/x0p50/learned/relcritic/seed91457/selected/seedbase981000,36.48668563680258,0.6218374759852593,0.3150702736362989,11.169594015340644,22.650983253725748,447508476.1610738,0.03125,0.8143469019140348,244.6875,39999848.703655645,0.6289941409437906
resource,1,0.50,2000000.0,2.0,1000000.0,1.0,5000000.0,5.0,25000000000.0,25.0,relcritic,STARS,learned,91457,selected,982000,64,64,resource_x0p50_relcritic_seed91457_selected_seedbase982000,/home/sgy/workspace/sagin_marl_phase4_learning_ablation/runs/phase4_learning_ablation/3uav20gu_t250/formal_parameter_sweeps_20260714_full/configs/resource/x0p50/structured_joint_mcgae_3uav20gu_t250_relational_critic.yaml,/home/sgy/workspace/sagin_marl_phase4_learning_ablation/runs/phase4_learning_ablation/3uav20gu_t250/relational_critic/seed91457_20260712_124615_resume_u0400_bootstrapgae_nocompile/best_checkpoint.pt,,/home/sgy/workspace/sagin_marl_phase4_learning_ablation/runs/phase4_learning_ablation/3uav20gu_t250/formal_parameter_sweeps_20260714_full/results/resource/x0p50/learned/relcritic/seed91457/selected/seedbase982000,36.39721069915686,0.6208331300935463,0.3218747922661012,11.53253445940482,23.010498345339986,462508413.8334338,0.015625,0.7958407106773819,246.921875,40000049.61834906,0.6281264786359507
resource,1,0.50,2000000.0,2.0,1000000.0,1.0,5000000.0,5.0,25000000000.0,25.0,globalcritic,STARS-GC,learned,45211,selected,980000,64,64,resource_x0p50_globalcritic_seed45211_selected_seedbase980000,/home/sgy/workspace/sagin_marl_phase4_learning_ablation/runs/phase4_learning_ablation/3uav20gu_t250/formal_parameter_sweeps_20260714_full/configs/resource/x0p50/structured_joint_mcgae_3uav20gu_t250_global_only_critic.yaml,/home/sgy/workspace/sagin_marl_phase4_learning_ablation/runs/phase4_learning_ablation/3uav20gu_t250/global_only_critic/seed45211_20260712_124615_bootstrapgae_nocompile/best_checkpoint.pt,,/home/sgy/workspace/sagin_marl_phase4_learning_ablation/runs/phase4_learning_ablation/3uav20gu_t250/formal_parameter_sweeps_20260714_full/results/resource/x0p50/learned/globalcritic/seed45211/selected/seedbase980000,36.85911999188829,0.6266005351380963,0.32620422108883473,11.005938605548302,20.166898434821377,440237735.74725115,0.015625,0.5754184624595843,249.46875,40000026.06870603,0.6269426042703365
resource,1,0.50,2000000.0,2.0,1000000.0,1.0,5000000.0,5.0,25000000000.0,25.0,globalcritic,STARS-GC,learned,45211,selected,981000,64,64,resource_x0p50_globalcritic_seed45211_selected_seedbase981000,/home/sgy/workspace/sagin_marl_phase4_learning_ablation/runs/phase4_learning_ablation/3uav20gu_t250/formal_parameter_sweeps_20260714_full/configs/resource/x0p50/structured_joint_mcgae_3uav20gu_t250_global_only_critic.yaml,/home/sgy/workspace/sagin_marl_phase4_learning_ablation/runs/phase4_learning_ablation/3uav20gu_t250/global_only_critic/seed45211_20260712_124615_bootstrapgae_nocompile/best_checkpoint.pt,,/home/sgy/workspace/sagin_marl_phase4_learning_ablation/runs/phase4_learning_ablation/3uav20gu_t250/formal_parameter_sweeps_20260714_full/results/resource/x0p50/learned/globalcritic/seed45211/selected/seedbase981000,37.25584801286459,0.6302313111146821,0.3234116577227048,10.776226089252736,19.691768000942975,431049038.23098016,0.015625,0.5908061978719404,249.625,39999964.53351106,0.6306518703289332
resource,1,0.50,2000000.0,2.0,1000000.0,1.0,5000000.0,5.0,25000000000.0,25.0,globalcritic,STARS-GC,learned,45211,selected,982000,64,64,resource_x0p50_globalcritic_seed45211_selected_seedbase982000,/home/sgy/workspace/sagin_marl_phase4_learning_ablation/runs/phase4_learning_ablation/3uav20gu_t250/formal_parameter_sweeps_20260714_full/configs/resource/x0p50/structured_joint_mcgae_3uav20gu_t250_global_only_critic.yaml,/home/sgy/workspace/sagin_marl_phase4_learning_ablation/runs/phase4_learning_ablation/3uav20gu_t250/global_only_critic/seed45211_20260712_124615_bootstrapgae_nocompile/best_checkpoint.pt,,/home/sgy/workspace/sagin_marl_phase4_learning_ablation/runs/phase4_learning_ablation/3uav20gu_t250/formal_parameter_sweeps_20260714_full/results/resource/x0p50/learned/globalcritic/seed45211/selected/seedbase982000,36.8636332959868,0.6237708051223309,0.3293748187619695,11.18126047609374,20.45750022362173,447250413.74412495,0.0,0.5732604285581037,250.0,40000043.900750004,0.6241887290380219
resource,1,0.50,2000000.0,2.0,1000000.0,1.0,5000000.0,5.0,25000000000.0,25.0,globalcritic,STARS-GC,learned,73129,selected,980000,64,64,resource_x0p50_globalcritic_seed73129_selected_seedbase980000,/home/sgy/workspace/sagin_marl_phase4_learning_ablation/runs/phase4_learning_ablation/3uav20gu_t250/formal_parameter_sweeps_20260714_full/configs/resource/x0p50/structured_joint_mcgae_3uav20gu_t250_global_only_critic.yaml,/home/sgy/workspace/sagin_marl_phase4_learning_ablation/runs/phase4_learning_ablation/3uav20gu_t250/global_only_critic/seed73129_20260712_124615_bootstrapgae_nocompile/best_checkpoint.pt,,/home/sgy/workspace/sagin_marl_phase4_learning_ablation/runs/phase4_learning_ablation/3uav20gu_t250/formal_parameter_sweeps_20260714_full/results/resource/x0p50/learned/globalcritic/seed73129/selected/seedbase980000,35.075200492632575,0.5237213208279573,0.4233370523438726,12.761083413295449,26.42870501100272,510443330.9796249,0.0,0.9961875002272425,250.0,40000025.838750005,0.5237331521538479
resource,1,0.50,2000000.0,2.0,1000000.0,1.0,5000000.0,5.0,25000000000.0,25.0,globalcritic,STARS-GC,learned,73129,selected,981000,64,64,resource_x0p50_globalcritic_seed73129_selected_seedbase981000,/home/sgy/workspace/sagin_marl_phase4_learning_ablation/runs/phase4_learning_ablation/3uav20gu_t250/formal_parameter_sweeps_20260714_full/configs/resource/x0p50/structured_joint_mcgae_3uav20gu_t250_global_only_critic.yaml,/home/sgy/workspace/sagin_marl_phase4_learning_ablation/runs/phase4_learning_ablation/3uav20gu_t250/global_only_critic/seed73129_20260712_124615_bootstrapgae_nocompile/best_checkpoint.pt,,/home/sgy/workspace/sagin_marl_phase4_learning_ablation/runs/phase4_learning_ablation/3uav20gu_t250/formal_parameter_sweeps_20260714_full/results/resource/x0p50/learned/globalcritic/seed73129/selected/seedbase981000,35.25658578623552,0.5234524699212052,0.42367089015925535,12.449222154188897,25.6679637690112,497968888.2962498,0.0,0.9954375002719459,250.0,39999962.112749994,0.5234918691875379
resource,1,0.50,2000000.0,2.0,1000000.0,1.0,5000000.0,5.0,25000000000.0,25.0,globalcritic,STARS-GC,learned,73129,selected,982000,64,64,resource_x0p50_globalcritic_seed73129_selected_seedbase982000,/home/sgy/workspace/sagin_marl_phase4_learning_ablation/runs/phase4_learning_ablation/3uav20gu_t250/formal_parameter_sweeps_20260714_full/configs/resource/x0p50/structured_joint_mcgae_3uav20gu_t250_global_only_critic.yaml,/home/sgy/workspace/sagin_marl_phase4_learning_ablation/runs/phase4_learning_ablation/3uav20gu_t250/global_only_critic/seed73129_20260712_124615_bootstrapgae_nocompile/best_checkpoint.pt,,/home/sgy/workspace/sagin_marl_phase4_learning_ablation/runs/phase4_learning_ablation/3uav20gu_t250/formal_parameter_sweeps_20260714_full/results/resource/x0p50/learned/globalcritic/seed73129/selected/seedbase982000,34.48346203449182,0.5080639978221153,0.43558454473782204,12.855976400058136,27.39807719589312,514239050.3522308,0.015625,0.9957500002533194,247.109375,40000038.31459616,0.5080675965262827
resource,1,0.50,2000000.0,2.0,1000000.0,1.0,5000000.0,5.0,25000000000.0,25.0,globalcritic,STARS-GC,learned,91457,selected,980000,64,64,resource_x0p50_globalcritic_seed91457_selected_seedbase980000,/home/sgy/workspace/sagin_marl_phase4_learning_ablation/runs/phase4_learning_ablation/3uav20gu_t250/formal_parameter_sweeps_20260714_full/configs/resource/x0p50/structured_joint_mcgae_3uav20gu_t250_global_only_critic.yaml,/home/sgy/workspace/sagin_marl_phase4_learning_ablation/runs/phase4_learning_ablation/3uav20gu_t250/global_only_critic/seed91457_20260712_124615_bootstrapgae_nocompile/best_checkpoint.pt,,/home/sgy/workspace/sagin_marl_phase4_learning_ablation/runs/phase4_learning_ablation/3uav20gu_t250/formal_parameter_sweeps_20260714_full/results/resource/x0p50/learned/globalcritic/seed91457/selected/seedbase980000,33.91392419533804,0.49758508078259633,0.44177223423328194,13.001539507414861,31.32628680373213,520117356.41821164,0.03125,0.8407460010183544,245.03125,40000026.44299039,0.4982804709073485
resource,1,0.50,2000000.0,2.0,1000000.0,1.0,5000000.0,5.0,25000000000.0,25.0,globalcritic,STARS-GC,learned,91457,selected,981000,64,64,resource_x0p50_globalcritic_seed91457_selected_seedbase981000,/home/sgy/workspace/sagin_marl_phase4_learning_ablation/runs/phase4_learning_ablation/3uav20gu_t250/formal_parameter_sweeps_20260714_full/configs/resource/x0p50/structured_joint_mcgae_3uav20gu_t250_global_only_critic.yaml,/home/sgy/workspace/sagin_marl_phase4_learning_ablation/runs/phase4_learning_ablation/3uav20gu_t250/global_only_critic/seed91457_20260712_124615_bootstrapgae_nocompile/best_checkpoint.pt,,/home/sgy/workspace/sagin_marl_phase4_learning_ablation/runs/phase4_learning_ablation/3uav20gu_t250/formal_parameter_sweeps_20260714_full/results/resource/x0p50/learned/globalcritic/seed91457/selected/seedbase981000,34.123696799681056,0.5046298818122597,0.42755110750499964,12.547562395982444,30.077707970656455,501960453.378875,0.015625,0.8513645901996644,246.109375,39999849.411,0.5052617345559249
resource,1,0.50,2000000.0,2.0,1000000.0,1.0,5000000.0,5.0,25000000000.0,25.0,globalcritic,STARS-GC,learned,91457,selected,982000,64,64,resource_x0p50_globalcritic_seed91457_selected_seedbase982000,/home/sgy/workspace/sagin_marl_phase4_learning_ablation/runs/phase4_learning_ablation/3uav20gu_t250/formal_parameter_sweeps_20260714_full/configs/resource/x0p50/structured_joint_mcgae_3uav20gu_t250_global_only_critic.yaml,/home/sgy/workspace/sagin_marl_phase4_learning_ablation/runs/phase4_learning_ablation/3uav20gu_t250/global_only_critic/seed91457_20260712_124615_bootstrapgae_nocompile/best_checkpoint.pt,,/home/sgy/workspace/sagin_marl_phase4_learning_ablation/runs/phase4_learning_ablation/3uav20gu_t250/formal_parameter_sweeps_20260714_full/results/resource/x0p50/learned/globalcritic/seed91457/selected/seedbase982000,33.729229793534614,0.4764185263448469,0.4588876008981987,13.363220856329542,34.000469387917285,534571924.5160312,0.03125,0.8406820831290911,246.171875,40000050.72809757,0.47692426214768624
resource,1,0.50,2000000.0,2.0,1000000.0,1.0,5000000.0,5.0,25000000000.0,25.0,cluster_center_queue_aware,QCCS,fixed,,fixed,980000,64,64,resource_x0p50_cluster_center_queue_aware_fixed_seedbase980000,/home/sgy/workspace/sagin_marl_phase4_learning_ablation/runs/phase4_learning_ablation/3uav20gu_t250/formal_parameter_sweeps_20260714_full/configs/resource/x0p50/structured_joint_mcgae_3uav20gu_t250_relational_critic.yaml,,cluster_center_queue_aware,/home/sgy/workspace/sagin_marl_phase4_learning_ablation/runs/phase4_learning_ablation/3uav20gu_t250/formal_parameter_sweeps_20260714_full/results/resource/x0p50/fixed/cluster_center_queue_aware/seedbase980000,36.21730445721187,0.6312942339035216,0.32275361349196424,11.536911276297646,20.64525232607871,461477966.619375,0.0,0.82818750548549,250.0,40000025.838750005,0.6313783821935729
resource,1,0.50,2000000.0,2.0,1000000.0,1.0,5000000.0,5.0,25000000000.0,25.0,cluster_center_queue_aware,QCCS,fixed,,fixed,981000,64,64,resource_x0p50_cluster_center_queue_aware_fixed_seedbase981000,/home/sgy/workspace/sagin_marl_phase4_learning_ablation/runs/phase4_learning_ablation/3uav20gu_t250/formal_parameter_sweeps_20260714_full/configs/resource/x0p50/structured_joint_mcgae_3uav20gu_t250_relational_critic.yaml,,cluster_center_queue_aware,/home/sgy/workspace/sagin_marl_phase4_learning_ablation/runs/phase4_learning_ablation/3uav20gu_t250/formal_parameter_sweeps_20260714_full/results/resource/x0p50/fixed/cluster_center_queue_aware/seedbase981000,36.21023213095032,0.6291864710059017,0.3194234572057152,11.237318181484936,19.97875661915354,449493169.45199996,0.015625,0.8291666720509532,246.875,39999964.05575,0.6292306373019478
resource,1,0.50,2000000.0,2.0,1000000.0,1.0,5000000.0,5.0,25000000000.0,25.0,cluster_center_queue_aware,QCCS,fixed,,fixed,982000,64,64,resource_x0p50_cluster_center_queue_aware_fixed_seedbase982000,/home/sgy/workspace/sagin_marl_phase4_learning_ablation/runs/phase4_learning_ablation/3uav20gu_t250/formal_parameter_sweeps_20260714_full/configs/resource/x0p50/structured_joint_mcgae_3uav20gu_t250_relational_critic.yaml,,cluster_center_queue_aware,/home/sgy/workspace/sagin_marl_phase4_learning_ablation/runs/phase4_learning_ablation/3uav20gu_t250/formal_parameter_sweeps_20260714_full/results/resource/x0p50/fixed/cluster_center_queue_aware/seedbase982000,36.34714476054069,0.6334556431877423,0.3192776729393722,11.558860535295679,20.196687078960235,462355347.86606246,0.0,0.8585833378881217,250.0,40000043.900750004,0.6335196214680695
resource,1,0.50,2000000.0,2.0,1000000.0,1.0,5000000.0,5.0,25000000000.0,25.0,maxweight_lyapunov,Lyapunov,fixed,,fixed,980000,64,64,resource_x0p50_maxweight_lyapunov_fixed_seedbase980000,/home/sgy/workspace/sagin_marl_phase4_learning_ablation/runs/phase4_learning_ablation/3uav20gu_t250/formal_parameter_sweeps_20260714_full/configs/resource/x0p50/structured_joint_mcgae_3uav20gu_t250_relational_critic.yaml,,maxweight_lyapunov,/home/sgy/workspace/sagin_marl_phase4_learning_ablation/runs/phase4_learning_ablation/3uav20gu_t250/formal_parameter_sweeps_20260714_full/results/resource/x0p50/fixed/maxweight_lyapunov/seedbase980000,34.89316610491369,0.5864538540104406,0.36107006855963036,12.785290882341561,24.81260231244191,511411629.2798751,0.0,0.9971250001713633,250.0,40000025.838750005,0.586453647669446
resource,1,0.50,2000000.0,2.0,1000000.0,1.0,5000000.0,5.0,25000000000.0,25.0,maxweight_lyapunov,Lyapunov,fixed,,fixed,981000,64,64,resource_x0p50_maxweight_lyapunov_fixed_seedbase981000,/home/sgy/workspace/sagin_marl_phase4_learning_ablation/runs/phase4_learning_ablation/3uav20gu_t250/formal_parameter_sweeps_20260714_full/configs/resource/x0p50/structured_joint_mcgae_3uav20gu_t250_relational_critic.yaml,,maxweight_lyapunov,/home/sgy/workspace/sagin_marl_phase4_learning_ablation/runs/phase4_learning_ablation/3uav20gu_t250/formal_parameter_sweeps_20260714_full/results/resource/x0p50/fixed/maxweight_lyapunov/seedbase981000,35.4553997751791,0.5961147055672482,0.35297043418687535,12.29914132092707,22.864509822977713,491965647.05250007,0.0,0.997958333455026,250.0,39999962.112749994,0.5961152373004643
resource,1,0.50,2000000.0,2.0,1000000.0,1.0,5000000.0,5.0,25000000000.0,25.0,maxweight_lyapunov,Lyapunov,fixed,,fixed,982000,64,64,resource_x0p50_maxweight_lyapunov_fixed_seedbase982000,/home/sgy/workspace/sagin_marl_phase4_learning_ablation/runs/phase4_learning_ablation/3uav20gu_t250/formal_parameter_sweeps_20260714_full/configs/resource/x0p50/structured_joint_mcgae_3uav20gu_t250_relational_critic.yaml,,maxweight_lyapunov,/home/sgy/workspace/sagin_marl_phase4_learning_ablation/runs/phase4_learning_ablation/3uav20gu_t250/formal_parameter_sweeps_20260714_full/results/resource/x0p50/fixed/maxweight_lyapunov/seedbase982000,35.169951578369364,0.5955731511567719,0.35169058174365553,12.66177773050964,22.99402351721376,506471103.3001876,0.0,0.9993125000409783,250.0,40000043.900750004,0.5955724146174123
resource,1,0.50,2000000.0,2.0,1000000.0,1.0,5000000.0,5.0,25000000000.0,25.0,queue_aware_bw,QBS,fixed,,fixed,980000,64,64,resource_x0p50_queue_aware_bw_fixed_seedbase980000,/home/sgy/workspace/sagin_marl_phase4_learning_ablation/runs/phase4_learning_ablation/3uav20gu_t250/formal_parameter_sweeps_20260714_full/configs/resource/x0p50/structured_joint_mcgae_3uav20gu_t250_relational_critic.yaml,,queue_aware_bw,/home/sgy/workspace/sagin_marl_phase4_learning_ablation/runs/phase4_learning_ablation/3uav20gu_t250/formal_parameter_sweeps_20260714_full/results/resource/x0p50/fixed/queue_aware_bw/seedbase980000,29.666686094016768,0.273966354018892,0.6290089518864138,19.08604801423103,79.23049145148693,763441911.8462502,0.0,1.0,250.0,40000025.838750005,0.2909886353555533
resource,1,0.50,2000000.0,2.0,1000000.0,1.0,5000000.0,5.0,25000000000.0,25.0,queue_aware_bw,QBS,fixed,,fixed,981000,64,64,resource_x0p50_queue_aware_bw_fixed_seedbase981000,/home/sgy/workspace/sagin_marl_phase4_learning_ablation/runs/phase4_learning_ablation/3uav20gu_t250/formal_parameter_sweeps_20260714_full/configs/resource/x0p50/structured_joint_mcgae_3uav20gu_t250_relational_critic.yaml,,queue_aware_bw,/home/sgy/workspace/sagin_marl_phase4_learning_ablation/runs/phase4_learning_ablation/3uav20gu_t250/formal_parameter_sweeps_20260714_full/results/resource/x0p50/fixed/queue_aware_bw/seedbase981000,29.625195882166736,0.30072054014913735,0.5986490619287868,17.99141029113531,65.77133941821383,719656546.3130624,0.015625,1.0,246.109375,39999849.411,0.3153737144893876
resource,1,0.50,2000000.0,2.0,1000000.0,1.0,5000000.0,5.0,25000000000.0,25.0,queue_aware_bw,QBS,fixed,,fixed,982000,64,64,resource_x0p50_queue_aware_bw_fixed_seedbase982000,/home/sgy/workspace/sagin_marl_phase4_learning_ablation/runs/phase4_learning_ablation/3uav20gu_t250/formal_parameter_sweeps_20260714_full/configs/resource/x0p50/structured_joint_mcgae_3uav20gu_t250_relational_critic.yaml,,queue_aware_bw,/home/sgy/workspace/sagin_marl_phase4_learning_ablation/runs/phase4_learning_ablation/3uav20gu_t250/formal_parameter_sweeps_20260714_full/results/resource/x0p50/fixed/queue_aware_bw/seedbase982000,30.263055826886557,0.29891175067517906,0.612182652672793,18.488043958269053,67.8071085561104,739521749.8106252,0.0,1.0,250.0,40000043.900750004,0.3108949595224733
resource,1,0.50,2000000.0,2.0,1000000.0,1.0,5000000.0,5.0,25000000000.0,25.0,static_uniform,Uniform,fixed,,fixed,980000,64,64,resource_x0p50_static_uniform_fixed_seedbase980000,/home/sgy/workspace/sagin_marl_phase4_learning_ablation/runs/phase4_learning_ablation/3uav20gu_t250/formal_parameter_sweeps_20260714_full/configs/resource/x0p50/structured_joint_mcgae_3uav20gu_t250_relational_critic.yaml,,static_uniform,/home/sgy/workspace/sagin_marl_phase4_learning_ablation/runs/phase4_learning_ablation/3uav20gu_t250/formal_parameter_sweeps_20260714_full/results/resource/x0p50/fixed/static_uniform/seedbase980000,29.895966939628124,0.27466077790525734,0.6454388636108597,17.09958027143962,76.2113778442852,683983240.6932502,0.0,0.4837291771434248,250.0,40000025.838750005,0.27471174281598937
resource,1,0.50,2000000.0,2.0,1000000.0,1.0,5000000.0,5.0,25000000000.0,25.0,static_uniform,Uniform,fixed,,fixed,981000,64,64,resource_x0p50_static_uniform_fixed_seedbase981000,/home/sgy/workspace/sagin_marl_phase4_learning_ablation/runs/phase4_learning_ablation/3uav20gu_t250/formal_parameter_sweeps_20260714_full/configs/resource/x0p50/structured_joint_mcgae_3uav20gu_t250_relational_critic.yaml,,static_uniform,/home/sgy/workspace/sagin_marl_phase4_learning_ablation/runs/phase4_learning_ablation/3uav20gu_t250/formal_parameter_sweeps_20260714_full/results/resource/x0p50/fixed/static_uniform/seedbase981000,29.875892746262252,0.29822412530262943,0.6153951888459124,16.281251855507495,63.79223721859604,651250159.3012499,0.015625,0.4813437604615463,246.109375,39999849.411,0.2982937948988304
resource,1,0.50,2000000.0,2.0,1000000.0,1.0,5000000.0,5.0,25000000000.0,25.0,static_uniform,Uniform,fixed,,fixed,982000,64,64,resource_x0p50_static_uniform_fixed_seedbase982000,/home/sgy/workspace/sagin_marl_phase4_learning_ablation/runs/phase4_learning_ablation/3uav20gu_t250/formal_parameter_sweeps_20260714_full/configs/resource/x0p50/structured_joint_mcgae_3uav20gu_t250_relational_critic.yaml,,static_uniform,/home/sgy/workspace/sagin_marl_phase4_learning_ablation/runs/phase4_learning_ablation/3uav20gu_t250/formal_parameter_sweeps_20260714_full/results/resource/x0p50/fixed/static_uniform/seedbase982000,30.51340668112971,0.2916476295925677,0.6321272016799118,16.873045376250523,66.44906951121241,674921854.5409378,0.0,0.4835625104680656,250.0,40000043.900750004,0.2916640551958827
resource,2,0.75,2000000.0,2.0,1500000.0,1.5,7500000.0,7.5,37500000000.0,37.5,relcritic,STARS,learned,45211,selected,980000,64,64,resource_x0p75_relcritic_seed45211_selected_seedbase980000,/home/sgy/workspace/sagin_marl_phase4_learning_ablation/runs/phase4_learning_ablation/3uav20gu_t250/formal_parameter_sweeps_20260714_full/configs/resource/x0p75/structured_joint_mcgae_3uav20gu_t250_relational_critic.yaml,/home/sgy/workspace/sagin_marl_phase4_learning_ablation/runs/phase4_learning_ablation/3uav20gu_t250/relational_critic/seed45211_20260711_213639_bootstrapgae_nocompile/best_checkpoint.pt,,/home/sgy/workspace/sagin_marl_phase4_learning_ablation/runs/phase4_learning_ablation/3uav20gu_t250/formal_parameter_sweeps_20260714_full/results/resource/x0p75/learned/relcritic/seed45211/selected/seedbase980000,41.92807439994067,0.7905013304566965,0.1772264142447938,8.051950666813411,14.125584403629759,322079259.12275,0.0,0.5353541780542583,250.0,40000025.838750005,0.7922457680565608
resource,2,0.75,2000000.0,2.0,1500000.0,1.5,7500000.0,7.5,37500000000.0,37.5,relcritic,STARS,learned,45211,selected,981000,64,64,resource_x0p75_relcritic_seed45211_selected_seedbase981000,/home/sgy/workspace/sagin_marl_phase4_learning_ablation/runs/phase4_learning_ablation/3uav20gu_t250/formal_parameter_sweeps_20260714_full/configs/resource/x0p75/structured_joint_mcgae_3uav20gu_t250_relational_critic.yaml,/home/sgy/workspace/sagin_marl_phase4_learning_ablation/runs/phase4_learning_ablation/3uav20gu_t250/relational_critic/seed45211_20260711_213639_bootstrapgae_nocompile/best_checkpoint.pt,,/home/sgy/workspace/sagin_marl_phase4_learning_ablation/runs/phase4_learning_ablation/3uav20gu_t250/formal_parameter_sweeps_20260714_full/results/resource/x0p75/learned/relcritic/seed45211/selected/seedbase981000,42.31357028300408,0.7875997840757482,0.17297291630347802,7.257952995656059,11.73816183570307,290318302.863,0.015625,0.5607395942555741,246.109375,39999849.411,0.7898019179960604
resource,2,0.75,2000000.0,2.0,1500000.0,1.5,7500000.0,7.5,37500000000.0,37.5,relcritic,STARS,learned,45211,selected,982000,64,64,resource_x0p75_relcritic_seed45211_selected_seedbase982000,/home/sgy/workspace/sagin_marl_phase4_learning_ablation/runs/phase4_learning_ablation/3uav20gu_t250/formal_parameter_sweeps_20260714_full/configs/resource/x0p75/structured_joint_mcgae_3uav20gu_t250_relational_critic.yaml,/home/sgy/workspace/sagin_marl_phase4_learning_ablation/runs/phase4_learning_ablation/3uav20gu_t250/relational_critic/seed45211_20260711_213639_bootstrapgae_nocompile/best_checkpoint.pt,,/home/sgy/workspace/sagin_marl_phase4_learning_ablation/runs/phase4_learning_ablation/3uav20gu_t250/formal_parameter_sweeps_20260714_full/results/resource/x0p75/learned/relcritic/seed45211/selected/seedbase982000,42.480641166097485,0.8116013311021958,0.15934950553339589,7.565539230652152,11.88096528431773,302625259.598125,0.0,0.5462968864506111,250.0,40000043.900750004,0.8136801702730799
resource,2,0.75,2000000.0,2.0,1500000.0,1.5,7500000.0,7.5,37500000000.0,37.5,relcritic,STARS,learned,73129,selected,980000,64,64,resource_x0p75_relcritic_seed73129_selected_seedbase980000,/home/sgy/workspace/sagin_marl_phase4_learning_ablation/runs/phase4_learning_ablation/3uav20gu_t250/formal_parameter_sweeps_20260714_full/configs/resource/x0p75/structured_joint_mcgae_3uav20gu_t250_relational_critic.yaml,/home/sgy/workspace/sagin_marl_phase4_learning_ablation/runs/phase4_learning_ablation/3uav20gu_t250/relational_critic/seed73129_20260711_213639_bootstrapgae_nocompile/best_checkpoint.pt,,/home/sgy/workspace/sagin_marl_phase4_learning_ablation/runs/phase4_learning_ablation/3uav20gu_t250/formal_parameter_sweeps_20260714_full/results/resource/x0p75/learned/relcritic/seed73129/selected/seedbase980000,42.339508703909814,0.8001839844149071,0.1699322527064912,7.518805328844582,12.577524970417377,300752905.15956247,0.0,0.5209583460055293,250.0,40000025.838750005,0.8017630767550731
resource,2,0.75,2000000.0,2.0,1500000.0,1.5,7500000.0,7.5,37500000000.0,37.5,relcritic,STARS,learned,73129,selected,981000,64,64,resource_x0p75_relcritic_seed73129_selected_seedbase981000,/home/sgy/workspace/sagin_marl_phase4_learning_ablation/runs/phase4_learning_ablation/3uav20gu_t250/formal_parameter_sweeps_20260714_full/configs/resource/x0p75/structured_joint_mcgae_3uav20gu_t250_relational_critic.yaml,/home/sgy/workspace/sagin_marl_phase4_learning_ablation/runs/phase4_learning_ablation/3uav20gu_t250/relational_critic/seed73129_20260711_213639_bootstrapgae_nocompile/best_checkpoint.pt,,/home/sgy/workspace/sagin_marl_phase4_learning_ablation/runs/phase4_learning_ablation/3uav20gu_t250/formal_parameter_sweeps_20260714_full/results/resource/x0p75/learned/relcritic/seed73129/selected/seedbase981000,43.294419764890336,0.8143198663387486,0.15923208358597496,6.8152912990183285,10.354775251022154,272611773.86774284,0.015625,0.4998269422695836,248.0,39999960.9445041,0.8163926221362768
resource,2,0.75,2000000.0,2.0,1500000.0,1.5,7500000.0,7.5,37500000000.0,37.5,relcritic,STARS,learned,73129,selected,982000,64,64,resource_x0p75_relcritic_seed73129_selected_seedbase982000,/home/sgy/workspace/sagin_marl_phase4_learning_ablation/runs/phase4_learning_ablation/3uav20gu_t250/formal_parameter_sweeps_20260714_full/configs/resource/x0p75/structured_joint_mcgae_3uav20gu_t250_relational_critic.yaml,/home/sgy/workspace/sagin_marl_phase4_learning_ablation/runs/phase4_learning_ablation/3uav20gu_t250/relational_critic/seed73129_20260711_213639_bootstrapgae_nocompile/best_checkpoint.pt,,/home/sgy/workspace/sagin_marl_phase4_learning_ablation/runs/phase4_learning_ablation/3uav20gu_t250/formal_parameter_sweeps_20260714_full/results/resource/x0p75/learned/relcritic/seed73129/selected/seedbase982000,42.923274878645316,0.8225802342824172,0.1514690781035088,7.0373479272956025,10.38574795619026,281494038.96193737,0.0,0.5117031377423555,250.0,40000043.900750004,0.8246421016510341
resource,2,0.75,2000000.0,2.0,1500000.0,1.5,7500000.0,7.5,37500000000.0,37.5,relcritic,STARS,learned,91457,selected,980000,64,64,resource_x0p75_relcritic_seed91457_selected_seedbase980000,/home/sgy/workspace/sagin_marl_phase4_learning_ablation/runs/phase4_learning_ablation/3uav20gu_t250/formal_parameter_sweeps_20260714_full/configs/resource/x0p75/structured_joint_mcgae_3uav20gu_t250_relational_critic.yaml,/home/sgy/workspace/sagin_marl_phase4_learning_ablation/runs/phase4_learning_ablation/3uav20gu_t250/relational_critic/seed91457_20260712_124615_resume_u0400_bootstrapgae_nocompile/best_checkpoint.pt,,/home/sgy/workspace/sagin_marl_phase4_learning_ablation/runs/phase4_learning_ablation/3uav20gu_t250/formal_parameter_sweeps_20260714_full/results/resource/x0p75/learned/relcritic/seed91457/selected/seedbase980000,42.64589306584094,0.8170046765333973,0.1500563179872538,7.926330182643608,12.012438407067677,317100566.4728127,0.0,0.65496876268927,250.0,40000025.838750005,0.8195054711650612
resource,2,0.75,2000000.0,2.0,1500000.0,1.5,7500000.0,7.5,37500000000.0,37.5,relcritic,STARS,learned,91457,selected,981000,64,64,resource_x0p75_relcritic_seed91457_selected_seedbase981000,/home/sgy/workspace/sagin_marl_phase4_learning_ablation/runs/phase4_learning_ablation/3uav20gu_t250/formal_parameter_sweeps_20260714_full/configs/resource/x0p75/structured_joint_mcgae_3uav20gu_t250_relational_critic.yaml,/home/sgy/workspace/sagin_marl_phase4_learning_ablation/runs/phase4_learning_ablation/3uav20gu_t250/relational_critic/seed91457_20260712_124615_resume_u0400_bootstrapgae_nocompile/best_checkpoint.pt,,/home/sgy/workspace/sagin_marl_phase4_learning_ablation/runs/phase4_learning_ablation/3uav20gu_t250/formal_parameter_sweeps_20260714_full/results/resource/x0p75/learned/relcritic/seed91457/selected/seedbase981000,42.893707869108766,0.809003790604882,0.15256401643352685,7.442600432832258,11.568032512956533,297728854.56218755,0.015625,0.6552031379817052,246.109375,39999849.411,0.8115641715307998
resource,2,0.75,2000000.0,2.0,1500000.0,1.5,7500000.0,7.5,37500000000.0,37.5,relcritic,STARS,learned,91457,selected,982000,64,64,resource_x0p75_relcritic_seed91457_selected_seedbase982000,/home/sgy/workspace/sagin_marl_phase4_learning_ablation/runs/phase4_learning_ablation/3uav20gu_t250/formal_parameter_sweeps_20260714_full/configs/resource/x0p75/structured_joint_mcgae_3uav20gu_t250_relational_critic.yaml,/home/sgy/workspace/sagin_marl_phase4_learning_ablation/runs/phase4_learning_ablation/3uav20gu_t250/relational_critic/seed91457_20260712_124615_resume_u0400_bootstrapgae_nocompile/best_checkpoint.pt,,/home/sgy/workspace/sagin_marl_phase4_learning_ablation/runs/phase4_learning_ablation/3uav20gu_t250/formal_parameter_sweeps_20260714_full/results/resource/x0p75/learned/relcritic/seed91457/selected/seedbase982000,42.666723031084985,0.813193568521645,0.15686338118761808,7.833974068552257,11.748745705898386,313370739.33299994,0.0,0.650854179528542,250.0,40000043.900750004,0.8157110758255536
resource,2,0.75,2000000.0,2.0,1500000.0,1.5,7500000.0,7.5,37500000000.0,37.5,globalcritic,STARS-GC,learned,45211,selected,980000,64,64,resource_x0p75_globalcritic_seed45211_selected_seedbase980000,/home/sgy/workspace/sagin_marl_phase4_learning_ablation/runs/phase4_learning_ablation/3uav20gu_t250/formal_parameter_sweeps_20260714_full/configs/resource/x0p75/structured_joint_mcgae_3uav20gu_t250_global_only_critic.yaml,/home/sgy/workspace/sagin_marl_phase4_learning_ablation/runs/phase4_learning_ablation/3uav20gu_t250/global_only_critic/seed45211_20260712_124615_bootstrapgae_nocompile/best_checkpoint.pt,,/home/sgy/workspace/sagin_marl_phase4_learning_ablation/runs/phase4_learning_ablation/3uav20gu_t250/formal_parameter_sweeps_20260714_full/results/resource/x0p75/learned/globalcritic/seed45211/selected/seedbase980000,41.812103499891236,0.7982518808706661,0.16404454267856503,7.506075859718996,11.443787009153173,300243030.6910416,0.015625,0.6571137300118183,246.28125,40000029.638666674,0.7985284988975437
resource,2,0.75,2000000.0,2.0,1500000.0,1.5,7500000.0,7.5,37500000000.0,37.5,globalcritic,STARS-GC,learned,45211,selected,981000,64,64,resource_x0p75_globalcritic_seed45211_selected_seedbase981000,/home/sgy/workspace/sagin_marl_phase4_learning_ablation/runs/phase4_learning_ablation/3uav20gu_t250/formal_parameter_sweeps_20260714_full/configs/resource/x0p75/structured_joint_mcgae_3uav20gu_t250_global_only_critic.yaml,/home/sgy/workspace/sagin_marl_phase4_learning_ablation/runs/phase4_learning_ablation/3uav20gu_t250/global_only_critic/seed45211_20260712_124615_bootstrapgae_nocompile/best_checkpoint.pt,,/home/sgy/workspace/sagin_marl_phase4_learning_ablation/runs/phase4_learning_ablation/3uav20gu_t250/formal_parameter_sweeps_20260714_full/results/resource/x0p75/learned/globalcritic/seed45211/selected/seedbase981000,43.20240118459333,0.8017536722430104,0.1696836868631727,7.160844871687996,10.888553305965484,286433791.25356436,0.015625,0.6639398563119406,249.328125,39999965.367219806,0.8019899427694216
resource,2,0.75,2000000.0,2.0,1500000.0,1.5,7500000.0,7.5,37500000000.0,37.5,globalcritic,STARS-GC,learned,45211,selected,982000,64,64,resource_x0p75_globalcritic_seed45211_selected_seedbase982000,/home/sgy/workspace/sagin_marl_phase4_learning_ablation/runs/phase4_learning_ablation/3uav20gu_t250/formal_parameter_sweeps_20260714_full/configs/resource/x0p75/structured_joint_mcgae_3uav20gu_t250_global_only_critic.yaml,/home/sgy/workspace/sagin_marl_phase4_learning_ablation/runs/phase4_learning_ablation/3uav20gu_t250/global_only_critic/seed45211_20260712_124615_bootstrapgae_nocompile/best_checkpoint.pt,,/home/sgy/workspace/sagin_marl_phase4_learning_ablation/runs/phase4_learning_ablation/3uav20gu_t250/formal_parameter_sweeps_20260714_full/results/resource/x0p75/learned/globalcritic/seed45211/selected/seedbase982000,42.63135010842234,0.8078821106976827,0.1640699387503682,7.52517332400335,11.00437348839082,301006929.1582501,0.0,0.6700468906620518,250.0,40000043.900750004,0.8081906138924911
resource,2,0.75,2000000.0,2.0,1500000.0,1.5,7500000.0,7.5,37500000000.0,37.5,globalcritic,STARS-GC,learned,73129,selected,980000,64,64,resource_x0p75_globalcritic_seed73129_selected_seedbase980000,/home/sgy/workspace/sagin_marl_phase4_learning_ablation/runs/phase4_learning_ablation/3uav20gu_t250/formal_parameter_sweeps_20260714_full/configs/resource/x0p75/structured_joint_mcgae_3uav20gu_t250_global_only_critic.yaml,/home/sgy/workspace/sagin_marl_phase4_learning_ablation/runs/phase4_learning_ablation/3uav20gu_t250/global_only_critic/seed73129_20260712_124615_bootstrapgae_nocompile/best_checkpoint.pt,,/home/sgy/workspace/sagin_marl_phase4_learning_ablation/runs/phase4_learning_ablation/3uav20gu_t250/formal_parameter_sweeps_20260714_full/results/resource/x0p75/learned/globalcritic/seed73129/selected/seedbase980000,35.639393253368326,0.6477800867998162,0.30233892819132047,10.433391791073758,21.55482084227838,417335666.62379473,0.046875,0.9865208341367538,243.0625,40000017.96713754,0.6479047916763504
resource,2,0.75,2000000.0,2.0,1500000.0,1.5,7500000.0,7.5,37500000000.0,37.5,globalcritic,STARS-GC,learned,73129,selected,981000,64,64,resource_x0p75_globalcritic_seed73129_selected_seedbase981000,/home/sgy/workspace/sagin_marl_phase4_learning_ablation/runs/phase4_learning_ablation/3uav20gu_t250/formal_parameter_sweeps_20260714_full/configs/resource/x0p75/structured_joint_mcgae_3uav20gu_t250_global_only_critic.yaml,/home/sgy/workspace/sagin_marl_phase4_learning_ablation/runs/phase4_learning_ablation/3uav20gu_t250/global_only_critic/seed73129_20260712_124615_bootstrapgae_nocompile/best_checkpoint.pt,,/home/sgy/workspace/sagin_marl_phase4_learning_ablation/runs/phase4_learning_ablation/3uav20gu_t250/formal_parameter_sweeps_20260714_full/results/resource/x0p75/learned/globalcritic/seed73129/selected/seedbase981000,36.58586274413392,0.6544085498155722,0.2985449627085952,9.882897626864937,18.20446749103139,395315900.28597254,0.03125,0.9881041673757133,246.3125,39999960.8208188,0.6545473774591621
resource,2,0.75,2000000.0,2.0,1500000.0,1.5,7500000.0,7.5,37500000000.0,37.5,globalcritic,STARS-GC,learned,73129,selected,982000,64,64,resource_x0p75_globalcritic_seed73129_selected_seedbase982000,/home/sgy/workspace/sagin_marl_phase4_learning_ablation/runs/phase4_learning_ablation/3uav20gu_t250/formal_parameter_sweeps_20260714_full/configs/resource/x0p75/structured_joint_mcgae_3uav20gu_t250_global_only_critic.yaml,/home/sgy/workspace/sagin_marl_phase4_learning_ablation/runs/phase4_learning_ablation/3uav20gu_t250/global_only_critic/seed73129_20260712_124615_bootstrapgae_nocompile/best_checkpoint.pt,,/home/sgy/workspace/sagin_marl_phase4_learning_ablation/runs/phase4_learning_ablation/3uav20gu_t250/formal_parameter_sweeps_20260714_full/results/resource/x0p75/learned/globalcritic/seed73129/selected/seedbase982000,36.094800391816534,0.6614744520196312,0.287635291167845,10.16977233479592,18.044653755554087,406790888.5173254,0.0625,0.987104167435318,242.6875,40000060.48376902,0.6616116674186551
resource,2,0.75,2000000.0,2.0,1500000.0,1.5,7500000.0,7.5,37500000000.0,37.5,globalcritic,STARS-GC,learned,91457,selected,980000,64,64,resource_x0p75_globalcritic_seed91457_selected_seedbase980000,/home/sgy/workspace/sagin_marl_phase4_learning_ablation/runs/phase4_learning_ablation/3uav20gu_t250/formal_parameter_sweeps_20260714_full/configs/resource/x0p75/structured_joint_mcgae_3uav20gu_t250_global_only_critic.yaml,/home/sgy/workspace/sagin_marl_phase4_learning_ablation/runs/phase4_learning_ablation/3uav20gu_t250/global_only_critic/seed91457_20260712_124615_bootstrapgae_nocompile/best_checkpoint.pt,,/home/sgy/workspace/sagin_marl_phase4_learning_ablation/runs/phase4_learning_ablation/3uav20gu_t250/formal_parameter_sweeps_20260714_full/results/resource/x0p75/learned/globalcritic/seed91457/selected/seedbase980000,34.56700640998315,0.6201249440777619,0.32844751769953007,10.475875061439256,22.201800776405182,419038819.21771455,0.046875,0.790315165383936,243.109375,40000032.929298066,0.6208893437412522
resource,2,0.75,2000000.0,2.0,1500000.0,1.5,7500000.0,7.5,37500000000.0,37.5,globalcritic,STARS-GC,learned,91457,selected,981000,64,64,resource_x0p75_globalcritic_seed91457_selected_seedbase981000,/home/sgy/workspace/sagin_marl_phase4_learning_ablation/runs/phase4_learning_ablation/3uav20gu_t250/formal_parameter_sweeps_20260714_full/configs/resource/x0p75/structured_joint_mcgae_3uav20gu_t250_global_only_critic.yaml,/home/sgy/workspace/sagin_marl_phase4_learning_ablation/runs/phase4_learning_ablation/3uav20gu_t250/global_only_critic/seed91457_20260712_124615_bootstrapgae_nocompile/best_checkpoint.pt,,/home/sgy/workspace/sagin_marl_phase4_learning_ablation/runs/phase4_learning_ablation/3uav20gu_t250/formal_parameter_sweeps_20260714_full/results/resource/x0p75/learned/globalcritic/seed91457/selected/seedbase981000,33.658650332305115,0.6180277856907556,0.3219854256800281,9.825579339768364,20.864860935842284,393027693.3396512,0.078125,0.7966157085870147,239.25,39999856.16522956,0.6188995112805609
resource,2,0.75,2000000.0,2.0,1500000.0,1.5,7500000.0,7.5,37500000000.0,37.5,globalcritic,STARS-GC,learned,91457,selected,982000,64,64,resource_x0p75_globalcritic_seed91457_selected_seedbase982000,/home/sgy/workspace/sagin_marl_phase4_learning_ablation/runs/phase4_learning_ablation/3uav20gu_t250/formal_parameter_sweeps_20260714_full/configs/resource/x0p75/structured_joint_mcgae_3uav20gu_t250_global_only_critic.yaml,/home/sgy/workspace/sagin_marl_phase4_learning_ablation/runs/phase4_learning_ablation/3uav20gu_t250/global_only_critic/seed91457_20260712_124615_bootstrapgae_nocompile/best_checkpoint.pt,,/home/sgy/workspace/sagin_marl_phase4_learning_ablation/runs/phase4_learning_ablation/3uav20gu_t250/formal_parameter_sweeps_20260714_full/results/resource/x0p75/learned/globalcritic/seed91457/selected/seedbase982000,35.4378945773351,0.6297725753399913,0.3234501280093392,10.515133678086851,22.06595407698794,420608863.0181644,0.03125,0.7844041584232027,248.765625,40000043.34625368,0.6304392809449649
resource,2,0.75,2000000.0,2.0,1500000.0,1.5,7500000.0,7.5,37500000000.0,37.5,cluster_center_queue_aware,QCCS,fixed,,fixed,980000,64,64,resource_x0p75_cluster_center_queue_aware_fixed_seedbase980000,/home/sgy/workspace/sagin_marl_phase4_learning_ablation/runs/phase4_learning_ablation/3uav20gu_t250/formal_parameter_sweeps_20260714_full/configs/resource/x0p75/structured_joint_mcgae_3uav20gu_t250_relational_critic.yaml,,cluster_center_queue_aware,/home/sgy/workspace/sagin_marl_phase4_learning_ablation/runs/phase4_learning_ablation/3uav20gu_t250/formal_parameter_sweeps_20260714_full/results/resource/x0p75/fixed/cluster_center_queue_aware/seedbase980000,40.59798552969005,0.7955795087614095,0.17000333874972515,8.583650308459065,12.995844219518824,343346334.9118124,0.0,0.7467083409037439,250.0,40000025.838750005,0.7993077464239171
resource,2,0.75,2000000.0,2.0,1500000.0,1.5,7500000.0,7.5,37500000000.0,37.5,cluster_center_queue_aware,QCCS,fixed,,fixed,981000,64,64,resource_x0p75_cluster_center_queue_aware_fixed_seedbase981000,/home/sgy/workspace/sagin_marl_phase4_learning_ablation/runs/phase4_learning_ablation/3uav20gu_t250/formal_parameter_sweeps_20260714_full/configs/resource/x0p75/structured_joint_mcgae_3uav20gu_t250_relational_critic.yaml,,cluster_center_queue_aware,/home/sgy/workspace/sagin_marl_phase4_learning_ablation/runs/phase4_learning_ablation/3uav20gu_t250/formal_parameter_sweeps_20260714_full/results/resource/x0p75/fixed/cluster_center_queue_aware/seedbase981000,41.05579709808808,0.7940696657877417,0.1694498912369317,8.176025122220159,12.15721305709891,327041001.151875,0.015625,0.7390416744966057,246.875,39999964.05575,0.7978827395377097
resource,2,0.75,2000000.0,2.0,1500000.0,1.5,7500000.0,7.5,37500000000.0,37.5,cluster_center_queue_aware,QCCS,fixed,,fixed,982000,64,64,resource_x0p75_cluster_center_queue_aware_fixed_seedbase982000,/home/sgy/workspace/sagin_marl_phase4_learning_ablation/runs/phase4_learning_ablation/3uav20gu_t250/formal_parameter_sweeps_20260714_full/configs/resource/x0p75/structured_joint_mcgae_3uav20gu_t250_relational_critic.yaml,,cluster_center_queue_aware,/home/sgy/workspace/sagin_marl_phase4_learning_ablation/runs/phase4_learning_ablation/3uav20gu_t250/formal_parameter_sweeps_20260714_full/results/resource/x0p75/fixed/cluster_center_queue_aware/seedbase982000,40.88226661912631,0.8047833523396403,0.16216371450245148,8.515603635624052,12.344285553759894,340624570.6683125,0.0,0.7515000074580309,250.0,40000043.900750004,0.8083524013341792
resource,2,0.75,2000000.0,2.0,1500000.0,1.5,7500000.0,7.5,37500000000.0,37.5,maxweight_lyapunov,Lyapunov,fixed,,fixed,980000,64,64,resource_x0p75_maxweight_lyapunov_fixed_seedbase980000,/home/sgy/workspace/sagin_marl_phase4_learning_ablation/runs/phase4_learning_ablation/3uav20gu_t250/formal_parameter_sweeps_20260714_full/configs/resource/x0p75/structured_joint_mcgae_3uav20gu_t250_relational_critic.yaml,,maxweight_lyapunov,/home/sgy/workspace/sagin_marl_phase4_learning_ablation/runs/phase4_learning_ablation/3uav20gu_t250/formal_parameter_sweeps_20260714_full/results/resource/x0p75/fixed/maxweight_lyapunov/seedbase980000,37.81171908322722,0.7391597082176012,0.22033288777216223,10.225412069041282,16.330714446572596,409016477.92149997,0.0,0.9696145851165054,250.0,40000025.838750005,0.7399429130919439
resource,2,0.75,2000000.0,2.0,1500000.0,1.5,7500000.0,7.5,37500000000.0,37.5,maxweight_lyapunov,Lyapunov,fixed,,fixed,981000,64,64,resource_x0p75_maxweight_lyapunov_fixed_seedbase981000,/home/sgy/workspace/sagin_marl_phase4_learning_ablation/runs/phase4_learning_ablation/3uav20gu_t250/formal_parameter_sweeps_20260714_full/configs/resource/x0p75/structured_joint_mcgae_3uav20gu_t250_relational_critic.yaml,,maxweight_lyapunov,/home/sgy/workspace/sagin_marl_phase4_learning_ablation/runs/phase4_learning_ablation/3uav20gu_t250/formal_parameter_sweeps_20260714_full/results/resource/x0p75/fixed/maxweight_lyapunov/seedbase981000,38.772614773595706,0.7482001763936131,0.21485495654945974,9.589517406833824,14.705263215904594,383580691.89106244,0.0,0.9717916683405637,250.0,39999962.112749994,0.7485796055650877
resource,2,0.75,2000000.0,2.0,1500000.0,1.5,7500000.0,7.5,37500000000.0,37.5,maxweight_lyapunov,Lyapunov,fixed,,fixed,982000,64,64,resource_x0p75_maxweight_lyapunov_fixed_seedbase982000,/home/sgy/workspace/sagin_marl_phase4_learning_ablation/runs/phase4_learning_ablation/3uav20gu_t250/formal_parameter_sweeps_20260714_full/configs/resource/x0p75/structured_joint_mcgae_3uav20gu_t250_relational_critic.yaml,,maxweight_lyapunov,/home/sgy/workspace/sagin_marl_phase4_learning_ablation/runs/phase4_learning_ablation/3uav20gu_t250/formal_parameter_sweeps_20260714_full/results/resource/x0p75/fixed/maxweight_lyapunov/seedbase982000,38.119803377077915,0.7494863043166695,0.21055285010550853,10.092303914916704,15.083264347217046,403692151.93593746,0.0,0.9704895850419997,250.0,40000043.900750004,0.7497732250959256
resource,2,0.75,2000000.0,2.0,1500000.0,1.5,7500000.0,7.5,37500000000.0,37.5,queue_aware_bw,QBS,fixed,,fixed,980000,64,64,resource_x0p75_queue_aware_bw_fixed_seedbase980000,/home/sgy/workspace/sagin_marl_phase4_learning_ablation/runs/phase4_learning_ablation/3uav20gu_t250/formal_parameter_sweeps_20260714_full/configs/resource/x0p75/structured_joint_mcgae_3uav20gu_t250_relational_critic.yaml,,queue_aware_bw,/home/sgy/workspace/sagin_marl_phase4_learning_ablation/runs/phase4_learning_ablation/3uav20gu_t250/formal_parameter_sweeps_20260714_full/results/resource/x0p75/fixed/queue_aware_bw/seedbase980000,31.277326426585205,0.3700737817907938,0.5351089649616146,18.349041330354286,56.82437170986644,733961644.5662501,0.0,1.0,250.0,40000025.838750005,0.39995541600466467
resource,2,0.75,2000000.0,2.0,1500000.0,1.5,7500000.0,7.5,37500000000.0,37.5,queue_aware_bw,QBS,fixed,,fixed,981000,64,64,resource_x0p75_queue_aware_bw_fixed_seedbase981000,/home/sgy/workspace/sagin_marl_phase4_learning_ablation/runs/phase4_learning_ablation/3uav20gu_t250/formal_parameter_sweeps_20260714_full/configs/resource/x0p75/structured_joint_mcgae_3uav20gu_t250_relational_critic.yaml,,queue_aware_bw,/home/sgy/workspace/sagin_marl_phase4_learning_ablation/runs/phase4_learning_ablation/3uav20gu_t250/formal_parameter_sweeps_20260714_full/results/resource/x0p75/fixed/queue_aware_bw/seedbase981000,31.282017905148678,0.40070478303031987,0.5020471326603054,16.878973470455037,46.59082965339253,675158931.2200626,0.015625,1.0,246.109375,39999849.411,0.42453043252686595
resource,2,0.75,2000000.0,2.0,1500000.0,1.5,7500000.0,7.5,37500000000.0,37.5,queue_aware_bw,QBS,fixed,,fixed,982000,64,64,resource_x0p75_queue_aware_bw_fixed_seedbase982000,/home/sgy/workspace/sagin_marl_phase4_learning_ablation/runs/phase4_learning_ablation/3uav20gu_t250/formal_parameter_sweeps_20260714_full/configs/resource/x0p75/structured_joint_mcgae_3uav20gu_t250_relational_critic.yaml,,queue_aware_bw,/home/sgy/workspace/sagin_marl_phase4_learning_ablation/runs/phase4_learning_ablation/3uav20gu_t250/formal_parameter_sweeps_20260714_full/results/resource/x0p75/fixed/queue_aware_bw/seedbase982000,31.952440476976335,0.4056800100503023,0.5084232043757284,17.50394922578335,47.70758477872332,700157960.7809997,0.0,1.0,250.0,40000043.900750004,0.42659998269227695
resource,2,0.75,2000000.0,2.0,1500000.0,1.5,7500000.0,7.5,37500000000.0,37.5,static_uniform,Uniform,fixed,,fixed,980000,64,64,resource_x0p75_static_uniform_fixed_seedbase980000,/home/sgy/workspace/sagin_marl_phase4_learning_ablation/runs/phase4_learning_ablation/3uav20gu_t250/formal_parameter_sweeps_20260714_full/configs/resource/x0p75/structured_joint_mcgae_3uav20gu_t250_relational_critic.yaml,,static_uniform,/home/sgy/workspace/sagin_marl_phase4_learning_ablation/runs/phase4_learning_ablation/3uav20gu_t250/formal_parameter_sweeps_20260714_full/results/resource/x0p75/fixed/static_uniform/seedbase980000,31.531053925282322,0.37410891319252554,0.5543449360056891,15.432640278426929,53.61017409501969,617305604.01175,0.0,0.4837291771434248,250.0,40000025.838750005,0.37428706908130327
resource,2,0.75,2000000.0,2.0,1500000.0,1.5,7500000.0,7.5,37500000000.0,37.5,static_uniform,Uniform,fixed,,fixed,981000,64,64,resource_x0p75_static_uniform_fixed_seedbase981000,/home/sgy/workspace/sagin_marl_phase4_learning_ablation/runs/phase4_learning_ablation/3uav20gu_t250/formal_parameter_sweeps_20260714_full/configs/resource/x0p75/structured_joint_mcgae_3uav20gu_t250_relational_critic.yaml,,static_uniform,/home/sgy/workspace/sagin_marl_phase4_learning_ablation/runs/phase4_learning_ablation/3uav20gu_t250/formal_parameter_sweeps_20260714_full/results/resource/x0p75/fixed/static_uniform/seedbase981000,31.5454512006836,0.4001946058690081,0.5231670700052846,14.459535053440371,43.93058058900479,578381395.5426877,0.015625,0.4813437604615463,246.109375,39999849.411,0.400396330481122
resource,2,0.75,2000000.0,2.0,1500000.0,1.5,7500000.0,7.5,37500000000.0,37.5,static_uniform,Uniform,fixed,,fixed,982000,64,64,resource_x0p75_static_uniform_fixed_seedbase982000,/home/sgy/workspace/sagin_marl_phase4_learning_ablation/runs/phase4_learning_ablation/3uav20gu_t250/formal_parameter_sweeps_20260714_full/configs/resource/x0p75/structured_joint_mcgae_3uav20gu_t250_relational_critic.yaml,,static_uniform,/home/sgy/workspace/sagin_marl_phase4_learning_ablation/runs/phase4_learning_ablation/3uav20gu_t250/formal_parameter_sweeps_20260714_full/results/resource/x0p75/fixed/static_uniform/seedbase982000,32.23198111949023,0.3945275092772209,0.5386899564609374,15.09061882554181,45.639536585847864,603624746.0286872,0.0,0.4835625104680656,250.0,40000043.900750004,0.39457090044532844
resource,3,1.00,2000000.0,2.0,2000000.0,2.0,10000000.0,10.0,50000000000.0,50.0,relcritic,STARS,learned,45211,selected,980000,64,64,resource_x1p00_relcritic_seed45211_selected_seedbase980000,/home/sgy/workspace/sagin_marl_phase4_learning_ablation/runs/phase4_learning_ablation/3uav20gu_t250/formal_parameter_sweeps_20260714_full/configs/resource/x1p00/structured_joint_mcgae_3uav20gu_t250_relational_critic.yaml,/home/sgy/workspace/sagin_marl_phase4_learning_ablation/runs/phase4_learning_ablation/3uav20gu_t250/relational_critic/seed45211_20260711_213639_bootstrapgae_nocompile/best_checkpoint.pt,,/home/sgy/workspace/sagin_marl_phase4_learning_ablation/runs/phase4_learning_ablation/3uav20gu_t250/formal_parameter_sweeps_20260714_full/results/resource/x1p00/learned/relcritic/seed45211/selected/seedbase980000,71.73910658853129,0.8909308383595196,0.09096921789419318,5.030758871989091,7.850935610336442,201230352.69225004,0.0,0.5125260524842887,250.0,40000025.838750005,0.8911934002118386
resource,3,1.00,2000000.0,2.0,2000000.0,2.0,10000000.0,10.0,50000000000.0,50.0,relcritic,STARS,learned,45211,selected,981000,64,64,resource_x1p00_relcritic_seed45211_selected_seedbase981000,/home/sgy/workspace/sagin_marl_phase4_learning_ablation/runs/phase4_learning_ablation/3uav20gu_t250/formal_parameter_sweeps_20260714_full/configs/resource/x1p00/structured_joint_mcgae_3uav20gu_t250_relational_critic.yaml,/home/sgy/workspace/sagin_marl_phase4_learning_ablation/runs/phase4_learning_ablation/3uav20gu_t250/relational_critic/seed45211_20260711_213639_bootstrapgae_nocompile/best_checkpoint.pt,,/home/sgy/workspace/sagin_marl_phase4_learning_ablation/runs/phase4_learning_ablation/3uav20gu_t250/formal_parameter_sweeps_20260714_full/results/resource/x1p00/learned/relcritic/seed45211/selected/seedbase981000,69.07536095636897,0.8905958111705261,0.08564175524488506,4.343860919405609,6.186800902547665,173754434.67750004,0.015625,0.5259166770912707,246.109375,39999849.411,0.8909026957014439
resource,3,1.00,2000000.0,2.0,2000000.0,2.0,10000000.0,10.0,50000000000.0,50.0,relcritic,STARS,learned,45211,selected,982000,64,64,resource_x1p00_relcritic_seed45211_selected_seedbase982000,/home/sgy/workspace/sagin_marl_phase4_learning_ablation/runs/phase4_learning_ablation/3uav20gu_t250/formal_parameter_sweeps_20260714_full/configs/resource/x1p00/structured_joint_mcgae_3uav20gu_t250_relational_critic.yaml,/home/sgy/workspace/sagin_marl_phase4_learning_ablation/runs/phase4_learning_ablation/3uav20gu_t250/relational_critic/seed45211_20260711_213639_bootstrapgae_nocompile/best_checkpoint.pt,,/home/sgy/workspace/sagin_marl_phase4_learning_ablation/runs/phase4_learning_ablation/3uav20gu_t250/formal_parameter_sweeps_20260714_full/results/resource/x1p00/learned/relcritic/seed45211/selected/seedbase982000,71.1764783266699,0.9134175751600412,0.07348948725726857,4.363644305386063,5.990205771988984,174545770.17749998,0.0,0.5242343855146321,250.0,40000043.900750004,0.9138860476996602
resource,3,1.00,2000000.0,2.0,2000000.0,2.0,10000000.0,10.0,50000000000.0,50.0,relcritic,STARS,learned,73129,selected,980000,64,64,resource_x1p00_relcritic_seed73129_selected_seedbase980000,/home/sgy/workspace/sagin_marl_phase4_learning_ablation/runs/phase4_learning_ablation/3uav20gu_t250/formal_parameter_sweeps_20260714_full/configs/resource/x1p00/structured_joint_mcgae_3uav20gu_t250_relational_critic.yaml,/home/sgy/workspace/sagin_marl_phase4_learning_ablation/runs/phase4_learning_ablation/3uav20gu_t250/relational_critic/seed73129_20260711_213639_bootstrapgae_nocompile/best_checkpoint.pt,,/home/sgy/workspace/sagin_marl_phase4_learning_ablation/runs/phase4_learning_ablation/3uav20gu_t250/formal_parameter_sweeps_20260714_full/results/resource/x1p00/learned/relcritic/seed73129/selected/seedbase980000,72.28272791218478,0.8991655160589143,0.0850140353801917,4.33441862551002,6.707318526236325,173376742.95674998,0.0,0.5292291792454198,250.0,40000025.838750005,0.8997023588012751
resource,3,1.00,2000000.0,2.0,2000000.0,2.0,10000000.0,10.0,50000000000.0,50.0,relcritic,STARS,learned,73129,selected,981000,64,64,resource_x1p00_relcritic_seed73129_selected_seedbase981000,/home/sgy/workspace/sagin_marl_phase4_learning_ablation/runs/phase4_learning_ablation/3uav20gu_t250/formal_parameter_sweeps_20260714_full/configs/resource/x1p00/structured_joint_mcgae_3uav20gu_t250_relational_critic.yaml,/home/sgy/workspace/sagin_marl_phase4_learning_ablation/runs/phase4_learning_ablation/3uav20gu_t250/relational_critic/seed73129_20260711_213639_bootstrapgae_nocompile/best_checkpoint.pt,,/home/sgy/workspace/sagin_marl_phase4_learning_ablation/runs/phase4_learning_ablation/3uav20gu_t250/formal_parameter_sweeps_20260714_full/results/resource/x1p00/learned/relcritic/seed73129/selected/seedbase981000,70.9401186206378,0.9133707873325496,0.07394750178761972,3.824412910120222,5.270391662752106,152976514.54714733,0.015625,0.4934594612943974,247.84375,39999963.14001785,0.9137686231572232
resource,3,1.00,2000000.0,2.0,2000000.0,2.0,10000000.0,10.0,50000000000.0,50.0,relcritic,STARS,learned,73129,selected,982000,64,64,resource_x1p00_relcritic_seed73129_selected_seedbase982000,/home/sgy/workspace/sagin_marl_phase4_learning_ablation/runs/phase4_learning_ablation/3uav20gu_t250/formal_parameter_sweeps_20260714_full/configs/resource/x1p00/structured_joint_mcgae_3uav20gu_t250_relational_critic.yaml,/home/sgy/workspace/sagin_marl_phase4_learning_ablation/runs/phase4_learning_ablation/3uav20gu_t250/relational_critic/seed73129_20260711_213639_bootstrapgae_nocompile/best_checkpoint.pt,,/home/sgy/workspace/sagin_marl_phase4_learning_ablation/runs/phase4_learning_ablation/3uav20gu_t250/formal_parameter_sweeps_20260714_full/results/resource/x1p00/learned/relcritic/seed73129/selected/seedbase982000,72.68177342438139,0.9219409555923189,0.06708729049532756,3.7592712646903506,5.085339627756271,150370848.72593758,0.0,0.5027135535515844,250.0,40000043.900750004,0.9224820179224549
resource,3,1.00,2000000.0,2.0,2000000.0,2.0,10000000.0,10.0,50000000000.0,50.0,relcritic,STARS,learned,91457,selected,980000,64,64,resource_x1p00_relcritic_seed91457_selected_seedbase980000,/home/sgy/workspace/sagin_marl_phase4_learning_ablation/runs/phase4_learning_ablation/3uav20gu_t250/formal_parameter_sweeps_20260714_full/configs/resource/x1p00/structured_joint_mcgae_3uav20gu_t250_relational_critic.yaml,/home/sgy/workspace/sagin_marl_phase4_learning_ablation/runs/phase4_learning_ablation/3uav20gu_t250/relational_critic/seed91457_20260712_124615_resume_u0400_bootstrapgae_nocompile/best_checkpoint.pt,,/home/sgy/workspace/sagin_marl_phase4_learning_ablation/runs/phase4_learning_ablation/3uav20gu_t250/formal_parameter_sweeps_20260714_full/results/resource/x1p00/learned/relcritic/seed91457/selected/seedbase980000,72.54240709031001,0.9276125475461597,0.05487366378295928,4.881836018453879,6.521145652631819,195273438.453375,0.0,0.6022187620038164,250.0,40000025.838750005,0.9282947557245598
resource,3,1.00,2000000.0,2.0,2000000.0,2.0,10000000.0,10.0,50000000000.0,50.0,relcritic,STARS,learned,91457,selected,981000,64,64,resource_x1p00_relcritic_seed91457_selected_seedbase981000,/home/sgy/workspace/sagin_marl_phase4_learning_ablation/runs/phase4_learning_ablation/3uav20gu_t250/formal_parameter_sweeps_20260714_full/configs/resource/x1p00/structured_joint_mcgae_3uav20gu_t250_relational_critic.yaml,/home/sgy/workspace/sagin_marl_phase4_learning_ablation/runs/phase4_learning_ablation/3uav20gu_t250/relational_critic/seed91457_20260712_124615_resume_u0400_bootstrapgae_nocompile/best_checkpoint.pt,,/home/sgy/workspace/sagin_marl_phase4_learning_ablation/runs/phase4_learning_ablation/3uav20gu_t250/formal_parameter_sweeps_20260714_full/results/resource/x1p00/learned/relcritic/seed91457/selected/seedbase981000,70.5099305564072,0.9142112659052944,0.06229108657098414,4.658453759464725,6.328413904572381,186338148.08906248,0.015625,0.6006250112690029,246.109375,39999849.411,0.9151278385844699
resource,3,1.00,2000000.0,2.0,2000000.0,2.0,10000000.0,10.0,50000000000.0,50.0,relcritic,STARS,learned,91457,selected,982000,64,64,resource_x1p00_relcritic_seed91457_selected_seedbase982000,/home/sgy/workspace/sagin_marl_phase4_learning_ablation/runs/phase4_learning_ablation/3uav20gu_t250/formal_parameter_sweeps_20260714_full/configs/resource/x1p00/structured_joint_mcgae_3uav20gu_t250_relational_critic.yaml,/home/sgy/workspace/sagin_marl_phase4_learning_ablation/runs/phase4_learning_ablation/3uav20gu_t250/relational_critic/seed91457_20260712_124615_resume_u0400_bootstrapgae_nocompile/best_checkpoint.pt,,/home/sgy/workspace/sagin_marl_phase4_learning_ablation/runs/phase4_learning_ablation/3uav20gu_t250/formal_parameter_sweeps_20260714_full/results/resource/x1p00/learned/relcritic/seed91457/selected/seedbase982000,68.23010797449388,0.9244557478465142,0.061628747781496254,4.97076545557742,6.645285148572049,198830615.6038124,0.0,0.5974323042528701,250.0,40000043.900750004,0.9249208604211271
resource,3,1.00,2000000.0,2.0,2000000.0,2.0,10000000.0,10.0,50000000000.0,50.0,globalcritic,STARS-GC,learned,45211,selected,980000,64,64,resource_x1p00_globalcritic_seed45211_selected_seedbase980000,/home/sgy/workspace/sagin_marl_phase4_learning_ablation/runs/phase4_learning_ablation/3uav20gu_t250/formal_parameter_sweeps_20260714_full/configs/resource/x1p00/structured_joint_mcgae_3uav20gu_t250_global_only_critic.yaml,/home/sgy/workspace/sagin_marl_phase4_learning_ablation/runs/phase4_learning_ablation/3uav20gu_t250/global_only_critic/seed45211_20260712_124615_bootstrapgae_nocompile/best_checkpoint.pt,,/home/sgy/workspace/sagin_marl_phase4_learning_ablation/runs/phase4_learning_ablation/3uav20gu_t250/formal_parameter_sweeps_20260714_full/results/resource/x1p00/learned/globalcritic/seed45211/selected/seedbase980000,74.19408278469928,0.9062010904257185,0.07182067690387837,4.432257241831894,5.994004871713071,177290287.54261458,0.015625,0.7144661627352861,246.28125,40000029.638666674,0.9064315594489406
resource,3,1.00,2000000.0,2.0,2000000.0,2.0,10000000.0,10.0,50000000000.0,50.0,globalcritic,STARS-GC,learned,45211,selected,981000,64,64,resource_x1p00_globalcritic_seed45211_selected_seedbase981000,/home/sgy/workspace/sagin_marl_phase4_learning_ablation/runs/phase4_learning_ablation/3uav20gu_t250/formal_parameter_sweeps_20260714_full/configs/resource/x1p00/structured_joint_mcgae_3uav20gu_t250_global_only_critic.yaml,/home/sgy/workspace/sagin_marl_phase4_learning_ablation/runs/phase4_learning_ablation/3uav20gu_t250/global_only_critic/seed45211_20260712_124615_bootstrapgae_nocompile/best_checkpoint.pt,,/home/sgy/workspace/sagin_marl_phase4_learning_ablation/runs/phase4_learning_ablation/3uav20gu_t250/formal_parameter_sweeps_20260714_full/results/resource/x1p00/learned/globalcritic/seed45211/selected/seedbase981000,73.62953488109633,0.9023311783447857,0.08294774151581238,4.3051375829817475,6.093918103726351,172205501.28156248,0.0,0.7175208512013777,250.0,39999962.112749994,0.902567022525552
resource,3,1.00,2000000.0,2.0,2000000.0,2.0,10000000.0,10.0,50000000000.0,50.0,globalcritic,STARS-GC,learned,45211,selected,982000,64,64,resource_x1p00_globalcritic_seed45211_selected_seedbase982000,/home/sgy/workspace/sagin_marl_phase4_learning_ablation/runs/phase4_learning_ablation/3uav20gu_t250/formal_parameter_sweeps_20260714_full/configs/resource/x1p00/structured_joint_mcgae_3uav20gu_t250_global_only_critic.yaml,/home/sgy/workspace/sagin_marl_phase4_learning_ablation/runs/phase4_learning_ablation/3uav20gu_t250/global_only_critic/seed45211_20260712_124615_bootstrapgae_nocompile/best_checkpoint.pt,,/home/sgy/workspace/sagin_marl_phase4_learning_ablation/runs/phase4_learning_ablation/3uav20gu_t250/formal_parameter_sweeps_20260714_full/results/resource/x1p00/learned/globalcritic/seed45211/selected/seedbase982000,72.72471132269129,0.908294198419899,0.07722931007583794,4.625733958335907,6.200346260090617,185029356.15956253,0.0,0.7255937671223656,250.0,40000043.900750004,0.9089875601285091
resource,3,1.00,2000000.0,2.0,2000000.0,2.0,10000000.0,10.0,50000000000.0,50.0,globalcritic,STARS-GC,learned,73129,selected,980000,64,64,resource_x1p00_globalcritic_seed73129_selected_seedbase980000,/home/sgy/workspace/sagin_marl_phase4_learning_ablation/runs/phase4_learning_ablation/3uav20gu_t250/formal_parameter_sweeps_20260714_full/configs/resource/x1p00/structured_joint_mcgae_3uav20gu_t250_global_only_critic.yaml,/home/sgy/workspace/sagin_marl_phase4_learning_ablation/runs/phase4_learning_ablation/3uav20gu_t250/global_only_critic/seed73129_20260712_124615_bootstrapgae_nocompile/best_checkpoint.pt,,/home/sgy/workspace/sagin_marl_phase4_learning_ablation/runs/phase4_learning_ablation/3uav20gu_t250/formal_parameter_sweeps_20260714_full/results/resource/x1p00/learned/globalcritic/seed73129/selected/seedbase980000,34.83936270175036,0.6325955982778299,0.3272742860173723,9.451541278254862,23.6755961694109,378061646.66237503,0.015625,0.9816875010654328,247.265625,40000031.878166676,0.6331643767605872
resource,3,1.00,2000000.0,2.0,2000000.0,2.0,10000000.0,10.0,50000000000.0,50.0,globalcritic,STARS-GC,learned,73129,selected,981000,64,64,resource_x1p00_globalcritic_seed73129_selected_seedbase981000,/home/sgy/workspace/sagin_marl_phase4_learning_ablation/runs/phase4_learning_ablation/3uav20gu_t250/formal_parameter_sweeps_20260714_full/configs/resource/x1p00/structured_joint_mcgae_3uav20gu_t250_global_only_critic.yaml,/home/sgy/workspace/sagin_marl_phase4_learning_ablation/runs/phase4_learning_ablation/3uav20gu_t250/global_only_critic/seed73129_20260712_124615_bootstrapgae_nocompile/best_checkpoint.pt,,/home/sgy/workspace/sagin_marl_phase4_learning_ablation/runs/phase4_learning_ablation/3uav20gu_t250/formal_parameter_sweeps_20260714_full/results/resource/x1p00/learned/globalcritic/seed73129/selected/seedbase981000,35.785373461782,0.6563479812565132,0.30289812830792806,8.368443571823937,19.191756456090964,334737738.9327154,0.015625,0.9836145843006668,246.546875,39999967.18826723,0.6567689555223779
resource,3,1.00,2000000.0,2.0,2000000.0,2.0,10000000.0,10.0,50000000000.0,50.0,globalcritic,STARS-GC,learned,73129,selected,982000,64,64,resource_x1p00_globalcritic_seed73129_selected_seedbase982000,/home/sgy/workspace/sagin_marl_phase4_learning_ablation/runs/phase4_learning_ablation/3uav20gu_t250/formal_parameter_sweeps_20260714_full/configs/resource/x1p00/structured_joint_mcgae_3uav20gu_t250_global_only_critic.yaml,/home/sgy/workspace/sagin_marl_phase4_learning_ablation/runs/phase4_learning_ablation/3uav20gu_t250/global_only_critic/seed73129_20260712_124615_bootstrapgae_nocompile/best_checkpoint.pt,,/home/sgy/workspace/sagin_marl_phase4_learning_ablation/runs/phase4_learning_ablation/3uav20gu_t250/formal_parameter_sweeps_20260714_full/results/resource/x1p00/learned/globalcritic/seed73129/selected/seedbase982000,35.48341566231102,0.6677566670749764,0.285977104474457,8.510204006395112,18.95195745436104,340408156.16353166,0.046875,0.9807888268858872,243.5,40000029.32965849,0.6680624022272
resource,3,1.00,2000000.0,2.0,2000000.0,2.0,10000000.0,10.0,50000000000.0,50.0,globalcritic,STARS-GC,learned,91457,selected,980000,64,64,resource_x1p00_globalcritic_seed91457_selected_seedbase980000,/home/sgy/workspace/sagin_marl_phase4_learning_ablation/runs/phase4_learning_ablation/3uav20gu_t250/formal_parameter_sweeps_20260714_full/configs/resource/x1p00/structured_joint_mcgae_3uav20gu_t250_global_only_critic.yaml,/home/sgy/workspace/sagin_marl_phase4_learning_ablation/runs/phase4_learning_ablation/3uav20gu_t250/global_only_critic/seed91457_20260712_124615_bootstrapgae_nocompile/best_checkpoint.pt,,/home/sgy/workspace/sagin_marl_phase4_learning_ablation/runs/phase4_learning_ablation/3uav20gu_t250/formal_parameter_sweeps_20260714_full/results/resource/x1p00/learned/globalcritic/seed91457/selected/seedbase980000,33.67731066251872,0.6268429490815804,0.3270898301502103,9.29800175497226,21.000647403461635,371920065.7528473,0.0625,0.780496862518154,241.953125,40000034.034053005,0.6273894393173507
resource,3,1.00,2000000.0,2.0,2000000.0,2.0,10000000.0,10.0,50000000000.0,50.0,globalcritic,STARS-GC,learned,91457,selected,981000,64,64,resource_x1p00_globalcritic_seed91457_selected_seedbase981000,/home/sgy/workspace/sagin_marl_phase4_learning_ablation/runs/phase4_learning_ablation/3uav20gu_t250/formal_parameter_sweeps_20260714_full/configs/resource/x1p00/structured_joint_mcgae_3uav20gu_t250_global_only_critic.yaml,/home/sgy/workspace/sagin_marl_phase4_learning_ablation/runs/phase4_learning_ablation/3uav20gu_t250/global_only_critic/seed91457_20260712_124615_bootstrapgae_nocompile/best_checkpoint.pt,,/home/sgy/workspace/sagin_marl_phase4_learning_ablation/runs/phase4_learning_ablation/3uav20gu_t250/formal_parameter_sweeps_20260714_full/results/resource/x1p00/learned/globalcritic/seed91457/selected/seedbase981000,31.92809947137721,0.5967228669080682,0.3393874195152264,9.39071556277908,22.49256042402561,375628617.9995816,0.125,0.7911784791836476,234.109375,39999848.04566747,0.5972235830413825
resource,3,1.00,2000000.0,2.0,2000000.0,2.0,10000000.0,10.0,50000000000.0,50.0,globalcritic,STARS-GC,learned,91457,selected,982000,64,64,resource_x1p00_globalcritic_seed91457_selected_seedbase982000,/home/sgy/workspace/sagin_marl_phase4_learning_ablation/runs/phase4_learning_ablation/3uav20gu_t250/formal_parameter_sweeps_20260714_full/configs/resource/x1p00/structured_joint_mcgae_3uav20gu_t250_global_only_critic.yaml,/home/sgy/workspace/sagin_marl_phase4_learning_ablation/runs/phase4_learning_ablation/3uav20gu_t250/global_only_critic/seed91457_20260712_124615_bootstrapgae_nocompile/best_checkpoint.pt,,/home/sgy/workspace/sagin_marl_phase4_learning_ablation/runs/phase4_learning_ablation/3uav20gu_t250/formal_parameter_sweeps_20260714_full/results/resource/x1p00/learned/globalcritic/seed91457/selected/seedbase982000,34.16415182763012,0.63096918900807,0.32195653437847027,9.514970424539992,21.75283047897071,380598812.5576038,0.03125,0.77424754719381,244.421875,40000032.32702561,0.6316114398942956
resource,3,1.00,2000000.0,2.0,2000000.0,2.0,10000000.0,10.0,50000000000.0,50.0,cluster_center_queue_aware,QCCS,fixed,,fixed,980000,64,64,resource_x1p00_cluster_center_queue_aware_fixed_seedbase980000,/home/sgy/workspace/sagin_marl_phase4_learning_ablation/runs/phase4_learning_ablation/3uav20gu_t250/formal_parameter_sweeps_20260714_full/configs/resource/x1p00/structured_joint_mcgae_3uav20gu_t250_relational_critic.yaml,,cluster_center_queue_aware,/home/sgy/workspace/sagin_marl_phase4_learning_ablation/runs/phase4_learning_ablation/3uav20gu_t250/formal_parameter_sweeps_20260714_full/results/resource/x1p00/fixed/cluster_center_queue_aware/seedbase980000,50.07149147707969,0.8893830855495758,0.0831476917647501,6.307818739284296,8.897646830207206,252312746.6993125,0.0,0.7595729233901952,250.0,40000025.838750005,0.8981113094440281
resource,3,1.00,2000000.0,2.0,2000000.0,2.0,10000000.0,10.0,50000000000.0,50.0,cluster_center_queue_aware,QCCS,fixed,,fixed,981000,64,64,resource_x1p00_cluster_center_queue_aware_fixed_seedbase981000,/home/sgy/workspace/sagin_marl_phase4_learning_ablation/runs/phase4_learning_ablation/3uav20gu_t250/formal_parameter_sweeps_20260714_full/configs/resource/x1p00/structured_joint_mcgae_3uav20gu_t250_relational_critic.yaml,,cluster_center_queue_aware,/home/sgy/workspace/sagin_marl_phase4_learning_ablation/runs/phase4_learning_ablation/3uav20gu_t250/formal_parameter_sweeps_20260714_full/results/resource/x1p00/fixed/cluster_center_queue_aware/seedbase981000,50.5593010870507,0.8889185655671173,0.08184445170490992,6.085739245018076,8.360592657965727,243429567.0913125,0.015625,0.7511875069011008,246.875,39999964.05575,0.8986849999883851
resource,3,1.00,2000000.0,2.0,2000000.0,2.0,10000000.0,10.0,50000000000.0,50.0,cluster_center_queue_aware,QCCS,fixed,,fixed,982000,64,64,resource_x1p00_cluster_center_queue_aware_fixed_seedbase982000,/home/sgy/workspace/sagin_marl_phase4_learning_ablation/runs/phase4_learning_ablation/3uav20gu_t250/formal_parameter_sweeps_20260714_full/configs/resource/x1p00/structured_joint_mcgae_3uav20gu_t250_relational_critic.yaml,,cluster_center_queue_aware,/home/sgy/workspace/sagin_marl_phase4_learning_ablation/runs/phase4_learning_ablation/3uav20gu_t250/formal_parameter_sweeps_20260714_full/results/resource/x1p00/fixed/cluster_center_queue_aware/seedbase982000,50.71405506902374,0.9013056284380145,0.073332434633714,6.142568752005929,8.279182336790951,245702747.106,0.0,0.7747395896930251,250.0,40000043.900750004,0.9108509858152983
resource,3,1.00,2000000.0,2.0,2000000.0,2.0,10000000.0,10.0,50000000000.0,50.0,maxweight_lyapunov,Lyapunov,fixed,,fixed,980000,64,64,resource_x1p00_maxweight_lyapunov_fixed_seedbase980000,/home/sgy/workspace/sagin_marl_phase4_learning_ablation/runs/phase4_learning_ablation/3uav20gu_t250/formal_parameter_sweeps_20260714_full/configs/resource/x1p00/structured_joint_mcgae_3uav20gu_t250_relational_critic.yaml,,maxweight_lyapunov,/home/sgy/workspace/sagin_marl_phase4_learning_ablation/runs/phase4_learning_ablation/3uav20gu_t250/formal_parameter_sweeps_20260714_full/results/resource/x1p00/fixed/maxweight_lyapunov/seedbase980000,44.08374192600604,0.8381952912121778,0.12794770197427535,8.007914853367955,11.715912342786323,320316590.38287485,0.0,0.9724791682809595,250.0,40000025.838750005,0.845391899422828
resource,3,1.00,2000000.0,2.0,2000000.0,2.0,10000000.0,10.0,50000000000.0,50.0,maxweight_lyapunov,Lyapunov,fixed,,fixed,981000,64,64,resource_x1p00_maxweight_lyapunov_fixed_seedbase981000,/home/sgy/workspace/sagin_marl_phase4_learning_ablation/runs/phase4_learning_ablation/3uav20gu_t250/formal_parameter_sweeps_20260714_full/configs/resource/x1p00/structured_joint_mcgae_3uav20gu_t250_relational_critic.yaml,,maxweight_lyapunov,/home/sgy/workspace/sagin_marl_phase4_learning_ablation/runs/phase4_learning_ablation/3uav20gu_t250/formal_parameter_sweeps_20260714_full/results/resource/x1p00/fixed/maxweight_lyapunov/seedbase981000,45.198996210470796,0.8450745913498107,0.12705994767404197,7.522842796677024,10.583848085634266,300913708.3924999,0.0,0.9719687516689304,250.0,39999962.112749994,0.8494476636267823
resource,3,1.00,2000000.0,2.0,2000000.0,2.0,10000000.0,10.0,50000000000.0,50.0,maxweight_lyapunov,Lyapunov,fixed,,fixed,982000,64,64,resource_x1p00_maxweight_lyapunov_fixed_seedbase982000,/home/sgy/workspace/sagin_marl_phase4_learning_ablation/runs/phase4_learning_ablation/3uav20gu_t250/formal_parameter_sweeps_20260714_full/configs/resource/x1p00/structured_joint_mcgae_3uav20gu_t250_relational_critic.yaml,,maxweight_lyapunov,/home/sgy/workspace/sagin_marl_phase4_learning_ablation/runs/phase4_learning_ablation/3uav20gu_t250/formal_parameter_sweeps_20260714_full/results/resource/x1p00/fixed/maxweight_lyapunov/seedbase982000,44.68621475843247,0.8525861518641467,0.1175296711899409,7.655579813910882,10.608232268210033,306223188.96962506,0.0,0.9726250015981498,250.0,40000043.900750004,0.8581767243497882
resource,3,1.00,2000000.0,2.0,2000000.0,2.0,10000000.0,10.0,50000000000.0,50.0,queue_aware_bw,QBS,fixed,,fixed,980000,64,64,resource_x1p00_queue_aware_bw_fixed_seedbase980000,/home/sgy/workspace/sagin_marl_phase4_learning_ablation/runs/phase4_learning_ablation/3uav20gu_t250/formal_parameter_sweeps_20260714_full/configs/resource/x1p00/structured_joint_mcgae_3uav20gu_t250_relational_critic.yaml,,queue_aware_bw,/home/sgy/workspace/sagin_marl_phase4_learning_ablation/runs/phase4_learning_ablation/3uav20gu_t250/formal_parameter_sweeps_20260714_full/results/resource/x1p00/fixed/queue_aware_bw/seedbase980000,32.6950161192799,0.4499530900577083,0.4608934118765127,17.32477882351354,44.59744476248558,692991144.7987498,0.0,1.0,250.0,40000025.838750005,0.4895888011206065
resource,3,1.00,2000000.0,2.0,2000000.0,2.0,10000000.0,10.0,50000000000.0,50.0,queue_aware_bw,QBS,fixed,,fixed,981000,64,64,resource_x1p00_queue_aware_bw_fixed_seedbase981000,/home/sgy/workspace/sagin_marl_phase4_learning_ablation/runs/phase4_learning_ablation/3uav20gu_t250/formal_parameter_sweeps_20260714_full/configs/resource/x1p00/structured_joint_mcgae_3uav20gu_t250_relational_critic.yaml,,queue_aware_bw,/home/sgy/workspace/sagin_marl_phase4_learning_ablation/runs/phase4_learning_ablation/3uav20gu_t250/formal_parameter_sweeps_20260714_full/results/resource/x1p00/fixed/queue_aware_bw/seedbase981000,32.70054205879569,0.4807006453112697,0.42658452666904656,15.891375990614065,36.82925934984,635655032.0786878,0.015625,1.0,246.109375,39999849.411,0.5101503477957461
resource,3,1.00,2000000.0,2.0,2000000.0,2.0,10000000.0,10.0,50000000000.0,50.0,queue_aware_bw,QBS,fixed,,fixed,982000,64,64,resource_x1p00_queue_aware_bw_fixed_seedbase982000,/home/sgy/workspace/sagin_marl_phase4_learning_ablation/runs/phase4_learning_ablation/3uav20gu_t250/formal_parameter_sweeps_20260714_full/configs/resource/x1p00/structured_joint_mcgae_3uav20gu_t250_relational_critic.yaml,,queue_aware_bw,/home/sgy/workspace/sagin_marl_phase4_learning_ablation/runs/phase4_learning_ablation/3uav20gu_t250/formal_parameter_sweeps_20260714_full/results/resource/x1p00/fixed/queue_aware_bw/seedbase982000,33.498390922439285,0.49153333023400053,0.4250659976746786,16.551173795190174,37.697745278758,662046943.8048753,0.0,1.0,250.0,40000043.900750004,0.5198739516197648
resource,3,1.00,2000000.0,2.0,2000000.0,2.0,10000000.0,10.0,50000000000.0,50.0,static_uniform,Uniform,fixed,,fixed,980000,64,64,resource_x1p00_static_uniform_fixed_seedbase980000,/home/sgy/workspace/sagin_marl_phase4_learning_ablation/runs/phase4_learning_ablation/3uav20gu_t250/formal_parameter_sweeps_20260714_full/configs/resource/x1p00/structured_joint_mcgae_3uav20gu_t250_relational_critic.yaml,,static_uniform,/home/sgy/workspace/sagin_marl_phase4_learning_ablation/runs/phase4_learning_ablation/3uav20gu_t250/formal_parameter_sweeps_20260714_full/results/resource/x1p00/fixed/static_uniform/seedbase980000,32.92228843306657,0.4557994886639064,0.47958818549414645,14.207190152490506,42.12940455814544,568287599.4771876,0.0,0.4837291771434248,250.0,40000025.838750005,0.4570051649178179
resource,3,1.00,2000000.0,2.0,2000000.0,2.0,10000000.0,10.0,50000000000.0,50.0,static_uniform,Uniform,fixed,,fixed,981000,64,64,resource_x1p00_static_uniform_fixed_seedbase981000,/home/sgy/workspace/sagin_marl_phase4_learning_ablation/runs/phase4_learning_ablation/3uav20gu_t250/formal_parameter_sweeps_20260714_full/configs/resource/x1p00/structured_joint_mcgae_3uav20gu_t250_relational_critic.yaml,,static_uniform,/home/sgy/workspace/sagin_marl_phase4_learning_ablation/runs/phase4_learning_ablation/3uav20gu_t250/formal_parameter_sweeps_20260714_full/results/resource/x1p00/fixed/static_uniform/seedbase981000,32.999053084640764,0.48215464622317816,0.4485651803198494,13.030596627844325,33.898316289205276,521223859.15524995,0.015625,0.4813437604615463,246.109375,39999849.411,0.48256330550706356
resource,3,1.00,2000000.0,2.0,2000000.0,2.0,10000000.0,10.0,50000000000.0,50.0,static_uniform,Uniform,fixed,,fixed,982000,64,64,resource_x1p00_static_uniform_fixed_seedbase982000,/home/sgy/workspace/sagin_marl_phase4_learning_ablation/runs/phase4_learning_ablation/3uav20gu_t250/formal_parameter_sweeps_20260714_full/configs/resource/x1p00/structured_joint_mcgae_3uav20gu_t250_relational_critic.yaml,,static_uniform,/home/sgy/workspace/sagin_marl_phase4_learning_ablation/runs/phase4_learning_ablation/3uav20gu_t250/formal_parameter_sweeps_20260714_full/results/resource/x1p00/fixed/static_uniform/seedbase982000,33.76532633113675,0.4804657591287977,0.4595604107315021,13.603631741127462,35.13061124614858,544145263.3085002,0.0,0.4835625104680656,250.0,40000043.900750004,0.4805707086255087
resource,4,1.25,2000000.0,2.0,2500000.0,2.5,12500000.0,12.5,62500000000.0,62.5,relcritic,STARS,learned,45211,selected,980000,64,64,resource_x1p25_relcritic_seed45211_selected_seedbase980000,/home/sgy/workspace/sagin_marl_phase4_learning_ablation/runs/phase4_learning_ablation/3uav20gu_t250/formal_parameter_sweeps_20260714_full/configs/resource/x1p25/structured_joint_mcgae_3uav20gu_t250_relational_critic.yaml,/home/sgy/workspace/sagin_marl_phase4_learning_ablation/runs/phase4_learning_ablation/3uav20gu_t250/relational_critic/seed45211_20260711_213639_bootstrapgae_nocompile/best_checkpoint.pt,,/home/sgy/workspace/sagin_marl_phase4_learning_ablation/runs/phase4_learning_ablation/3uav20gu_t250/formal_parameter_sweeps_20260714_full/results/resource/x1p25/learned/relcritic/seed45211/selected/seedbase980000,122.54062010894995,0.9534750154856592,0.03941736310696432,2.7359404498261006,3.995941764346718,109437616.72199999,0.0,0.5111875110808761,250.0,40000025.838750005,0.9536209833976382
resource,4,1.25,2000000.0,2.0,2500000.0,2.5,12500000.0,12.5,62500000000.0,62.5,relcritic,STARS,learned,45211,selected,981000,64,64,resource_x1p25_relcritic_seed45211_selected_seedbase981000,/home/sgy/workspace/sagin_marl_phase4_learning_ablation/runs/phase4_learning_ablation/3uav20gu_t250/formal_parameter_sweeps_20260714_full/configs/resource/x1p25/structured_joint_mcgae_3uav20gu_t250_relational_critic.yaml,/home/sgy/workspace/sagin_marl_phase4_learning_ablation/runs/phase4_learning_ablation/3uav20gu_t250/relational_critic/seed45211_20260711_213639_bootstrapgae_nocompile/best_checkpoint.pt,,/home/sgy/workspace/sagin_marl_phase4_learning_ablation/runs/phase4_learning_ablation/3uav20gu_t250/formal_parameter_sweeps_20260714_full/results/resource/x1p25/learned/relcritic/seed45211/selected/seedbase981000,117.18151350901462,0.9431889515530005,0.04042489246113254,2.5031776511917525,3.3776362555167774,100127104.89229168,0.03125,0.5152821287324961,243.140625,39999851.44908333,0.9433179117820792
resource,4,1.25,2000000.0,2.0,2500000.0,2.5,12500000.0,12.5,62500000000.0,62.5,relcritic,STARS,learned,45211,selected,982000,64,64,resource_x1p25_relcritic_seed45211_selected_seedbase982000,/home/sgy/workspace/sagin_marl_phase4_learning_ablation/runs/phase4_learning_ablation/3uav20gu_t250/formal_parameter_sweeps_20260714_full/configs/resource/x1p25/structured_joint_mcgae_3uav20gu_t250_relational_critic.yaml,/home/sgy/workspace/sagin_marl_phase4_learning_ablation/runs/phase4_learning_ablation/3uav20gu_t250/relational_critic/seed45211_20260711_213639_bootstrapgae_nocompile/best_checkpoint.pt,,/home/sgy/workspace/sagin_marl_phase4_learning_ablation/runs/phase4_learning_ablation/3uav20gu_t250/formal_parameter_sweeps_20260714_full/results/resource/x1p25/learned/relcritic/seed45211/selected/seedbase982000,125.51056636008434,0.9672657303069719,0.0276984546971189,2.1089195669383614,2.7364878244695285,84356781.69012503,0.0,0.5213645941503346,250.0,40000043.900750004,0.9674078575806926
resource,4,1.25,2000000.0,2.0,2500000.0,2.5,12500000.0,12.5,62500000000.0,62.5,relcritic,STARS,learned,73129,selected,980000,64,64,resource_x1p25_relcritic_seed73129_selected_seedbase980000,/home/sgy/workspace/sagin_marl_phase4_learning_ablation/runs/phase4_learning_ablation/3uav20gu_t250/formal_parameter_sweeps_20260714_full/configs/resource/x1p25/structured_joint_mcgae_3uav20gu_t250_relational_critic.yaml,/home/sgy/workspace/sagin_marl_phase4_learning_ablation/runs/phase4_learning_ablation/3uav20gu_t250/relational_critic/seed73129_20260711_213639_bootstrapgae_nocompile/best_checkpoint.pt,,/home/sgy/workspace/sagin_marl_phase4_learning_ablation/runs/phase4_learning_ablation/3uav20gu_t250/formal_parameter_sweeps_20260714_full/results/resource/x1p25/learned/relcritic/seed73129/selected/seedbase980000,119.9774812257383,0.9470318799712691,0.04326067293520316,2.5771521177781747,3.87090650097296,103086083.55081253,0.0,0.5722291798703373,250.0,40000025.838750005,0.9497436146529564
resource,4,1.25,2000000.0,2.0,2500000.0,2.5,12500000.0,12.5,62500000000.0,62.5,relcritic,STARS,learned,73129,selected,981000,64,64,resource_x1p25_relcritic_seed73129_selected_seedbase981000,/home/sgy/workspace/sagin_marl_phase4_learning_ablation/runs/phase4_learning_ablation/3uav20gu_t250/formal_parameter_sweeps_20260714_full/configs/resource/x1p25/structured_joint_mcgae_3uav20gu_t250_relational_critic.yaml,/home/sgy/workspace/sagin_marl_phase4_learning_ablation/runs/phase4_learning_ablation/3uav20gu_t250/relational_critic/seed73129_20260711_213639_bootstrapgae_nocompile/best_checkpoint.pt,,/home/sgy/workspace/sagin_marl_phase4_learning_ablation/runs/phase4_learning_ablation/3uav20gu_t250/formal_parameter_sweeps_20260714_full/results/resource/x1p25/learned/relcritic/seed73129/selected/seedbase981000,119.2440117856022,0.9638301182955278,0.029989630053109086,2.0619867063286805,2.6706677479858625,82479467.29547736,0.015625,0.5649947152550188,249.71875,39999964.51994395,0.9654510454446755
resource,4,1.25,2000000.0,2.0,2500000.0,2.5,12500000.0,12.5,62500000000.0,62.5,relcritic,STARS,learned,73129,selected,982000,64,64,resource_x1p25_relcritic_seed73129_selected_seedbase982000,/home/sgy/workspace/sagin_marl_phase4_learning_ablation/runs/phase4_learning_ablation/3uav20gu_t250/formal_parameter_sweeps_20260714_full/configs/resource/x1p25/structured_joint_mcgae_3uav20gu_t250_relational_critic.yaml,/home/sgy/workspace/sagin_marl_phase4_learning_ablation/runs/phase4_learning_ablation/3uav20gu_t250/relational_critic/seed73129_20260711_213639_bootstrapgae_nocompile/best_checkpoint.pt,,/home/sgy/workspace/sagin_marl_phase4_learning_ablation/runs/phase4_learning_ablation/3uav20gu_t250/formal_parameter_sweeps_20260714_full/results/resource/x1p25/learned/relcritic/seed73129/selected/seedbase982000,124.6452449397184,0.970782015929464,0.023151916881783682,1.906577829539122,2.383805531364841,76263112.24031247,0.0,0.5710833462532608,250.0,40000043.900750004,0.9724510416298526
resource,4,1.25,2000000.0,2.0,2500000.0,2.5,12500000.0,12.5,62500000000.0,62.5,relcritic,STARS,learned,91457,selected,980000,64,64,resource_x1p25_relcritic_seed91457_selected_seedbase980000,/home/sgy/workspace/sagin_marl_phase4_learning_ablation/runs/phase4_learning_ablation/3uav20gu_t250/formal_parameter_sweeps_20260714_full/configs/resource/x1p25/structured_joint_mcgae_3uav20gu_t250_relational_critic.yaml,/home/sgy/workspace/sagin_marl_phase4_learning_ablation/runs/phase4_learning_ablation/3uav20gu_t250/relational_critic/seed91457_20260712_124615_resume_u0400_bootstrapgae_nocompile/best_checkpoint.pt,,/home/sgy/workspace/sagin_marl_phase4_learning_ablation/runs/phase4_learning_ablation/3uav20gu_t250/formal_parameter_sweeps_20260714_full/results/resource/x1p25/learned/relcritic/seed91457/selected/seedbase980000,118.32155948015861,0.971393359541893,0.018950818332075417,2.8305133610160436,3.692735569660223,113220533.10087503,0.0,0.6025677206320688,250.0,40000025.838750005,0.9747966403012533
resource,4,1.25,2000000.0,2.0,2500000.0,2.5,12500000.0,12.5,62500000000.0,62.5,relcritic,STARS,learned,91457,selected,981000,64,64,resource_x1p25_relcritic_seed91457_selected_seedbase981000,/home/sgy/workspace/sagin_marl_phase4_learning_ablation/runs/phase4_learning_ablation/3uav20gu_t250/formal_parameter_sweeps_20260714_full/configs/resource/x1p25/structured_joint_mcgae_3uav20gu_t250_relational_critic.yaml,/home/sgy/workspace/sagin_marl_phase4_learning_ablation/runs/phase4_learning_ablation/3uav20gu_t250/relational_critic/seed91457_20260712_124615_resume_u0400_bootstrapgae_nocompile/best_checkpoint.pt,,/home/sgy/workspace/sagin_marl_phase4_learning_ablation/runs/phase4_learning_ablation/3uav20gu_t250/formal_parameter_sweeps_20260714_full/results/resource/x1p25/learned/relcritic/seed91457/selected/seedbase981000,114.97581992624328,0.9610800263662824,0.020389751890669237,2.832263714769734,3.7332458241020707,113290547.25606252,0.015625,0.6050625111600384,246.109375,39999849.411,0.9652262228628665
resource,4,1.25,2000000.0,2.0,2500000.0,2.5,12500000.0,12.5,62500000000.0,62.5,relcritic,STARS,learned,91457,selected,982000,64,64,resource_x1p25_relcritic_seed91457_selected_seedbase982000,/home/sgy/workspace/sagin_marl_phase4_learning_ablation/runs/phase4_learning_ablation/3uav20gu_t250/formal_parameter_sweeps_20260714_full/configs/resource/x1p25/structured_joint_mcgae_3uav20gu_t250_relational_critic.yaml,/home/sgy/workspace/sagin_marl_phase4_learning_ablation/runs/phase4_learning_ablation/3uav20gu_t250/relational_critic/seed91457_20260712_124615_resume_u0400_bootstrapgae_nocompile/best_checkpoint.pt,,/home/sgy/workspace/sagin_marl_phase4_learning_ablation/runs/phase4_learning_ablation/3uav20gu_t250/formal_parameter_sweeps_20260714_full/results/resource/x1p25/learned/relcritic/seed91457/selected/seedbase982000,116.69413551222533,0.9743580129584295,0.017412399800296047,2.7233497369583493,3.435655717384618,108933988.21249998,0.0,0.6147708449643106,250.0,40000043.900750004,0.977830891585138
resource,4,1.25,2000000.0,2.0,2500000.0,2.5,12500000.0,12.5,62500000000.0,62.5,globalcritic,STARS-GC,learned,45211,selected,980000,64,64,resource_x1p25_globalcritic_seed45211_selected_seedbase980000,/home/sgy/workspace/sagin_marl_phase4_learning_ablation/runs/phase4_learning_ablation/3uav20gu_t250/formal_parameter_sweeps_20260714_full/configs/resource/x1p25/structured_joint_mcgae_3uav20gu_t250_global_only_critic.yaml,/home/sgy/workspace/sagin_marl_phase4_learning_ablation/runs/phase4_learning_ablation/3uav20gu_t250/global_only_critic/seed45211_20260712_124615_bootstrapgae_nocompile/best_checkpoint.pt,,/home/sgy/workspace/sagin_marl_phase4_learning_ablation/runs/phase4_learning_ablation/3uav20gu_t250/formal_parameter_sweeps_20260714_full/results/resource/x1p25/learned/globalcritic/seed45211/selected/seedbase980000,117.42360617849045,0.9582863089684395,0.03044421801449244,3.0153848496257796,3.849741408960138,120615392.6205625,0.0,0.7596458512060342,250.0,40000025.838750005,0.9626914133949027
resource,4,1.25,2000000.0,2.0,2500000.0,2.5,12500000.0,12.5,62500000000.0,62.5,globalcritic,STARS-GC,learned,45211,selected,981000,64,64,resource_x1p25_globalcritic_seed45211_selected_seedbase981000,/home/sgy/workspace/sagin_marl_phase4_learning_ablation/runs/phase4_learning_ablation/3uav20gu_t250/formal_parameter_sweeps_20260714_full/configs/resource/x1p25/structured_joint_mcgae_3uav20gu_t250_global_only_critic.yaml,/home/sgy/workspace/sagin_marl_phase4_learning_ablation/runs/phase4_learning_ablation/3uav20gu_t250/global_only_critic/seed45211_20260712_124615_bootstrapgae_nocompile/best_checkpoint.pt,,/home/sgy/workspace/sagin_marl_phase4_learning_ablation/runs/phase4_learning_ablation/3uav20gu_t250/formal_parameter_sweeps_20260714_full/results/resource/x1p25/learned/globalcritic/seed45211/selected/seedbase981000,119.48485783278011,0.9595299077604508,0.030916673643033726,2.646629741582919,3.4440631458958397,105865188.4190625,0.015625,0.7576152735342002,248.515625,39999967.61180644,0.9622984118728642
resource,4,1.25,2000000.0,2.0,2500000.0,2.5,12500000.0,12.5,62500000000.0,62.5,globalcritic,STARS-GC,learned,45211,selected,982000,64,64,resource_x1p25_globalcritic_seed45211_selected_seedbase982000,/home/sgy/workspace/sagin_marl_phase4_learning_ablation/runs/phase4_learning_ablation/3uav20gu_t250/formal_parameter_sweeps_20260714_full/configs/resource/x1p25/structured_joint_mcgae_3uav20gu_t250_global_only_critic.yaml,/home/sgy/workspace/sagin_marl_phase4_learning_ablation/runs/phase4_learning_ablation/3uav20gu_t250/global_only_critic/seed45211_20260712_124615_bootstrapgae_nocompile/best_checkpoint.pt,,/home/sgy/workspace/sagin_marl_phase4_learning_ablation/runs/phase4_learning_ablation/3uav20gu_t250/formal_parameter_sweeps_20260714_full/results/resource/x1p25/learned/globalcritic/seed45211/selected/seedbase982000,117.95879464526661,0.9586067258873954,0.029970549025537373,2.8698232068224256,3.6083718330259735,114792926.87093748,0.0,0.7598385592829433,250.0,40000043.900750004,0.9629203847342223
resource,4,1.25,2000000.0,2.0,2500000.0,2.5,12500000.0,12.5,62500000000.0,62.5,globalcritic,STARS-GC,learned,73129,selected,980000,64,64,resource_x1p25_globalcritic_seed73129_selected_seedbase980000,/home/sgy/workspace/sagin_marl_phase4_learning_ablation/runs/phase4_learning_ablation/3uav20gu_t250/formal_parameter_sweeps_20260714_full/configs/resource/x1p25/structured_joint_mcgae_3uav20gu_t250_global_only_critic.yaml,/home/sgy/workspace/sagin_marl_phase4_learning_ablation/runs/phase4_learning_ablation/3uav20gu_t250/global_only_critic/seed73129_20260712_124615_bootstrapgae_nocompile/best_checkpoint.pt,,/home/sgy/workspace/sagin_marl_phase4_learning_ablation/runs/phase4_learning_ablation/3uav20gu_t250/formal_parameter_sweeps_20260714_full/results/resource/x1p25/learned/globalcritic/seed73129/selected/seedbase980000,28.983909359783866,0.5058400152373517,0.43092777880271127,10.231877305549993,36.01356804874468,409275087.31461924,0.1875,0.986915827392781,225.15625,40000021.37827765,0.5061272831009505
resource,4,1.25,2000000.0,2.0,2500000.0,2.5,12500000.0,12.5,62500000000.0,62.5,globalcritic,STARS-GC,learned,73129,selected,981000,64,64,resource_x1p25_globalcritic_seed73129_selected_seedbase981000,/home/sgy/workspace/sagin_marl_phase4_learning_ablation/runs/phase4_learning_ablation/3uav20gu_t250/formal_parameter_sweeps_20260714_full/configs/resource/x1p25/structured_joint_mcgae_3uav20gu_t250_global_only_critic.yaml,/home/sgy/workspace/sagin_marl_phase4_learning_ablation/runs/phase4_learning_ablation/3uav20gu_t250/global_only_critic/seed73129_20260712_124615_bootstrapgae_nocompile/best_checkpoint.pt,,/home/sgy/workspace/sagin_marl_phase4_learning_ablation/runs/phase4_learning_ablation/3uav20gu_t250/formal_parameter_sweeps_20260714_full/results/resource/x1p25/learned/globalcritic/seed73129/selected/seedbase981000,29.765369402477518,0.492825047909915,0.45164271931802297,10.744636148616063,39.98911265477176,429785440.9051513,0.21875,0.9878308820569187,231.671875,39999979.000300184,0.4930429945084661
resource,4,1.25,2000000.0,2.0,2500000.0,2.5,12500000.0,12.5,62500000000.0,62.5,globalcritic,STARS-GC,learned,73129,selected,982000,64,64,resource_x1p25_globalcritic_seed73129_selected_seedbase982000,/home/sgy/workspace/sagin_marl_phase4_learning_ablation/runs/phase4_learning_ablation/3uav20gu_t250/formal_parameter_sweeps_20260714_full/configs/resource/x1p25/structured_joint_mcgae_3uav20gu_t250_global_only_critic.yaml,/home/sgy/workspace/sagin_marl_phase4_learning_ablation/runs/phase4_learning_ablation/3uav20gu_t250/global_only_critic/seed73129_20260712_124615_bootstrapgae_nocompile/best_checkpoint.pt,,/home/sgy/workspace/sagin_marl_phase4_learning_ablation/runs/phase4_learning_ablation/3uav20gu_t250/formal_parameter_sweeps_20260714_full/results/resource/x1p25/learned/globalcritic/seed73129/selected/seedbase982000,29.813861185859423,0.5548032068737627,0.38285989814468885,9.581842939461971,32.32655939862087,383273712.9928998,0.15625,0.9843958342634138,225.90625,40000094.906415254,0.5551643439163825
resource,4,1.25,2000000.0,2.0,2500000.0,2.5,12500000.0,12.5,62500000000.0,62.5,globalcritic,STARS-GC,learned,91457,selected,980000,64,64,resource_x1p25_globalcritic_seed91457_selected_seedbase980000,/home/sgy/workspace/sagin_marl_phase4_learning_ablation/runs/phase4_learning_ablation/3uav20gu_t250/formal_parameter_sweeps_20260714_full/configs/resource/x1p25/structured_joint_mcgae_3uav20gu_t250_global_only_critic.yaml,/home/sgy/workspace/sagin_marl_phase4_learning_ablation/runs/phase4_learning_ablation/3uav20gu_t250/global_only_critic/seed91457_20260712_124615_bootstrapgae_nocompile/best_checkpoint.pt,,/home/sgy/workspace/sagin_marl_phase4_learning_ablation/runs/phase4_learning_ablation/3uav20gu_t250/formal_parameter_sweeps_20260714_full/results/resource/x1p25/learned/globalcritic/seed91457/selected/seedbase980000,32.15356396511197,0.5933603385341348,0.35845611935129695,9.605751520523969,23.61085977366302,384230056.2965227,0.09375,0.7791642920773223,240.921875,40000015.52625327,0.5941701264985871
resource,4,1.25,2000000.0,2.0,2500000.0,2.5,12500000.0,12.5,62500000000.0,62.5,globalcritic,STARS-GC,learned,91457,selected,981000,64,64,resource_x1p25_globalcritic_seed91457_selected_seedbase981000,/home/sgy/workspace/sagin_marl_phase4_learning_ablation/runs/phase4_learning_ablation/3uav20gu_t250/formal_parameter_sweeps_20260714_full/configs/resource/x1p25/structured_joint_mcgae_3uav20gu_t250_global_only_critic.yaml,/home/sgy/workspace/sagin_marl_phase4_learning_ablation/runs/phase4_learning_ablation/3uav20gu_t250/global_only_critic/seed91457_20260712_124615_bootstrapgae_nocompile/best_checkpoint.pt,,/home/sgy/workspace/sagin_marl_phase4_learning_ablation/runs/phase4_learning_ablation/3uav20gu_t250/formal_parameter_sweeps_20260714_full/results/resource/x1p25/learned/globalcritic/seed91457/selected/seedbase981000,31.21949659852544,0.5627670117335657,0.3782952219165704,9.58692817414478,25.215879662657013,383477122.4373225,0.09375,0.7960863967224395,240.0625,39999858.68903458,0.5632028926249937
resource,4,1.25,2000000.0,2.0,2500000.0,2.5,12500000.0,12.5,62500000000.0,62.5,globalcritic,STARS-GC,learned,91457,selected,982000,64,64,resource_x1p25_globalcritic_seed91457_selected_seedbase982000,/home/sgy/workspace/sagin_marl_phase4_learning_ablation/runs/phase4_learning_ablation/3uav20gu_t250/formal_parameter_sweeps_20260714_full/configs/resource/x1p25/structured_joint_mcgae_3uav20gu_t250_global_only_critic.yaml,/home/sgy/workspace/sagin_marl_phase4_learning_ablation/runs/phase4_learning_ablation/3uav20gu_t250/global_only_critic/seed91457_20260712_124615_bootstrapgae_nocompile/best_checkpoint.pt,,/home/sgy/workspace/sagin_marl_phase4_learning_ablation/runs/phase4_learning_ablation/3uav20gu_t250/formal_parameter_sweeps_20260714_full/results/resource/x1p25/learned/globalcritic/seed91457/selected/seedbase982000,29.50653054274153,0.5903427851015808,0.3495544777883011,9.466734437599822,24.43209052682903,378669373.2044324,0.21875,0.7796357078369411,222.75,40000053.88272816,0.590929075302647
resource,4,1.25,2000000.0,2.0,2500000.0,2.5,12500000.0,12.5,62500000000.0,62.5,cluster_center_queue_aware,QCCS,fixed,,fixed,980000,64,64,resource_x1p25_cluster_center_queue_aware_fixed_seedbase980000,/home/sgy/workspace/sagin_marl_phase4_learning_ablation/runs/phase4_learning_ablation/3uav20gu_t250/formal_parameter_sweeps_20260714_full/configs/resource/x1p25/structured_joint_mcgae_3uav20gu_t250_relational_critic.yaml,,cluster_center_queue_aware,/home/sgy/workspace/sagin_marl_phase4_learning_ablation/runs/phase4_learning_ablation/3uav20gu_t250/formal_parameter_sweeps_20260714_full/results/resource/x1p25/fixed/cluster_center_queue_aware/seedbase980000,61.64690341241658,0.928470108379377,0.04441708693716326,4.8865865271995705,6.645040768153851,195463458.84212503,0.0,0.7618645898401734,250.0,40000025.838750005,0.9480921105167788
resource,4,1.25,2000000.0,2.0,2500000.0,2.5,12500000.0,12.5,62500000000.0,62.5,cluster_center_queue_aware,QCCS,fixed,,fixed,981000,64,64,resource_x1p25_cluster_center_queue_aware_fixed_seedbase981000,/home/sgy/workspace/sagin_marl_phase4_learning_ablation/runs/phase4_learning_ablation/3uav20gu_t250/formal_parameter_sweeps_20260714_full/configs/resource/x1p25/structured_joint_mcgae_3uav20gu_t250_relational_critic.yaml,,cluster_center_queue_aware,/home/sgy/workspace/sagin_marl_phase4_learning_ablation/runs/phase4_learning_ablation/3uav20gu_t250/formal_parameter_sweeps_20260714_full/results/resource/x1p25/fixed/cluster_center_queue_aware/seedbase981000,61.77823825110681,0.9335919650974682,0.03604483340030986,4.867401860298533,6.344850076916222,194696072.10874996,0.015625,0.7636666730009015,246.875,39999964.05575,0.9538848909902132
resource,4,1.25,2000000.0,2.0,2500000.0,2.5,12500000.0,12.5,62500000000.0,62.5,cluster_center_queue_aware,QCCS,fixed,,fixed,982000,64,64,resource_x1p25_cluster_center_queue_aware_fixed_seedbase982000,/home/sgy/workspace/sagin_marl_phase4_learning_ablation/runs/phase4_learning_ablation/3uav20gu_t250/formal_parameter_sweeps_20260714_full/configs/resource/x1p25/structured_joint_mcgae_3uav20gu_t250_relational_critic.yaml,,cluster_center_queue_aware,/home/sgy/workspace/sagin_marl_phase4_learning_ablation/runs/phase4_learning_ablation/3uav20gu_t250/formal_parameter_sweeps_20260714_full/results/resource/x1p25/fixed/cluster_center_queue_aware/seedbase982000,62.89666929433588,0.9458675811919386,0.03265745209573607,4.428510768417385,5.732029630457779,177140428.61537498,0.0,0.7576354231946169,250.0,40000043.900750004,0.961363450933726
resource,4,1.25,2000000.0,2.0,2500000.0,2.5,12500000.0,12.5,62500000000.0,62.5,maxweight_lyapunov,Lyapunov,fixed,,fixed,980000,64,64,resource_x1p25_maxweight_lyapunov_fixed_seedbase980000,/home/sgy/workspace/sagin_marl_phase4_learning_ablation/runs/phase4_learning_ablation/3uav20gu_t250/formal_parameter_sweeps_20260714_full/configs/resource/x1p25/structured_joint_mcgae_3uav20gu_t250_relational_critic.yaml,,maxweight_lyapunov,/home/sgy/workspace/sagin_marl_phase4_learning_ablation/runs/phase4_learning_ablation/3uav20gu_t250/formal_parameter_sweeps_20260714_full/results/resource/x1p25/fixed/maxweight_lyapunov/seedbase980000,55.32173068157863,0.898495408543036,0.07706025616564045,5.99282402428647,8.387473925985512,239712958.16962504,0.0,0.9834687509834765,250.0,40000025.838750005,0.9098080752833947
resource,4,1.25,2000000.0,2.0,2500000.0,2.5,12500000.0,12.5,62500000000.0,62.5,maxweight_lyapunov,Lyapunov,fixed,,fixed,981000,64,64,resource_x1p25_maxweight_lyapunov_fixed_seedbase981000,/home/sgy/workspace/sagin_marl_phase4_learning_ablation/runs/phase4_learning_ablation/3uav20gu_t250/formal_parameter_sweeps_20260714_full/configs/resource/x1p25/structured_joint_mcgae_3uav20gu_t250_relational_critic.yaml,,maxweight_lyapunov,/home/sgy/workspace/sagin_marl_phase4_learning_ablation/runs/phase4_learning_ablation/3uav20gu_t250/formal_parameter_sweeps_20260714_full/results/resource/x1p25/fixed/maxweight_lyapunov/seedbase981000,55.49305578425992,0.9117946314741859,0.06599511440254878,5.768515897998239,7.602894399760058,230740633.14706245,0.0,0.9815104177631444,250.0,39999962.112749994,0.9222379073203423
resource,4,1.25,2000000.0,2.0,2500000.0,2.5,12500000.0,12.5,62500000000.0,62.5,maxweight_lyapunov,Lyapunov,fixed,,fixed,982000,64,64,resource_x1p25_maxweight_lyapunov_fixed_seedbase982000,/home/sgy/workspace/sagin_marl_phase4_learning_ablation/runs/phase4_learning_ablation/3uav20gu_t250/formal_parameter_sweeps_20260714_full/configs/resource/x1p25/structured_joint_mcgae_3uav20gu_t250_relational_critic.yaml,,maxweight_lyapunov,/home/sgy/workspace/sagin_marl_phase4_learning_ablation/runs/phase4_learning_ablation/3uav20gu_t250/formal_parameter_sweeps_20260714_full/results/resource/x1p25/fixed/maxweight_lyapunov/seedbase982000,56.52865576581098,0.9173837094942574,0.06148995413139483,5.4156218069025766,7.125690153267936,216624869.74487498,0.0,0.9824062510468072,250.0,40000043.900750004,0.9277545181952954
resource,4,1.25,2000000.0,2.0,2500000.0,2.5,12500000.0,12.5,62500000000.0,62.5,queue_aware_bw,QBS,fixed,,fixed,980000,64,64,resource_x1p25_queue_aware_bw_fixed_seedbase980000,/home/sgy/workspace/sagin_marl_phase4_learning_ablation/runs/phase4_learning_ablation/3uav20gu_t250/formal_parameter_sweeps_20260714_full/configs/resource/x1p25/structured_joint_mcgae_3uav20gu_t250_relational_critic.yaml,,queue_aware_bw,/home/sgy/workspace/sagin_marl_phase4_learning_ablation/runs/phase4_learning_ablation/3uav20gu_t250/formal_parameter_sweeps_20260714_full/results/resource/x1p25/fixed/queue_aware_bw/seedbase980000,34.0916694260668,0.5166244943407364,0.4022119714413565,16.06983552734903,36.68716623225716,642793413.5593749,0.0,1.0,250.0,40000025.838750005,0.5605991200751881
resource,4,1.25,2000000.0,2.0,2500000.0,2.5,12500000.0,12.5,62500000000.0,62.5,queue_aware_bw,QBS,fixed,,fixed,981000,64,64,resource_x1p25_queue_aware_bw_fixed_seedbase981000,/home/sgy/workspace/sagin_marl_phase4_learning_ablation/runs/phase4_learning_ablation/3uav20gu_t250/formal_parameter_sweeps_20260714_full/configs/resource/x1p25/structured_joint_mcgae_3uav20gu_t250_relational_critic.yaml,,queue_aware_bw,/home/sgy/workspace/sagin_marl_phase4_learning_ablation/runs/phase4_learning_ablation/3uav20gu_t250/formal_parameter_sweeps_20260714_full/results/resource/x1p25/fixed/queue_aware_bw/seedbase981000,34.107650240301155,0.5486846779379992,0.3654181568686957,14.716246601888907,30.2321717150514,588649857.25075,0.015625,1.0,246.109375,39999849.411,0.579047763437071
resource,4,1.25,2000000.0,2.0,2500000.0,2.5,12500000.0,12.5,62500000000.0,62.5,queue_aware_bw,QBS,fixed,,fixed,982000,64,64,resource_x1p25_queue_aware_bw_fixed_seedbase982000,/home/sgy/workspace/sagin_marl_phase4_learning_ablation/runs/phase4_learning_ablation/3uav20gu_t250/formal_parameter_sweeps_20260714_full/configs/resource/x1p25/structured_joint_mcgae_3uav20gu_t250_relational_critic.yaml,,queue_aware_bw,/home/sgy/workspace/sagin_marl_phase4_learning_ablation/runs/phase4_learning_ablation/3uav20gu_t250/formal_parameter_sweeps_20260714_full/results/resource/x1p25/fixed/queue_aware_bw/seedbase982000,35.025083267944865,0.5607205594172703,0.36022410113257686,15.56908284305315,31.520279745245706,622763306.5425003,0.0,1.0,250.0,40000043.900750004,0.5951932950341404
resource,4,1.25,2000000.0,2.0,2500000.0,2.5,12500000.0,12.5,62500000000.0,62.5,static_uniform,Uniform,fixed,,fixed,980000,64,64,resource_x1p25_static_uniform_fixed_seedbase980000,/home/sgy/workspace/sagin_marl_phase4_learning_ablation/runs/phase4_learning_ablation/3uav20gu_t250/formal_parameter_sweeps_20260714_full/configs/resource/x1p25/structured_joint_mcgae_3uav20gu_t250_relational_critic.yaml,,static_uniform,/home/sgy/workspace/sagin_marl_phase4_learning_ablation/runs/phase4_learning_ablation/3uav20gu_t250/formal_parameter_sweeps_20260714_full/results/resource/x1p25/fixed/static_uniform/seedbase980000,34.2264439095743,0.520768207209883,0.42023869978731765,13.164484498066596,35.06684410346509,526579373.77231264,0.0,0.4837291771434248,250.0,40000025.838750005,0.5238009232305256
resource,4,1.25,2000000.0,2.0,2500000.0,2.5,12500000.0,12.5,62500000000.0,62.5,static_uniform,Uniform,fixed,,fixed,981000,64,64,resource_x1p25_static_uniform_fixed_seedbase981000,/home/sgy/workspace/sagin_marl_phase4_learning_ablation/runs/phase4_learning_ablation/3uav20gu_t250/formal_parameter_sweeps_20260714_full/configs/resource/x1p25/structured_joint_mcgae_3uav20gu_t250_relational_critic.yaml,,static_uniform,/home/sgy/workspace/sagin_marl_phase4_learning_ablation/runs/phase4_learning_ablation/3uav20gu_t250/formal_parameter_sweeps_20260714_full/results/resource/x1p25/fixed/static_uniform/seedbase981000,34.382157934014685,0.5491936941314488,0.3877407522305403,11.889514963949107,27.776501841765825,475580592.7454375,0.015625,0.4813437604615463,246.109375,39999849.411,0.5500585487141934
resource,4,1.25,2000000.0,2.0,2500000.0,2.5,12500000.0,12.5,62500000000.0,62.5,static_uniform,Uniform,fixed,,fixed,982000,64,64,resource_x1p25_static_uniform_fixed_seedbase982000,/home/sgy/workspace/sagin_marl_phase4_learning_ablation/runs/phase4_learning_ablation/3uav20gu_t250/formal_parameter_sweeps_20260714_full/configs/resource/x1p25/structured_joint_mcgae_3uav20gu_t250_relational_critic.yaml,,static_uniform,/home/sgy/workspace/sagin_marl_phase4_learning_ablation/runs/phase4_learning_ablation/3uav20gu_t250/formal_parameter_sweeps_20260714_full/results/resource/x1p25/fixed/static_uniform/seedbase982000,35.2230123244226,0.5512531578466294,0.39398378507475074,12.382279310743789,28.809818311814798,495291166.6905,0.0,0.4835625104680656,250.0,40000043.900750004,0.5516503993495526
resource,5,1.50,2000000.0,2.0,3000000.0,3.0,15000000.0,15.0,75000000000.0,75.0,relcritic,STARS,learned,45211,selected,980000,64,64,resource_x1p50_relcritic_seed45211_selected_seedbase980000,/home/sgy/workspace/sagin_marl_phase4_learning_ablation/runs/phase4_learning_ablation/3uav20gu_t250/formal_parameter_sweeps_20260714_full/configs/resource/x1p50/structured_joint_mcgae_3uav20gu_t250_relational_critic.yaml,/home/sgy/workspace/sagin_marl_phase4_learning_ablation/runs/phase4_learning_ablation/3uav20gu_t250/relational_critic/seed45211_20260711_213639_bootstrapgae_nocompile/best_checkpoint.pt,,/home/sgy/workspace/sagin_marl_phase4_learning_ablation/runs/phase4_learning_ablation/3uav20gu_t250/formal_parameter_sweeps_20260714_full/results/resource/x1p50/learned/relcritic/seed45211/selected/seedbase980000,176.31908609718084,0.9769780303593725,0.02080682485217948,1.3891531406244622,2.081391167208246,55566124.951375015,0.0,0.5147343864673746,250.0,40000025.838750005,0.977255842183123
resource,5,1.50,2000000.0,2.0,3000000.0,3.0,15000000.0,15.0,75000000000.0,75.0,relcritic,STARS,learned,45211,selected,981000,64,64,resource_x1p50_relcritic_seed45211_selected_seedbase981000,/home/sgy/workspace/sagin_marl_phase4_learning_ablation/runs/phase4_learning_ablation/3uav20gu_t250/formal_parameter_sweeps_20260714_full/configs/resource/x1p50/structured_joint_mcgae_3uav20gu_t250_relational_critic.yaml,/home/sgy/workspace/sagin_marl_phase4_learning_ablation/runs/phase4_learning_ablation/3uav20gu_t250/relational_critic/seed45211_20260711_213639_bootstrapgae_nocompile/best_checkpoint.pt,,/home/sgy/workspace/sagin_marl_phase4_learning_ablation/runs/phase4_learning_ablation/3uav20gu_t250/formal_parameter_sweeps_20260714_full/results/resource/x1p50/learned/relcritic/seed45211/selected/seedbase981000,167.91295065684244,0.9709866798743609,0.018809362187894293,1.1719369773167647,1.597990204512019,46877478.568312526,0.015625,0.520171885800548,246.109375,39999849.411,0.9710138940330191
resource,5,1.50,2000000.0,2.0,3000000.0,3.0,15000000.0,15.0,75000000000.0,75.0,relcritic,STARS,learned,45211,selected,982000,64,64,resource_x1p50_relcritic_seed45211_selected_seedbase982000,/home/sgy/workspace/sagin_marl_phase4_learning_ablation/runs/phase4_learning_ablation/3uav20gu_t250/formal_parameter_sweeps_20260714_full/configs/resource/x1p50/structured_joint_mcgae_3uav20gu_t250_relational_critic.yaml,/home/sgy/workspace/sagin_marl_phase4_learning_ablation/runs/phase4_learning_ablation/3uav20gu_t250/relational_critic/seed45211_20260711_213639_bootstrapgae_nocompile/best_checkpoint.pt,,/home/sgy/workspace/sagin_marl_phase4_learning_ablation/runs/phase4_learning_ablation/3uav20gu_t250/formal_parameter_sweeps_20260714_full/results/resource/x1p50/learned/relcritic/seed45211/selected/seedbase982000,179.0795667632483,0.9854139430504291,0.013309994577179171,0.8991196195255192,1.2355104245300035,35964784.334687494,0.0,0.5274895940786227,250.0,40000043.900750004,0.9854528474653135
resource,5,1.50,2000000.0,2.0,3000000.0,3.0,15000000.0,15.0,75000000000.0,75.0,relcritic,STARS,learned,73129,selected,980000,64,64,resource_x1p50_relcritic_seed73129_selected_seedbase980000,/home/sgy/workspace/sagin_marl_phase4_learning_ablation/runs/phase4_learning_ablation/3uav20gu_t250/formal_parameter_sweeps_20260714_full/configs/resource/x1p50/structured_joint_mcgae_3uav20gu_t250_relational_critic.yaml,/home/sgy/workspace/sagin_marl_phase4_learning_ablation/runs/phase4_learning_ablation/3uav20gu_t250/relational_critic/seed73129_20260711_213639_bootstrapgae_nocompile/best_checkpoint.pt,,/home/sgy/workspace/sagin_marl_phase4_learning_ablation/runs/phase4_learning_ablation/3uav20gu_t250/formal_parameter_sweeps_20260714_full/results/resource/x1p50/learned/relcritic/seed73129/selected/seedbase980000,167.07857446884736,0.9772948918398474,0.019123631579936504,1.4056786308041695,1.8927600305045138,56227144.556749985,0.0,0.6170208477433771,250.0,40000025.838750005,0.9798302076835692
resource,5,1.50,2000000.0,2.0,3000000.0,3.0,15000000.0,15.0,75000000000.0,75.0,relcritic,STARS,learned,73129,selected,981000,64,64,resource_x1p50_relcritic_seed73129_selected_seedbase981000,/home/sgy/workspace/sagin_marl_phase4_learning_ablation/runs/phase4_learning_ablation/3uav20gu_t250/formal_parameter_sweeps_20260714_full/configs/resource/x1p50/structured_joint_mcgae_3uav20gu_t250_relational_critic.yaml,/home/sgy/workspace/sagin_marl_phase4_learning_ablation/runs/phase4_learning_ablation/3uav20gu_t250/relational_critic/seed73129_20260711_213639_bootstrapgae_nocompile/best_checkpoint.pt,,/home/sgy/workspace/sagin_marl_phase4_learning_ablation/runs/phase4_learning_ablation/3uav20gu_t250/formal_parameter_sweeps_20260714_full/results/resource/x1p50/learned/relcritic/seed73129/selected/seedbase981000,166.52627507969737,0.9873049264419824,0.009950314841149522,1.0047699930938412,1.2535165891887914,40190799.288749985,0.0,0.6274531394951045,250.0,39999962.112749994,0.9893363598101601
resource,5,1.50,2000000.0,2.0,3000000.0,3.0,15000000.0,15.0,75000000000.0,75.0,relcritic,STARS,learned,73129,selected,982000,64,64,resource_x1p50_relcritic_seed73129_selected_seedbase982000,/home/sgy/workspace/sagin_marl_phase4_learning_ablation/runs/phase4_learning_ablation/3uav20gu_t250/formal_parameter_sweeps_20260714_full/configs/resource/x1p50/structured_joint_mcgae_3uav20gu_t250_relational_critic.yaml,/home/sgy/workspace/sagin_marl_phase4_learning_ablation/runs/phase4_learning_ablation/3uav20gu_t250/relational_critic/seed73129_20260711_213639_bootstrapgae_nocompile/best_checkpoint.pt,,/home/sgy/workspace/sagin_marl_phase4_learning_ablation/runs/phase4_learning_ablation/3uav20gu_t250/formal_parameter_sweeps_20260714_full/results/resource/x1p50/learned/relcritic/seed73129/selected/seedbase982000,172.40590340155177,0.9878381095028016,0.00963566333147355,0.9182229431064606,1.159455803871628,36728917.2995625,0.0,0.6336927229771387,250.0,40000043.900750004,0.9895777915355792
resource,5,1.50,2000000.0,2.0,3000000.0,3.0,15000000.0,15.0,75000000000.0,75.0,relcritic,STARS,learned,91457,selected,980000,64,64,resource_x1p50_relcritic_seed91457_selected_seedbase980000,/home/sgy/workspace/sagin_marl_phase4_learning_ablation/runs/phase4_learning_ablation/3uav20gu_t250/formal_parameter_sweeps_20260714_full/configs/resource/x1p50/structured_joint_mcgae_3uav20gu_t250_relational_critic.yaml,/home/sgy/workspace/sagin_marl_phase4_learning_ablation/runs/phase4_learning_ablation/3uav20gu_t250/relational_critic/seed91457_20260712_124615_resume_u0400_bootstrapgae_nocompile/best_checkpoint.pt,,/home/sgy/workspace/sagin_marl_phase4_learning_ablation/runs/phase4_learning_ablation/3uav20gu_t250/formal_parameter_sweeps_20260714_full/results/resource/x1p50/learned/relcritic/seed91457/selected/seedbase980000,160.57919660769403,0.9917692585708572,0.004788309899790874,1.3281611732494192,1.7553227586170765,53126446.28362502,0.0,0.6121406373372301,250.0,40000025.838750005,0.994885470149225
resource,5,1.50,2000000.0,2.0,3000000.0,3.0,15000000.0,15.0,75000000000.0,75.0,relcritic,STARS,learned,91457,selected,981000,64,64,resource_x1p50_relcritic_seed91457_selected_seedbase981000,/home/sgy/workspace/sagin_marl_phase4_learning_ablation/runs/phase4_learning_ablation/3uav20gu_t250/formal_parameter_sweeps_20260714_full/configs/resource/x1p50/structured_joint_mcgae_3uav20gu_t250_relational_critic.yaml,/home/sgy/workspace/sagin_marl_phase4_learning_ablation/runs/phase4_learning_ablation/3uav20gu_t250/relational_critic/seed91457_20260712_124615_resume_u0400_bootstrapgae_nocompile/best_checkpoint.pt,,/home/sgy/workspace/sagin_marl_phase4_learning_ablation/runs/phase4_learning_ablation/3uav20gu_t250/formal_parameter_sweeps_20260714_full/results/resource/x1p50/learned/relcritic/seed91457/selected/seedbase981000,150.4824566799216,0.9721514713876831,0.010808103844919316,1.6464131564304374,2.2113115461072637,65856525.49154054,0.046875,0.6088796572572227,241.5,39999858.60836148,0.9752470647879175
resource,5,1.50,2000000.0,2.0,3000000.0,3.0,15000000.0,15.0,75000000000.0,75.0,relcritic,STARS,learned,91457,selected,982000,64,64,resource_x1p50_relcritic_seed91457_selected_seedbase982000,/home/sgy/workspace/sagin_marl_phase4_learning_ablation/runs/phase4_learning_ablation/3uav20gu_t250/formal_parameter_sweeps_20260714_full/configs/resource/x1p50/structured_joint_mcgae_3uav20gu_t250_relational_critic.yaml,/home/sgy/workspace/sagin_marl_phase4_learning_ablation/runs/phase4_learning_ablation/3uav20gu_t250/relational_critic/seed91457_20260712_124615_resume_u0400_bootstrapgae_nocompile/best_checkpoint.pt,,/home/sgy/workspace/sagin_marl_phase4_learning_ablation/runs/phase4_learning_ablation/3uav20gu_t250/formal_parameter_sweeps_20260714_full/results/resource/x1p50/learned/relcritic/seed91457/selected/seedbase982000,158.13666398148052,0.9868696189350447,0.00797907010918334,1.377278603132015,1.789548395330761,55091143.43906251,0.0,0.5956510534510016,250.0,40000043.900750004,0.9908170209510447
resource,5,1.50,2000000.0,2.0,3000000.0,3.0,15000000.0,15.0,75000000000.0,75.0,globalcritic,STARS-GC,learned,45211,selected,980000,64,64,resource_x1p50_globalcritic_seed45211_selected_seedbase980000,/home/sgy/workspace/sagin_marl_phase4_learning_ablation/runs/phase4_learning_ablation/3uav20gu_t250/formal_parameter_sweeps_20260714_full/configs/resource/x1p50/structured_joint_mcgae_3uav20gu_t250_global_only_critic.yaml,/home/sgy/workspace/sagin_marl_phase4_learning_ablation/runs/phase4_learning_ablation/3uav20gu_t250/global_only_critic/seed45211_20260712_124615_bootstrapgae_nocompile/best_checkpoint.pt,,/home/sgy/workspace/sagin_marl_phase4_learning_ablation/runs/phase4_learning_ablation/3uav20gu_t250/formal_parameter_sweeps_20260714_full/results/resource/x1p50/learned/globalcritic/seed45211/selected/seedbase980000,160.28276578406803,0.9755706342775377,0.0154761070652055,1.85082067232404,2.3349275190631045,74032826.00387499,0.0,0.7747187683498484,250.0,40000025.838750005,0.9821558301422711
resource,5,1.50,2000000.0,2.0,3000000.0,3.0,15000000.0,15.0,75000000000.0,75.0,globalcritic,STARS-GC,learned,45211,selected,981000,64,64,resource_x1p50_globalcritic_seed45211_selected_seedbase981000,/home/sgy/workspace/sagin_marl_phase4_learning_ablation/runs/phase4_learning_ablation/3uav20gu_t250/formal_parameter_sweeps_20260714_full/configs/resource/x1p50/structured_joint_mcgae_3uav20gu_t250_global_only_critic.yaml,/home/sgy/workspace/sagin_marl_phase4_learning_ablation/runs/phase4_learning_ablation/3uav20gu_t250/global_only_critic/seed45211_20260712_124615_bootstrapgae_nocompile/best_checkpoint.pt,,/home/sgy/workspace/sagin_marl_phase4_learning_ablation/runs/phase4_learning_ablation/3uav20gu_t250/formal_parameter_sweeps_20260714_full/results/resource/x1p50/learned/globalcritic/seed45211/selected/seedbase981000,161.53047410654835,0.9815401980010795,0.010162975784878653,1.6386120306945007,2.003215707432987,65544480.40937498,0.0,0.7779948093621061,250.0,39999962.112749994,0.9879650539337268
resource,5,1.50,2000000.0,2.0,3000000.0,3.0,15000000.0,15.0,75000000000.0,75.0,globalcritic,STARS-GC,learned,45211,selected,982000,64,64,resource_x1p50_globalcritic_seed45211_selected_seedbase982000,/home/sgy/workspace/sagin_marl_phase4_learning_ablation/runs/phase4_learning_ablation/3uav20gu_t250/formal_parameter_sweeps_20260714_full/configs/resource/x1p50/structured_joint_mcgae_3uav20gu_t250_global_only_critic.yaml,/home/sgy/workspace/sagin_marl_phase4_learning_ablation/runs/phase4_learning_ablation/3uav20gu_t250/global_only_critic/seed45211_20260712_124615_bootstrapgae_nocompile/best_checkpoint.pt,,/home/sgy/workspace/sagin_marl_phase4_learning_ablation/runs/phase4_learning_ablation/3uav20gu_t250/formal_parameter_sweeps_20260714_full/results/resource/x1p50/learned/globalcritic/seed45211/selected/seedbase982000,158.46678553661332,0.974190903295297,0.015966146897761976,1.8065638602074061,2.269975193297937,72262553.54393752,0.0,0.7775416842950507,250.0,40000043.900750004,0.9813594081478069
resource,5,1.50,2000000.0,2.0,3000000.0,3.0,15000000.0,15.0,75000000000.0,75.0,globalcritic,STARS-GC,learned,73129,selected,980000,64,64,resource_x1p50_globalcritic_seed73129_selected_seedbase980000,/home/sgy/workspace/sagin_marl_phase4_learning_ablation/runs/phase4_learning_ablation/3uav20gu_t250/formal_parameter_sweeps_20260714_full/configs/resource/x1p50/structured_joint_mcgae_3uav20gu_t250_global_only_critic.yaml,/home/sgy/workspace/sagin_marl_phase4_learning_ablation/runs/phase4_learning_ablation/3uav20gu_t250/global_only_critic/seed73129_20260712_124615_bootstrapgae_nocompile/best_checkpoint.pt,,/home/sgy/workspace/sagin_marl_phase4_learning_ablation/runs/phase4_learning_ablation/3uav20gu_t250/formal_parameter_sweeps_20260714_full/results/resource/x1p50/learned/globalcritic/seed73129/selected/seedbase980000,26.20458927284926,0.40952895611436274,0.5242494430704482,12.14884591277847,50.15876736549221,485953830.79918605,0.28125,0.9909063823985619,219.15625,40000020.62130493,0.40959181125887784
resource,5,1.50,2000000.0,2.0,3000000.0,3.0,15000000.0,15.0,75000000000.0,75.0,globalcritic,STARS-GC,learned,73129,selected,981000,64,64,resource_x1p50_globalcritic_seed73129_selected_seedbase981000,/home/sgy/workspace/sagin_marl_phase4_learning_ablation/runs/phase4_learning_ablation/3uav20gu_t250/formal_parameter_sweeps_20260714_full/configs/resource/x1p50/structured_joint_mcgae_3uav20gu_t250_global_only_critic.yaml,/home/sgy/workspace/sagin_marl_phase4_learning_ablation/runs/phase4_learning_ablation/3uav20gu_t250/global_only_critic/seed73129_20260712_124615_bootstrapgae_nocompile/best_checkpoint.pt,,/home/sgy/workspace/sagin_marl_phase4_learning_ablation/runs/phase4_learning_ablation/3uav20gu_t250/formal_parameter_sweeps_20260714_full/results/resource/x1p50/learned/globalcritic/seed73129/selected/seedbase981000,27.28647013695445,0.42111605996217355,0.5161001238859949,12.101891825702934,53.438673250029225,484075667.37287426,0.234375,0.9903538312201177,226.296875,39999985.203675635,0.42117941992719377
resource,5,1.50,2000000.0,2.0,3000000.0,3.0,15000000.0,15.0,75000000000.0,75.0,globalcritic,STARS-GC,learned,73129,selected,982000,64,64,resource_x1p50_globalcritic_seed73129_selected_seedbase982000,/home/sgy/workspace/sagin_marl_phase4_learning_ablation/runs/phase4_learning_ablation/3uav20gu_t250/formal_parameter_sweeps_20260714_full/configs/resource/x1p50/structured_joint_mcgae_3uav20gu_t250_global_only_critic.yaml,/home/sgy/workspace/sagin_marl_phase4_learning_ablation/runs/phase4_learning_ablation/3uav20gu_t250/global_only_critic/seed73129_20260712_124615_bootstrapgae_nocompile/best_checkpoint.pt,,/home/sgy/workspace/sagin_marl_phase4_learning_ablation/runs/phase4_learning_ablation/3uav20gu_t250/formal_parameter_sweeps_20260714_full/results/resource/x1p50/learned/globalcritic/seed73129/selected/seedbase982000,25.848936782917008,0.41002943882584686,0.5127828450696608,11.749721365417452,51.40862003554238,469988849.02517647,0.296875,0.9911399251596675,213.5625,40000099.76511436,0.4101425446872571
resource,5,1.50,2000000.0,2.0,3000000.0,3.0,15000000.0,15.0,75000000000.0,75.0,globalcritic,STARS-GC,learned,91457,selected,980000,64,64,resource_x1p50_globalcritic_seed91457_selected_seedbase980000,/home/sgy/workspace/sagin_marl_phase4_learning_ablation/runs/phase4_learning_ablation/3uav20gu_t250/formal_parameter_sweeps_20260714_full/configs/resource/x1p50/structured_joint_mcgae_3uav20gu_t250_global_only_critic.yaml,/home/sgy/workspace/sagin_marl_phase4_learning_ablation/runs/phase4_learning_ablation/3uav20gu_t250/global_only_critic/seed91457_20260712_124615_bootstrapgae_nocompile/best_checkpoint.pt,,/home/sgy/workspace/sagin_marl_phase4_learning_ablation/runs/phase4_learning_ablation/3uav20gu_t250/formal_parameter_sweeps_20260714_full/results/resource/x1p50/learned/globalcritic/seed91457/selected/seedbase980000,30.234823089209385,0.5552003385719538,0.38711349800085443,10.336554480423652,31.239343665869512,413462174.2725045,0.140625,0.7757071886037076,237.8125,40000021.52315331,0.5558107182263
resource,5,1.50,2000000.0,2.0,3000000.0,3.0,15000000.0,15.0,75000000000.0,75.0,globalcritic,STARS-GC,learned,91457,selected,981000,64,64,resource_x1p50_globalcritic_seed91457_selected_seedbase981000,/home/sgy/workspace/sagin_marl_phase4_learning_ablation/runs/phase4_learning_ablation/3uav20gu_t250/formal_parameter_sweeps_20260714_full/configs/resource/x1p50/structured_joint_mcgae_3uav20gu_t250_global_only_critic.yaml,/home/sgy/workspace/sagin_marl_phase4_learning_ablation/runs/phase4_learning_ablation/3uav20gu_t250/global_only_critic/seed91457_20260712_124615_bootstrapgae_nocompile/best_checkpoint.pt,,/home/sgy/workspace/sagin_marl_phase4_learning_ablation/runs/phase4_learning_ablation/3uav20gu_t250/formal_parameter_sweeps_20260714_full/results/resource/x1p50/learned/globalcritic/seed91457/selected/seedbase981000,28.11583185911877,0.5275396241585995,0.3978158529525239,10.376393792799087,31.536554861312908,415055746.7529981,0.15625,0.7855476915288654,227.96875,39999878.27834683,0.5281323897695768
resource,5,1.50,2000000.0,2.0,3000000.0,3.0,15000000.0,15.0,75000000000.0,75.0,globalcritic,STARS-GC,learned,91457,selected,982000,64,64,resource_x1p50_globalcritic_seed91457_selected_seedbase982000,/home/sgy/workspace/sagin_marl_phase4_learning_ablation/runs/phase4_learning_ablation/3uav20gu_t250/formal_parameter_sweeps_20260714_full/configs/resource/x1p50/structured_joint_mcgae_3uav20gu_t250_global_only_critic.yaml,/home/sgy/workspace/sagin_marl_phase4_learning_ablation/runs/phase4_learning_ablation/3uav20gu_t250/global_only_critic/seed91457_20260712_124615_bootstrapgae_nocompile/best_checkpoint.pt,,/home/sgy/workspace/sagin_marl_phase4_learning_ablation/runs/phase4_learning_ablation/3uav20gu_t250/formal_parameter_sweeps_20260714_full/results/resource/x1p50/learned/globalcritic/seed91457/selected/seedbase982000,28.941424216667656,0.5340875874161102,0.3986944606844053,10.112474301952297,28.72870861005126,404498967.2924919,0.1875,0.7805836630334382,229.140625,40000008.77087983,0.534477210262664
resource,5,1.50,2000000.0,2.0,3000000.0,3.0,15000000.0,15.0,75000000000.0,75.0,cluster_center_queue_aware,QCCS,fixed,,fixed,980000,64,64,resource_x1p50_cluster_center_queue_aware_fixed_seedbase980000,/home/sgy/workspace/sagin_marl_phase4_learning_ablation/runs/phase4_learning_ablation/3uav20gu_t250/formal_parameter_sweeps_20260714_full/configs/resource/x1p50/structured_joint_mcgae_3uav20gu_t250_relational_critic.yaml,,cluster_center_queue_aware,/home/sgy/workspace/sagin_marl_phase4_learning_ablation/runs/phase4_learning_ablation/3uav20gu_t250/formal_parameter_sweeps_20260714_full/results/resource/x1p50/fixed/cluster_center_queue_aware/seedbase980000,72.71991341863759,0.9485941098232288,0.03290974306770773,3.4700349159400496,4.664628839554542,138801395.0525625,0.0,0.8027604224625972,250.0,40000025.838750005,0.9656705506687732
resource,5,1.50,2000000.0,2.0,3000000.0,3.0,15000000.0,15.0,75000000000.0,75.0,cluster_center_queue_aware,QCCS,fixed,,fixed,981000,64,64,resource_x1p50_cluster_center_queue_aware_fixed_seedbase981000,/home/sgy/workspace/sagin_marl_phase4_learning_ablation/runs/phase4_learning_ablation/3uav20gu_t250/formal_parameter_sweeps_20260714_full/configs/resource/x1p50/structured_joint_mcgae_3uav20gu_t250_relational_critic.yaml,,cluster_center_queue_aware,/home/sgy/workspace/sagin_marl_phase4_learning_ablation/runs/phase4_learning_ablation/3uav20gu_t250/formal_parameter_sweeps_20260714_full/results/resource/x1p50/fixed/cluster_center_queue_aware/seedbase981000,72.88453870732337,0.9508608532347717,0.025136834643309156,3.4900167273331903,4.4844658934986805,139600667.456,0.015625,0.8090625055208799,246.875,39999964.05575,0.9710783033135546
resource,5,1.50,2000000.0,2.0,3000000.0,3.0,15000000.0,15.0,75000000000.0,75.0,cluster_center_queue_aware,QCCS,fixed,,fixed,982000,64,64,resource_x1p50_cluster_center_queue_aware_fixed_seedbase982000,/home/sgy/workspace/sagin_marl_phase4_learning_ablation/runs/phase4_learning_ablation/3uav20gu_t250/formal_parameter_sweeps_20260714_full/configs/resource/x1p50/structured_joint_mcgae_3uav20gu_t250_relational_critic.yaml,,cluster_center_queue_aware,/home/sgy/workspace/sagin_marl_phase4_learning_ablation/runs/phase4_learning_ablation/3uav20gu_t250/formal_parameter_sweeps_20260714_full/results/resource/x1p50/fixed/cluster_center_queue_aware/seedbase982000,74.25159024307504,0.9606396448463201,0.02135384390283934,3.0967678159795167,3.9860941611433516,123870711.16125001,0.0,0.7926250058580183,250.0,40000043.900750004,0.9779240103208918
resource,5,1.50,2000000.0,2.0,3000000.0,3.0,15000000.0,15.0,75000000000.0,75.0,maxweight_lyapunov,Lyapunov,fixed,,fixed,980000,64,64,resource_x1p50_maxweight_lyapunov_fixed_seedbase980000,/home/sgy/workspace/sagin_marl_phase4_learning_ablation/runs/phase4_learning_ablation/3uav20gu_t250/formal_parameter_sweeps_20260714_full/configs/resource/x1p50/structured_joint_mcgae_3uav20gu_t250_relational_critic.yaml,,maxweight_lyapunov,/home/sgy/workspace/sagin_marl_phase4_learning_ablation/runs/phase4_learning_ablation/3uav20gu_t250/formal_parameter_sweeps_20260714_full/results/resource/x1p50/fixed/maxweight_lyapunov/seedbase980000,66.16028260975145,0.9373963249269875,0.04832636237077373,4.2498175005826635,5.725174321245401,169992697.94868743,0.0,0.9902500005736943,250.0,40000025.838750005,0.9480540935978496
resource,5,1.50,2000000.0,2.0,3000000.0,3.0,15000000.0,15.0,75000000000.0,75.0,maxweight_lyapunov,Lyapunov,fixed,,fixed,981000,64,64,resource_x1p50_maxweight_lyapunov_fixed_seedbase981000,/home/sgy/workspace/sagin_marl_phase4_learning_ablation/runs/phase4_learning_ablation/3uav20gu_t250/formal_parameter_sweeps_20260714_full/configs/resource/x1p50/structured_joint_mcgae_3uav20gu_t250_relational_critic.yaml,,maxweight_lyapunov,/home/sgy/workspace/sagin_marl_phase4_learning_ablation/runs/phase4_learning_ablation/3uav20gu_t250/formal_parameter_sweeps_20260714_full/results/resource/x1p50/fixed/maxweight_lyapunov/seedbase981000,70.40219174954109,0.9557202208507802,0.03172305952597617,3.8037466569960916,4.784790322718012,152149864.51562494,0.0,0.9891979173086581,250.0,39999962.112749994,0.9653083275987911
resource,5,1.50,2000000.0,2.0,3000000.0,3.0,15000000.0,15.0,75000000000.0,75.0,maxweight_lyapunov,Lyapunov,fixed,,fixed,982000,64,64,resource_x1p50_maxweight_lyapunov_fixed_seedbase982000,/home/sgy/workspace/sagin_marl_phase4_learning_ablation/runs/phase4_learning_ablation/3uav20gu_t250/formal_parameter_sweeps_20260714_full/configs/resource/x1p50/structured_joint_mcgae_3uav20gu_t250_relational_critic.yaml,,maxweight_lyapunov,/home/sgy/workspace/sagin_marl_phase4_learning_ablation/runs/phase4_learning_ablation/3uav20gu_t250/formal_parameter_sweeps_20260714_full/results/resource/x1p50/fixed/maxweight_lyapunov/seedbase982000,69.69607230252586,0.9612430974415034,0.027118224905916137,3.3868694589638606,4.25927891773387,135474776.760875,0.0,0.9891875006407493,250.0,40000043.900750004,0.9702811595289171
resource,5,1.50,2000000.0,2.0,3000000.0,3.0,15000000.0,15.0,75000000000.0,75.0,queue_aware_bw,QBS,fixed,,fixed,980000,64,64,resource_x1p50_queue_aware_bw_fixed_seedbase980000,/home/sgy/workspace/sagin_marl_phase4_learning_ablation/runs/phase4_learning_ablation/3uav20gu_t250/formal_parameter_sweeps_20260714_full/configs/resource/x1p50/structured_joint_mcgae_3uav20gu_t250_relational_critic.yaml,,queue_aware_bw,/home/sgy/workspace/sagin_marl_phase4_learning_ablation/runs/phase4_learning_ablation/3uav20gu_t250/formal_parameter_sweeps_20260714_full/results/resource/x1p50/fixed/queue_aware_bw/seedbase980000,35.60213631018996,0.5736687844577243,0.35394616444753596,14.670172166495295,30.727250731605338,586806879.842875,0.0,1.0,250.0,40000025.838750005,0.6172322490351041
resource,5,1.50,2000000.0,2.0,3000000.0,3.0,15000000.0,15.0,75000000000.0,75.0,queue_aware_bw,QBS,fixed,,fixed,981000,64,64,resource_x1p50_queue_aware_bw_fixed_seedbase981000,/home/sgy/workspace/sagin_marl_phase4_learning_ablation/runs/phase4_learning_ablation/3uav20gu_t250/formal_parameter_sweeps_20260714_full/configs/resource/x1p50/structured_joint_mcgae_3uav20gu_t250_relational_critic.yaml,,queue_aware_bw,/home/sgy/workspace/sagin_marl_phase4_learning_ablation/runs/phase4_learning_ablation/3uav20gu_t250/formal_parameter_sweeps_20260714_full/results/resource/x1p50/fixed/queue_aware_bw/seedbase981000,35.51162470399868,0.605388325094711,0.3155172201072688,13.644316231864966,25.625664714208565,545772643.1795626,0.015625,1.0,246.109375,39999849.411,0.637032337217845
resource,5,1.50,2000000.0,2.0,3000000.0,3.0,15000000.0,15.0,75000000000.0,75.0,queue_aware_bw,QBS,fixed,,fixed,982000,64,64,resource_x1p50_queue_aware_bw_fixed_seedbase982000,/home/sgy/workspace/sagin_marl_phase4_learning_ablation/runs/phase4_learning_ablation/3uav20gu_t250/formal_parameter_sweeps_20260714_full/configs/resource/x1p50/structured_joint_mcgae_3uav20gu_t250_relational_critic.yaml,,queue_aware_bw,/home/sgy/workspace/sagin_marl_phase4_learning_ablation/runs/phase4_learning_ablation/3uav20gu_t250/formal_parameter_sweeps_20260714_full/results/resource/x1p50/fixed/queue_aware_bw/seedbase982000,36.6154629169032,0.6180312727196141,0.3068940200523906,14.662934158174378,27.27334331895924,586517359.4380002,0.0,1.0,250.0,40000043.900750004,0.6570265290581268
resource,5,1.50,2000000.0,2.0,3000000.0,3.0,15000000.0,15.0,75000000000.0,75.0,static_uniform,Uniform,fixed,,fixed,980000,64,64,resource_x1p50_static_uniform_fixed_seedbase980000,/home/sgy/workspace/sagin_marl_phase4_learning_ablation/runs/phase4_learning_ablation/3uav20gu_t250/formal_parameter_sweeps_20260714_full/configs/resource/x1p50/structured_joint_mcgae_3uav20gu_t250_relational_critic.yaml,,static_uniform,/home/sgy/workspace/sagin_marl_phase4_learning_ablation/runs/phase4_learning_ablation/3uav20gu_t250/formal_parameter_sweeps_20260714_full/results/resource/x1p50/fixed/static_uniform/seedbase980000,35.5162954145344,0.5736343240258285,0.37341797061639825,12.12579933098674,30.267308202198073,485031967.69062513,0.0,0.4837291771434248,250.0,40000025.838750005,0.5771331423508632
resource,5,1.50,2000000.0,2.0,3000000.0,3.0,15000000.0,15.0,75000000000.0,75.0,static_uniform,Uniform,fixed,,fixed,981000,64,64,resource_x1p50_static_uniform_fixed_seedbase981000,/home/sgy/workspace/sagin_marl_phase4_learning_ablation/runs/phase4_learning_ablation/3uav20gu_t250/formal_parameter_sweeps_20260714_full/configs/resource/x1p50/structured_joint_mcgae_3uav20gu_t250_relational_critic.yaml,,static_uniform,/home/sgy/workspace/sagin_marl_phase4_learning_ablation/runs/phase4_learning_ablation/3uav20gu_t250/formal_parameter_sweeps_20260714_full/results/resource/x1p50/fixed/static_uniform/seedbase981000,35.78301194834057,0.6043061837917194,0.33827283204398195,10.859130098021122,23.525542707293056,434365198.63399994,0.015625,0.4813437604615463,246.109375,39999849.411,0.605812102908921
resource,5,1.50,2000000.0,2.0,3000000.0,3.0,15000000.0,15.0,75000000000.0,75.0,static_uniform,Uniform,fixed,,fixed,982000,64,64,resource_x1p50_static_uniform_fixed_seedbase982000,/home/sgy/workspace/sagin_marl_phase4_learning_ablation/runs/phase4_learning_ablation/3uav20gu_t250/formal_parameter_sweeps_20260714_full/configs/resource/x1p50/structured_joint_mcgae_3uav20gu_t250_relational_critic.yaml,,static_uniform,/home/sgy/workspace/sagin_marl_phase4_learning_ablation/runs/phase4_learning_ablation/3uav20gu_t250/formal_parameter_sweeps_20260714_full/results/resource/x1p50/fixed/static_uniform/seedbase982000,36.63501725823153,0.6104042308053468,0.3390983510716878,11.322442389096887,24.45316985626309,452897690.4395625,0.0,0.4835625104680656,250.0,40000043.900750004,0.6112885343895174
resource,6,2.00,2000000.0,2.0,4000000.0,4.0,20000000.0,20.0,100000000000.0,100.0,relcritic,STARS,learned,45211,selected,980000,64,64,resource_x2p00_relcritic_seed45211_selected_seedbase980000,/home/sgy/workspace/sagin_marl_phase4_learning_ablation/runs/phase4_learning_ablation/3uav20gu_t250/formal_parameter_sweeps_20260714_full/configs/resource/x2p00/structured_joint_mcgae_3uav20gu_t250_relational_critic.yaml,/home/sgy/workspace/sagin_marl_phase4_learning_ablation/runs/phase4_learning_ablation/3uav20gu_t250/relational_critic/seed45211_20260711_213639_bootstrapgae_nocompile/best_checkpoint.pt,,/home/sgy/workspace/sagin_marl_phase4_learning_ablation/runs/phase4_learning_ablation/3uav20gu_t250/formal_parameter_sweeps_20260714_full/results/resource/x2p00/learned/relcritic/seed45211/selected/seedbase980000,209.79273981438018,0.9938134292096368,0.006170931158666462,0.6365958964076444,0.8756192972196888,25463835.559625007,0.0,0.5106666777189821,250.0,40000025.838750005,0.9938274230566426
resource,6,2.00,2000000.0,2.0,4000000.0,4.0,20000000.0,20.0,100000000000.0,100.0,relcritic,STARS,learned,45211,selected,981000,64,64,resource_x2p00_relcritic_seed45211_selected_seedbase981000,/home/sgy/workspace/sagin_marl_phase4_learning_ablation/runs/phase4_learning_ablation/3uav20gu_t250/formal_parameter_sweeps_20260714_full/configs/resource/x2p00/structured_joint_mcgae_3uav20gu_t250_relational_critic.yaml,/home/sgy/workspace/sagin_marl_phase4_learning_ablation/runs/phase4_learning_ablation/3uav20gu_t250/relational_critic/seed45211_20260711_213639_bootstrapgae_nocompile/best_checkpoint.pt,,/home/sgy/workspace/sagin_marl_phase4_learning_ablation/runs/phase4_learning_ablation/3uav20gu_t250/formal_parameter_sweeps_20260714_full/results/resource/x2p00/learned/relcritic/seed45211/selected/seedbase981000,203.20903381705284,0.9818000549348072,0.008782064015234937,0.6449134247134465,0.8377514693548935,25796536.672125004,0.015625,0.5029166770484298,246.109375,39999849.411,0.9818132089296013
resource,6,2.00,2000000.0,2.0,4000000.0,4.0,20000000.0,20.0,100000000000.0,100.0,relcritic,STARS,learned,45211,selected,982000,64,64,resource_x2p00_relcritic_seed45211_selected_seedbase982000,/home/sgy/workspace/sagin_marl_phase4_learning_ablation/runs/phase4_learning_ablation/3uav20gu_t250/formal_parameter_sweeps_20260714_full/configs/resource/x2p00/structured_joint_mcgae_3uav20gu_t250_relational_critic.yaml,/home/sgy/workspace/sagin_marl_phase4_learning_ablation/runs/phase4_learning_ablation/3uav20gu_t250/relational_critic/seed45211_20260711_213639_bootstrapgae_nocompile/best_checkpoint.pt,,/home/sgy/workspace/sagin_marl_phase4_learning_ablation/runs/phase4_learning_ablation/3uav20gu_t250/formal_parameter_sweeps_20260714_full/results/resource/x2p00/learned/relcritic/seed45211/selected/seedbase982000,214.84481708775274,0.9930438496493734,0.006275993423353613,0.4616020845388129,0.6123730896484958,18464083.158562493,0.0,0.5105573024600745,250.0,40000043.900750004,0.9930801979069334
resource,6,2.00,2000000.0,2.0,4000000.0,4.0,20000000.0,20.0,100000000000.0,100.0,relcritic,STARS,learned,73129,selected,980000,64,64,resource_x2p00_relcritic_seed73129_selected_seedbase980000,/home/sgy/workspace/sagin_marl_phase4_learning_ablation/runs/phase4_learning_ablation/3uav20gu_t250/formal_parameter_sweeps_20260714_full/configs/resource/x2p00/structured_joint_mcgae_3uav20gu_t250_relational_critic.yaml,/home/sgy/workspace/sagin_marl_phase4_learning_ablation/runs/phase4_learning_ablation/3uav20gu_t250/relational_critic/seed73129_20260711_213639_bootstrapgae_nocompile/best_checkpoint.pt,,/home/sgy/workspace/sagin_marl_phase4_learning_ablation/runs/phase4_learning_ablation/3uav20gu_t250/formal_parameter_sweeps_20260714_full/results/resource/x2p00/learned/relcritic/seed73129/selected/seedbase980000,200.87416004412808,0.9907041718317195,0.008694272487301077,0.7523049558420443,0.9726629285667429,30092197.8616875,0.0,0.6863489714572206,250.0,40000025.838750005,0.9909339983109923
resource,6,2.00,2000000.0,2.0,4000000.0,4.0,20000000.0,20.0,100000000000.0,100.0,relcritic,STARS,learned,73129,selected,981000,64,64,resource_x2p00_relcritic_seed73129_selected_seedbase981000,/home/sgy/workspace/sagin_marl_phase4_learning_ablation/runs/phase4_learning_ablation/3uav20gu_t250/formal_parameter_sweeps_20260714_full/configs/resource/x2p00/structured_joint_mcgae_3uav20gu_t250_relational_critic.yaml,/home/sgy/workspace/sagin_marl_phase4_learning_ablation/runs/phase4_learning_ablation/3uav20gu_t250/relational_critic/seed73129_20260711_213639_bootstrapgae_nocompile/best_checkpoint.pt,,/home/sgy/workspace/sagin_marl_phase4_learning_ablation/runs/phase4_learning_ablation/3uav20gu_t250/formal_parameter_sweeps_20260714_full/results/resource/x2p00/learned/relcritic/seed73129/selected/seedbase981000,207.4350806842558,0.9953274216968567,0.003994836198380653,0.5187393601349378,0.627536804806134,20749574.167437494,0.0,0.6913541795862838,250.0,39999962.112749994,0.9958434842410162
resource,6,2.00,2000000.0,2.0,4000000.0,4.0,20000000.0,20.0,100000000000.0,100.0,relcritic,STARS,learned,73129,selected,982000,64,64,resource_x2p00_relcritic_seed73129_selected_seedbase982000,/home/sgy/workspace/sagin_marl_phase4_learning_ablation/runs/phase4_learning_ablation/3uav20gu_t250/formal_parameter_sweeps_20260714_full/configs/resource/x2p00/structured_joint_mcgae_3uav20gu_t250_relational_critic.yaml,/home/sgy/workspace/sagin_marl_phase4_learning_ablation/runs/phase4_learning_ablation/3uav20gu_t250/relational_critic/seed73129_20260711_213639_bootstrapgae_nocompile/best_checkpoint.pt,,/home/sgy/workspace/sagin_marl_phase4_learning_ablation/runs/phase4_learning_ablation/3uav20gu_t250/formal_parameter_sweeps_20260714_full/results/resource/x2p00/learned/relcritic/seed73129/selected/seedbase982000,209.97727954364382,0.9948506258656276,0.0045254540973219265,0.473959709969949,0.5856707344296924,18958388.185249995,0.0,0.6930416796039786,250.0,40000043.900750004,0.9953357238575925
resource,6,2.00,2000000.0,2.0,4000000.0,4.0,20000000.0,20.0,100000000000.0,100.0,relcritic,STARS,learned,91457,selected,980000,64,64,resource_x2p00_relcritic_seed91457_selected_seedbase980000,/home/sgy/workspace/sagin_marl_phase4_learning_ablation/runs/phase4_learning_ablation/3uav20gu_t250/formal_parameter_sweeps_20260714_full/configs/resource/x2p00/structured_joint_mcgae_3uav20gu_t250_relational_critic.yaml,/home/sgy/workspace/sagin_marl_phase4_learning_ablation/runs/phase4_learning_ablation/3uav20gu_t250/relational_critic/seed91457_20260712_124615_resume_u0400_bootstrapgae_nocompile/best_checkpoint.pt,,/home/sgy/workspace/sagin_marl_phase4_learning_ablation/runs/phase4_learning_ablation/3uav20gu_t250/formal_parameter_sweeps_20260714_full/results/resource/x2p00/learned/relcritic/seed91457/selected/seedbase980000,195.97689976939,0.994672333202302,0.0039930205896462415,0.6828646642966301,1.0067171450952868,27314586.253110375,0.015625,0.6296034786026689,248.296875,40000036.00986703,0.995215175988153
resource,6,2.00,2000000.0,2.0,4000000.0,4.0,20000000.0,20.0,100000000000.0,100.0,relcritic,STARS,learned,91457,selected,981000,64,64,resource_x2p00_relcritic_seed91457_selected_seedbase981000,/home/sgy/workspace/sagin_marl_phase4_learning_ablation/runs/phase4_learning_ablation/3uav20gu_t250/formal_parameter_sweeps_20260714_full/configs/resource/x2p00/structured_joint_mcgae_3uav20gu_t250_relational_critic.yaml,/home/sgy/workspace/sagin_marl_phase4_learning_ablation/runs/phase4_learning_ablation/3uav20gu_t250/relational_critic/seed91457_20260712_124615_resume_u0400_bootstrapgae_nocompile/best_checkpoint.pt,,/home/sgy/workspace/sagin_marl_phase4_learning_ablation/runs/phase4_learning_ablation/3uav20gu_t250/formal_parameter_sweeps_20260714_full/results/resource/x2p00/learned/relcritic/seed91457/selected/seedbase981000,190.11109342915006,0.9871921165349835,0.002670857543928434,0.7046705904188908,0.9604927776083017,28186823.299670525,0.03125,0.6167897531497482,244.90625,39999855.72186993,0.9880040325547285
resource,6,2.00,2000000.0,2.0,4000000.0,4.0,20000000.0,20.0,100000000000.0,100.0,relcritic,STARS,learned,91457,selected,982000,64,64,resource_x2p00_relcritic_seed91457_selected_seedbase982000,/home/sgy/workspace/sagin_marl_phase4_learning_ablation/runs/phase4_learning_ablation/3uav20gu_t250/formal_parameter_sweeps_20260714_full/configs/resource/x2p00/structured_joint_mcgae_3uav20gu_t250_relational_critic.yaml,/home/sgy/workspace/sagin_marl_phase4_learning_ablation/runs/phase4_learning_ablation/3uav20gu_t250/relational_critic/seed91457_20260712_124615_resume_u0400_bootstrapgae_nocompile/best_checkpoint.pt,,/home/sgy/workspace/sagin_marl_phase4_learning_ablation/runs/phase4_learning_ablation/3uav20gu_t250/formal_parameter_sweeps_20260714_full/results/resource/x2p00/learned/relcritic/seed91457/selected/seedbase982000,197.20716778934002,0.9954801182164812,0.0028802133272793073,0.6422962556296833,0.9015811000073568,25691849.93,0.0,0.6240468880906702,250.0,40000043.900750004,0.9967833146072596
resource,6,2.00,2000000.0,2.0,4000000.0,4.0,20000000.0,20.0,100000000000.0,100.0,globalcritic,STARS-GC,learned,45211,selected,980000,64,64,resource_x2p00_globalcritic_seed45211_selected_seedbase980000,/home/sgy/workspace/sagin_marl_phase4_learning_ablation/runs/phase4_learning_ablation/3uav20gu_t250/formal_parameter_sweeps_20260714_full/configs/resource/x2p00/structured_joint_mcgae_3uav20gu_t250_global_only_critic.yaml,/home/sgy/workspace/sagin_marl_phase4_learning_ablation/runs/phase4_learning_ablation/3uav20gu_t250/global_only_critic/seed45211_20260712_124615_bootstrapgae_nocompile/best_checkpoint.pt,,/home/sgy/workspace/sagin_marl_phase4_learning_ablation/runs/phase4_learning_ablation/3uav20gu_t250/formal_parameter_sweeps_20260714_full/results/resource/x2p00/learned/globalcritic/seed45211/selected/seedbase980000,194.99982016626745,0.9902929186024705,0.0066304260577589955,0.9413283234848024,1.158043321485062,37653132.45624999,0.0,0.791322934850119,250.0,40000025.838750005,0.993008932580378
resource,6,2.00,2000000.0,2.0,4000000.0,4.0,20000000.0,20.0,100000000000.0,100.0,globalcritic,STARS-GC,learned,45211,selected,981000,64,64,resource_x2p00_globalcritic_seed45211_selected_seedbase981000,/home/sgy/workspace/sagin_marl_phase4_learning_ablation/runs/phase4_learning_ablation/3uav20gu_t250/formal_parameter_sweeps_20260714_full/configs/resource/x2p00/structured_joint_mcgae_3uav20gu_t250_global_only_critic.yaml,/home/sgy/workspace/sagin_marl_phase4_learning_ablation/runs/phase4_learning_ablation/3uav20gu_t250/global_only_critic/seed45211_20260712_124615_bootstrapgae_nocompile/best_checkpoint.pt,,/home/sgy/workspace/sagin_marl_phase4_learning_ablation/runs/phase4_learning_ablation/3uav20gu_t250/formal_parameter_sweeps_20260714_full/results/resource/x2p00/learned/globalcritic/seed45211/selected/seedbase981000,196.70925106457435,0.9900155506478622,0.005798853295525988,0.8850762330478859,1.090932965585509,35403048.86787501,0.0,0.7940781423989682,250.0,39999962.112749994,0.9925269731573476
resource,6,2.00,2000000.0,2.0,4000000.0,4.0,20000000.0,20.0,100000000000.0,100.0,globalcritic,STARS-GC,learned,45211,selected,982000,64,64,resource_x2p00_globalcritic_seed45211_selected_seedbase982000,/home/sgy/workspace/sagin_marl_phase4_learning_ablation/runs/phase4_learning_ablation/3uav20gu_t250/formal_parameter_sweeps_20260714_full/configs/resource/x2p00/structured_joint_mcgae_3uav20gu_t250_global_only_critic.yaml,/home/sgy/workspace/sagin_marl_phase4_learning_ablation/runs/phase4_learning_ablation/3uav20gu_t250/global_only_critic/seed45211_20260712_124615_bootstrapgae_nocompile/best_checkpoint.pt,,/home/sgy/workspace/sagin_marl_phase4_learning_ablation/runs/phase4_learning_ablation/3uav20gu_t250/formal_parameter_sweeps_20260714_full/results/resource/x2p00/learned/globalcritic/seed45211/selected/seedbase982000,195.6412679653149,0.9861292137801643,0.007261543869687559,0.8010179956758704,0.9858439528704553,32040719.454031255,0.015625,0.7903619964132085,246.21875,40000066.065375,0.9891660179699282
resource,6,2.00,2000000.0,2.0,4000000.0,4.0,20000000.0,20.0,100000000000.0,100.0,globalcritic,STARS-GC,learned,73129,selected,980000,64,64,resource_x2p00_globalcritic_seed73129_selected_seedbase980000,/home/sgy/workspace/sagin_marl_phase4_learning_ablation/runs/phase4_learning_ablation/3uav20gu_t250/formal_parameter_sweeps_20260714_full/configs/resource/x2p00/structured_joint_mcgae_3uav20gu_t250_global_only_critic.yaml,/home/sgy/workspace/sagin_marl_phase4_learning_ablation/runs/phase4_learning_ablation/3uav20gu_t250/global_only_critic/seed73129_20260712_124615_bootstrapgae_nocompile/best_checkpoint.pt,,/home/sgy/workspace/sagin_marl_phase4_learning_ablation/runs/phase4_learning_ablation/3uav20gu_t250/formal_parameter_sweeps_20260714_full/results/resource/x2p00/learned/globalcritic/seed73129/selected/seedbase980000,23.474684397689998,0.3433365937798249,0.5641273209051296,12.857903561827882,71.04361176000971,514316136.27932036,0.34375,0.9734157026437488,207.421875,39999976.66065469,0.34335392721871094
resource,6,2.00,2000000.0,2.0,4000000.0,4.0,20000000.0,20.0,100000000000.0,100.0,globalcritic,STARS-GC,learned,73129,selected,981000,64,64,resource_x2p00_globalcritic_seed73129_selected_seedbase981000,/home/sgy/workspace/sagin_marl_phase4_learning_ablation/runs/phase4_learning_ablation/3uav20gu_t250/formal_parameter_sweeps_20260714_full/configs/resource/x2p00/structured_joint_mcgae_3uav20gu_t250_global_only_critic.yaml,/home/sgy/workspace/sagin_marl_phase4_learning_ablation/runs/phase4_learning_ablation/3uav20gu_t250/global_only_critic/seed73129_20260712_124615_bootstrapgae_nocompile/best_checkpoint.pt,,/home/sgy/workspace/sagin_marl_phase4_learning_ablation/runs/phase4_learning_ablation/3uav20gu_t250/formal_parameter_sweeps_20260714_full/results/resource/x2p00/learned/globalcritic/seed73129/selected/seedbase981000,23.727271952608135,0.35556698984827634,0.5492130699000454,12.490711825481034,56.96341579246855,499628466.88162464,0.296875,0.976121903397866,209.84375,40000016.822175846,0.35561103834096025
resource,6,2.00,2000000.0,2.0,4000000.0,4.0,20000000.0,20.0,100000000000.0,100.0,globalcritic,STARS-GC,learned,73129,selected,982000,64,64,resource_x2p00_globalcritic_seed73129_selected_seedbase982000,/home/sgy/workspace/sagin_marl_phase4_learning_ablation/runs/phase4_learning_ablation/3uav20gu_t250/formal_parameter_sweeps_20260714_full/configs/resource/x2p00/structured_joint_mcgae_3uav20gu_t250_global_only_critic.yaml,/home/sgy/workspace/sagin_marl_phase4_learning_ablation/runs/phase4_learning_ablation/3uav20gu_t250/global_only_critic/seed73129_20260712_124615_bootstrapgae_nocompile/best_checkpoint.pt,,/home/sgy/workspace/sagin_marl_phase4_learning_ablation/runs/phase4_learning_ablation/3uav20gu_t250/formal_parameter_sweeps_20260714_full/results/resource/x2p00/learned/globalcritic/seed73129/selected/seedbase982000,24.34621366643114,0.3524809095786568,0.5708272552338193,12.882341237708642,62.51443045459961,515293643.4524877,0.296875,0.9791155381654151,218.59375,40000118.43581548,0.35253711362304324
resource,6,2.00,2000000.0,2.0,4000000.0,4.0,20000000.0,20.0,100000000000.0,100.0,globalcritic,STARS-GC,learned,91457,selected,980000,64,64,resource_x2p00_globalcritic_seed91457_selected_seedbase980000,/home/sgy/workspace/sagin_marl_phase4_learning_ablation/runs/phase4_learning_ablation/3uav20gu_t250/formal_parameter_sweeps_20260714_full/configs/resource/x2p00/structured_joint_mcgae_3uav20gu_t250_global_only_critic.yaml,/home/sgy/workspace/sagin_marl_phase4_learning_ablation/runs/phase4_learning_ablation/3uav20gu_t250/global_only_critic/seed91457_20260712_124615_bootstrapgae_nocompile/best_checkpoint.pt,,/home/sgy/workspace/sagin_marl_phase4_learning_ablation/runs/phase4_learning_ablation/3uav20gu_t250/formal_parameter_sweeps_20260714_full/results/resource/x2p00/learned/globalcritic/seed91457/selected/seedbase980000,26.620471581059974,0.4786612648561664,0.4515886401769475,11.65558748760573,37.48375027721751,466223494.0978593,0.25,0.755325274805627,224.78125,40000056.24190523,0.4791786359201663
resource,6,2.00,2000000.0,2.0,4000000.0,4.0,20000000.0,20.0,100000000000.0,100.0,globalcritic,STARS-GC,learned,91457,selected,981000,64,64,resource_x2p00_globalcritic_seed91457_selected_seedbase981000,/home/sgy/workspace/sagin_marl_phase4_learning_ablation/runs/phase4_learning_ablation/3uav20gu_t250/formal_parameter_sweeps_20260714_full/configs/resource/x2p00/structured_joint_mcgae_3uav20gu_t250_global_only_critic.yaml,/home/sgy/workspace/sagin_marl_phase4_learning_ablation/runs/phase4_learning_ablation/3uav20gu_t250/global_only_critic/seed91457_20260712_124615_bootstrapgae_nocompile/best_checkpoint.pt,,/home/sgy/workspace/sagin_marl_phase4_learning_ablation/runs/phase4_learning_ablation/3uav20gu_t250/formal_parameter_sweeps_20260714_full/results/resource/x2p00/learned/globalcritic/seed91457/selected/seedbase981000,26.47874985449016,0.46104787697437316,0.466984035393998,11.842960989864835,41.28251963147139,473718434.2642377,0.140625,0.7719457316990892,232.40625,39999840.07110436,0.46135369844242663
resource,6,2.00,2000000.0,2.0,4000000.0,4.0,20000000.0,20.0,100000000000.0,100.0,globalcritic,STARS-GC,learned,91457,selected,982000,64,64,resource_x2p00_globalcritic_seed91457_selected_seedbase982000,/home/sgy/workspace/sagin_marl_phase4_learning_ablation/runs/phase4_learning_ablation/3uav20gu_t250/formal_parameter_sweeps_20260714_full/configs/resource/x2p00/structured_joint_mcgae_3uav20gu_t250_global_only_critic.yaml,/home/sgy/workspace/sagin_marl_phase4_learning_ablation/runs/phase4_learning_ablation/3uav20gu_t250/global_only_critic/seed91457_20260712_124615_bootstrapgae_nocompile/best_checkpoint.pt,,/home/sgy/workspace/sagin_marl_phase4_learning_ablation/runs/phase4_learning_ablation/3uav20gu_t250/formal_parameter_sweeps_20260714_full/results/resource/x2p00/learned/globalcritic/seed91457/selected/seedbase982000,25.937742787064053,0.45753537730491844,0.4650377169727424,11.801723066707686,44.85059107480379,472068916.93839526,0.21875,0.7742414948851856,223.203125,40000065.78557345,0.45818649022456454
resource,6,2.00,2000000.0,2.0,4000000.0,4.0,20000000.0,20.0,100000000000.0,100.0,cluster_center_queue_aware,QCCS,fixed,,fixed,980000,64,64,resource_x2p00_cluster_center_queue_aware_fixed_seedbase980000,/home/sgy/workspace/sagin_marl_phase4_learning_ablation/runs/phase4_learning_ablation/3uav20gu_t250/formal_parameter_sweeps_20260714_full/configs/resource/x2p00/structured_joint_mcgae_3uav20gu_t250_relational_critic.yaml,,cluster_center_queue_aware,/home/sgy/workspace/sagin_marl_phase4_learning_ablation/runs/phase4_learning_ablation/3uav20gu_t250/formal_parameter_sweeps_20260714_full/results/resource/x2p00/fixed/cluster_center_queue_aware/seedbase980000,90.4808166322764,0.9717667717214208,0.023177774110940384,1.9820743318115706,2.705454589749963,79282972.34443752,0.0,0.9855833338629454,250.0,40000025.838750005,0.9752174680028561
resource,6,2.00,2000000.0,2.0,4000000.0,4.0,20000000.0,20.0,100000000000.0,100.0,cluster_center_queue_aware,QCCS,fixed,,fixed,981000,64,64,resource_x2p00_cluster_center_queue_aware_fixed_seedbase981000,/home/sgy/workspace/sagin_marl_phase4_learning_ablation/runs/phase4_learning_ablation/3uav20gu_t250/formal_parameter_sweeps_20260714_full/configs/resource/x2p00/structured_joint_mcgae_3uav20gu_t250_relational_critic.yaml,,cluster_center_queue_aware,/home/sgy/workspace/sagin_marl_phase4_learning_ablation/runs/phase4_learning_ablation/3uav20gu_t250/formal_parameter_sweeps_20260714_full/results/resource/x2p00/fixed/cluster_center_queue_aware/seedbase981000,93.88667735899799,0.9761717484486288,0.014368394269209831,1.8910910409314385,2.360019280581705,75643640.78087501,0.015625,0.9965416667573154,246.875,39999964.05575,0.981198462812409
resource,6,2.00,2000000.0,2.0,4000000.0,4.0,20000000.0,20.0,100000000000.0,100.0,cluster_center_queue_aware,QCCS,fixed,,fixed,982000,64,64,resource_x2p00_cluster_center_queue_aware_fixed_seedbase982000,/home/sgy/workspace/sagin_marl_phase4_learning_ablation/runs/phase4_learning_ablation/3uav20gu_t250/formal_parameter_sweeps_20260714_full/configs/resource/x2p00/structured_joint_mcgae_3uav20gu_t250_relational_critic.yaml,,cluster_center_queue_aware,/home/sgy/workspace/sagin_marl_phase4_learning_ablation/runs/phase4_learning_ablation/3uav20gu_t250/formal_parameter_sweeps_20260714_full/results/resource/x2p00/fixed/cluster_center_queue_aware/seedbase982000,93.27932196937036,0.9804910327126275,0.012430608520084204,1.688424817182327,2.116812980398339,67536991.88225001,0.0,0.993333333523944,250.0,40000043.900750004,0.9859510818226177
resource,6,2.00,2000000.0,2.0,4000000.0,4.0,20000000.0,20.0,100000000000.0,100.0,maxweight_lyapunov,Lyapunov,fixed,,fixed,980000,64,64,resource_x2p00_maxweight_lyapunov_fixed_seedbase980000,/home/sgy/workspace/sagin_marl_phase4_learning_ablation/runs/phase4_learning_ablation/3uav20gu_t250/formal_parameter_sweeps_20260714_full/configs/resource/x2p00/structured_joint_mcgae_3uav20gu_t250_relational_critic.yaml,,maxweight_lyapunov,/home/sgy/workspace/sagin_marl_phase4_learning_ablation/runs/phase4_learning_ablation/3uav20gu_t250/formal_parameter_sweeps_20260714_full/results/resource/x2p00/fixed/maxweight_lyapunov/seedbase980000,82.92356830718927,0.9689432648669462,0.027158926067124868,2.3866203106598842,3.2312432930799404,95464811.2939375,0.0,0.9962291668914254,250.0,40000025.838750005,0.9694886516089014
resource,6,2.00,2000000.0,2.0,4000000.0,4.0,20000000.0,20.0,100000000000.0,100.0,maxweight_lyapunov,Lyapunov,fixed,,fixed,981000,64,64,resource_x2p00_maxweight_lyapunov_fixed_seedbase981000,/home/sgy/workspace/sagin_marl_phase4_learning_ablation/runs/phase4_learning_ablation/3uav20gu_t250/formal_parameter_sweeps_20260714_full/configs/resource/x2p00/structured_joint_mcgae_3uav20gu_t250_relational_critic.yaml,,maxweight_lyapunov,/home/sgy/workspace/sagin_marl_phase4_learning_ablation/runs/phase4_learning_ablation/3uav20gu_t250/formal_parameter_sweeps_20260714_full/results/resource/x2p00/fixed/maxweight_lyapunov/seedbase981000,89.44507286720909,0.9809606493590401,0.015191071830551208,1.8891690737097087,2.3189110975880465,75566762.0848125,0.0,0.9963541668839746,250.0,39999962.112749994,0.9824103365052561
resource,6,2.00,2000000.0,2.0,4000000.0,4.0,20000000.0,20.0,100000000000.0,100.0,maxweight_lyapunov,Lyapunov,fixed,,fixed,982000,64,64,resource_x2p00_maxweight_lyapunov_fixed_seedbase982000,/home/sgy/workspace/sagin_marl_phase4_learning_ablation/runs/phase4_learning_ablation/3uav20gu_t250/formal_parameter_sweeps_20260714_full/configs/resource/x2p00/structured_joint_mcgae_3uav20gu_t250_relational_critic.yaml,,maxweight_lyapunov,/home/sgy/workspace/sagin_marl_phase4_learning_ablation/runs/phase4_learning_ablation/3uav20gu_t250/formal_parameter_sweeps_20260714_full/results/resource/x2p00/fixed/maxweight_lyapunov/seedbase982000,86.26172542199492,0.9829463748764248,0.012966403772659535,1.683245627806835,2.111051988233521,67329824.334375,0.0,0.9964479168765242,250.0,40000043.900750004,0.9853133582162114
resource,6,2.00,2000000.0,2.0,4000000.0,4.0,20000000.0,20.0,100000000000.0,100.0,queue_aware_bw,QBS,fixed,,fixed,980000,64,64,resource_x2p00_queue_aware_bw_fixed_seedbase980000,/home/sgy/workspace/sagin_marl_phase4_learning_ablation/runs/phase4_learning_ablation/3uav20gu_t250/formal_parameter_sweeps_20260714_full/configs/resource/x2p00/structured_joint_mcgae_3uav20gu_t250_relational_critic.yaml,,queue_aware_bw,/home/sgy/workspace/sagin_marl_phase4_learning_ablation/runs/phase4_learning_ablation/3uav20gu_t250/formal_parameter_sweeps_20260714_full/results/resource/x2p00/fixed/queue_aware_bw/seedbase980000,38.511328487773426,0.6650553320471664,0.274170070713989,12.575078289759357,23.553632662327402,503003125.68781245,0.0,1.0,250.0,40000025.838750005,0.7009543160015522
resource,6,2.00,2000000.0,2.0,4000000.0,4.0,20000000.0,20.0,100000000000.0,100.0,queue_aware_bw,QBS,fixed,,fixed,981000,64,64,resource_x2p00_queue_aware_bw_fixed_seedbase981000,/home/sgy/workspace/sagin_marl_phase4_learning_ablation/runs/phase4_learning_ablation/3uav20gu_t250/formal_parameter_sweeps_20260714_full/configs/resource/x2p00/structured_joint_mcgae_3uav20gu_t250_relational_critic.yaml,,queue_aware_bw,/home/sgy/workspace/sagin_marl_phase4_learning_ablation/runs/phase4_learning_ablation/3uav20gu_t250/formal_parameter_sweeps_20260714_full/results/resource/x2p00/fixed/queue_aware_bw/seedbase981000,38.36754632007796,0.6928509151870387,0.2406492329054177,11.858481177857902,19.692077782319046,474339241.6222501,0.015625,1.0,246.109375,39999849.411,0.7250905492036169
resource,6,2.00,2000000.0,2.0,4000000.0,4.0,20000000.0,20.0,100000000000.0,100.0,queue_aware_bw,QBS,fixed,,fixed,982000,64,64,resource_x2p00_queue_aware_bw_fixed_seedbase982000,/home/sgy/workspace/sagin_marl_phase4_learning_ablation/runs/phase4_learning_ablation/3uav20gu_t250/formal_parameter_sweeps_20260714_full/configs/resource/x2p00/structured_joint_mcgae_3uav20gu_t250_relational_critic.yaml,,queue_aware_bw,/home/sgy/workspace/sagin_marl_phase4_learning_ablation/runs/phase4_learning_ablation/3uav20gu_t250/formal_parameter_sweeps_20260714_full/results/resource/x2p00/fixed/queue_aware_bw/seedbase982000,40.36154130962677,0.7096682767057789,0.22569450988177053,12.651147319672877,20.87081382200798,506045886.7169999,0.0,1.0,250.0,40000043.900750004,0.7530247528020189
resource,6,2.00,2000000.0,2.0,4000000.0,4.0,20000000.0,20.0,100000000000.0,100.0,static_uniform,Uniform,fixed,,fixed,980000,64,64,resource_x2p00_static_uniform_fixed_seedbase980000,/home/sgy/workspace/sagin_marl_phase4_learning_ablation/runs/phase4_learning_ablation/3uav20gu_t250/formal_parameter_sweeps_20260714_full/configs/resource/x2p00/structured_joint_mcgae_3uav20gu_t250_relational_critic.yaml,,static_uniform,/home/sgy/workspace/sagin_marl_phase4_learning_ablation/runs/phase4_learning_ablation/3uav20gu_t250/formal_parameter_sweeps_20260714_full/results/resource/x2p00/fixed/static_uniform/seedbase980000,38.35883517621551,0.6566869469676166,0.3004283078981962,10.28843522629859,23.660766013427413,411537404.24506265,0.0,0.4837291771434248,250.0,40000025.838750005,0.658327179390506
resource,6,2.00,2000000.0,2.0,4000000.0,4.0,20000000.0,20.0,100000000000.0,100.0,static_uniform,Uniform,fixed,,fixed,981000,64,64,resource_x2p00_static_uniform_fixed_seedbase981000,/home/sgy/workspace/sagin_marl_phase4_learning_ablation/runs/phase4_learning_ablation/3uav20gu_t250/formal_parameter_sweeps_20260714_full/configs/resource/x2p00/structured_joint_mcgae_3uav20gu_t250_relational_critic.yaml,,static_uniform,/home/sgy/workspace/sagin_marl_phase4_learning_ablation/runs/phase4_learning_ablation/3uav20gu_t250/formal_parameter_sweeps_20260714_full/results/resource/x2p00/fixed/static_uniform/seedbase981000,38.77080163755454,0.688827294632094,0.26290789038350787,9.091619500264787,17.863693016710048,363664775.21849996,0.015625,0.4813437604615463,246.109375,39999849.411,0.6910363203928626
resource,6,2.00,2000000.0,2.0,4000000.0,4.0,20000000.0,20.0,100000000000.0,100.0,static_uniform,Uniform,fixed,,fixed,982000,64,64,resource_x2p00_static_uniform_fixed_seedbase982000,/home/sgy/workspace/sagin_marl_phase4_learning_ablation/runs/phase4_learning_ablation/3uav20gu_t250/formal_parameter_sweeps_20260714_full/configs/resource/x2p00/structured_joint_mcgae_3uav20gu_t250_relational_critic.yaml,,static_uniform,/home/sgy/workspace/sagin_marl_phase4_learning_ablation/runs/phase4_learning_ablation/3uav20gu_t250/formal_parameter_sweeps_20260714_full/results/resource/x2p00/fixed/static_uniform/seedbase982000,39.93538019654807,0.7026595189948566,0.2550486290174954,9.385526616794072,18.485694718058806,375421060.0005625,0.0,0.4835625104680656,250.0,40000043.900750004,0.7038885657394587
resource,7,3.00,2000000.0,2.0,6000000.0,6.0,30000000.0,30.0,150000000000.0,150.0,relcritic,STARS,learned,45211,selected,980000,64,64,resource_x3p00_relcritic_seed45211_selected_seedbase980000,/home/sgy/workspace/sagin_marl_phase4_learning_ablation/runs/phase4_learning_ablation/3uav20gu_t250/formal_parameter_sweeps_20260714_full/configs/resource/x3p00/structured_joint_mcgae_3uav20gu_t250_relational_critic.yaml,/home/sgy/workspace/sagin_marl_phase4_learning_ablation/runs/phase4_learning_ablation/3uav20gu_t250/relational_critic/seed45211_20260711_213639_bootstrapgae_nocompile/best_checkpoint.pt,,/home/sgy/workspace/sagin_marl_phase4_learning_ablation/runs/phase4_learning_ablation/3uav20gu_t250/formal_parameter_sweeps_20260714_full/results/resource/x3p00/learned/relcritic/seed45211/selected/seedbase980000,223.7701375982724,0.9982106300615705,0.001683526509295916,0.2746772785534543,0.3869971248781437,10987090.994124997,0.0,0.5847812603367495,250.0,40000025.838750005,0.9982145502868397
resource,7,3.00,2000000.0,2.0,6000000.0,6.0,30000000.0,30.0,150000000000.0,150.0,relcritic,STARS,learned,45211,selected,981000,64,64,resource_x3p00_relcritic_seed45211_selected_seedbase981000,/home/sgy/workspace/sagin_marl_phase4_learning_ablation/runs/phase4_learning_ablation/3uav20gu_t250/formal_parameter_sweeps_20260714_full/configs/resource/x3p00/structured_joint_mcgae_3uav20gu_t250_relational_critic.yaml,/home/sgy/workspace/sagin_marl_phase4_learning_ablation/runs/phase4_learning_ablation/3uav20gu_t250/relational_critic/seed45211_20260711_213639_bootstrapgae_nocompile/best_checkpoint.pt,,/home/sgy/workspace/sagin_marl_phase4_learning_ablation/runs/phase4_learning_ablation/3uav20gu_t250/formal_parameter_sweeps_20260714_full/results/resource/x3p00/learned/relcritic/seed45211/selected/seedbase981000,221.72362100100145,0.9910302127315659,0.0011659388241168926,0.2168851483097877,0.2825780301409486,8675405.822562499,0.015625,0.5791823017438873,246.109375,39999849.411,0.991092299575997
resource,7,3.00,2000000.0,2.0,6000000.0,6.0,30000000.0,30.0,150000000000.0,150.0,relcritic,STARS,learned,45211,selected,982000,64,64,resource_x3p00_relcritic_seed45211_selected_seedbase982000,/home/sgy/workspace/sagin_marl_phase4_learning_ablation/runs/phase4_learning_ablation/3uav20gu_t250/formal_parameter_sweeps_20260714_full/configs/resource/x3p00/structured_joint_mcgae_3uav20gu_t250_relational_critic.yaml,/home/sgy/workspace/sagin_marl_phase4_learning_ablation/runs/phase4_learning_ablation/3uav20gu_t250/relational_critic/seed45211_20260711_213639_bootstrapgae_nocompile/best_checkpoint.pt,,/home/sgy/workspace/sagin_marl_phase4_learning_ablation/runs/phase4_learning_ablation/3uav20gu_t250/formal_parameter_sweeps_20260714_full/results/resource/x3p00/learned/relcritic/seed45211/selected/seedbase982000,225.2979127902072,0.99776890989393,0.001974885007311059,0.1977043049295196,0.2500632976285236,7908172.107062502,0.0,0.5764479271043094,250.0,40000043.900750004,0.9978071855383457
resource,7,3.00,2000000.0,2.0,6000000.0,6.0,30000000.0,30.0,150000000000.0,150.0,relcritic,STARS,learned,73129,selected,980000,64,64,resource_x3p00_relcritic_seed73129_selected_seedbase980000,/home/sgy/workspace/sagin_marl_phase4_learning_ablation/runs/phase4_learning_ablation/3uav20gu_t250/formal_parameter_sweeps_20260714_full/configs/resource/x3p00/structured_joint_mcgae_3uav20gu_t250_relational_critic.yaml,/home/sgy/workspace/sagin_marl_phase4_learning_ablation/runs/phase4_learning_ablation/3uav20gu_t250/relational_critic/seed73129_20260711_213639_bootstrapgae_nocompile/best_checkpoint.pt,,/home/sgy/workspace/sagin_marl_phase4_learning_ablation/runs/phase4_learning_ablation/3uav20gu_t250/formal_parameter_sweeps_20260714_full/results/resource/x3p00/learned/relcritic/seed73129/selected/seedbase980000,222.70784448692575,0.9970753149478697,0.0024421053292608126,0.2796747782710055,0.3706919756552903,11186990.977124998,0.0,0.7799791777376087,250.0,40000025.838750005,0.9970746781257986
resource,7,3.00,2000000.0,2.0,6000000.0,6.0,30000000.0,30.0,150000000000.0,150.0,relcritic,STARS,learned,73129,selected,981000,64,64,resource_x3p00_relcritic_seed73129_selected_seedbase981000,/home/sgy/workspace/sagin_marl_phase4_learning_ablation/runs/phase4_learning_ablation/3uav20gu_t250/formal_parameter_sweeps_20260714_full/configs/resource/x3p00/structured_joint_mcgae_3uav20gu_t250_relational_critic.yaml,/home/sgy/workspace/sagin_marl_phase4_learning_ablation/runs/phase4_learning_ablation/3uav20gu_t250/relational_critic/seed73129_20260711_213639_bootstrapgae_nocompile/best_checkpoint.pt,,/home/sgy/workspace/sagin_marl_phase4_learning_ablation/runs/phase4_learning_ablation/3uav20gu_t250/formal_parameter_sweeps_20260714_full/results/resource/x3p00/learned/relcritic/seed73129/selected/seedbase981000,225.0470699139405,0.9987420632224532,0.001173317198496079,0.2178701537118817,0.24949898873916013,8714806.03975,0.0,0.7704166780775412,250.0,39999962.112749994,0.9987931860632057
resource,7,3.00,2000000.0,2.0,6000000.0,6.0,30000000.0,30.0,150000000000.0,150.0,relcritic,STARS,learned,73129,selected,982000,64,64,resource_x3p00_relcritic_seed73129_selected_seedbase982000,/home/sgy/workspace/sagin_marl_phase4_learning_ablation/runs/phase4_learning_ablation/3uav20gu_t250/formal_parameter_sweeps_20260714_full/configs/resource/x3p00/structured_joint_mcgae_3uav20gu_t250_relational_critic.yaml,/home/sgy/workspace/sagin_marl_phase4_learning_ablation/runs/phase4_learning_ablation/3uav20gu_t250/relational_critic/seed73129_20260711_213639_bootstrapgae_nocompile/best_checkpoint.pt,,/home/sgy/workspace/sagin_marl_phase4_learning_ablation/runs/phase4_learning_ablation/3uav20gu_t250/formal_parameter_sweeps_20260714_full/results/resource/x3p00/learned/relcritic/seed73129/selected/seedbase982000,229.46945707011037,0.9989383664540946,0.0009783028231831851,0.149360522598497,0.1784651867588633,5974420.822499999,0.0,0.7728958451822399,250.0,40000043.900750004,0.9990128529449565
resource,7,3.00,2000000.0,2.0,6000000.0,6.0,30000000.0,30.0,150000000000.0,150.0,relcritic,STARS,learned,91457,selected,980000,64,64,resource_x3p00_relcritic_seed91457_selected_seedbase980000,/home/sgy/workspace/sagin_marl_phase4_learning_ablation/runs/phase4_learning_ablation/3uav20gu_t250/formal_parameter_sweeps_20260714_full/configs/resource/x3p00/structured_joint_mcgae_3uav20gu_t250_relational_critic.yaml,/home/sgy/workspace/sagin_marl_phase4_learning_ablation/runs/phase4_learning_ablation/3uav20gu_t250/relational_critic/seed91457_20260712_124615_resume_u0400_bootstrapgae_nocompile/best_checkpoint.pt,,/home/sgy/workspace/sagin_marl_phase4_learning_ablation/runs/phase4_learning_ablation/3uav20gu_t250/formal_parameter_sweeps_20260714_full/results/resource/x3p00/learned/relcritic/seed91457/selected/seedbase980000,211.67806259705685,0.9953939869205182,0.0018050538095534775,0.3343634514362912,0.4560248196974973,13374537.882031465,0.046875,0.7821773363691246,242.625,40000034.07066895,0.9954326859235066
resource,7,3.00,2000000.0,2.0,6000000.0,6.0,30000000.0,30.0,150000000000.0,150.0,relcritic,STARS,learned,91457,selected,981000,64,64,resource_x3p00_relcritic_seed91457_selected_seedbase981000,/home/sgy/workspace/sagin_marl_phase4_learning_ablation/runs/phase4_learning_ablation/3uav20gu_t250/formal_parameter_sweeps_20260714_full/configs/resource/x3p00/structured_joint_mcgae_3uav20gu_t250_relational_critic.yaml,/home/sgy/workspace/sagin_marl_phase4_learning_ablation/runs/phase4_learning_ablation/3uav20gu_t250/relational_critic/seed91457_20260712_124615_resume_u0400_bootstrapgae_nocompile/best_checkpoint.pt,,/home/sgy/workspace/sagin_marl_phase4_learning_ablation/runs/phase4_learning_ablation/3uav20gu_t250/formal_parameter_sweeps_20260714_full/results/resource/x3p00/learned/relcritic/seed91457/selected/seedbase981000,209.5362947275862,0.9906563375252295,0.0010107616396926459,0.30020325928654007,0.36950839916363126,12008130.245531246,0.03125,0.7887812607428057,242.515625,39999856.643374994,0.9907056282502149
resource,7,3.00,2000000.0,2.0,6000000.0,6.0,30000000.0,30.0,150000000000.0,150.0,relcritic,STARS,learned,91457,selected,982000,64,64,resource_x3p00_relcritic_seed91457_selected_seedbase982000,/home/sgy/workspace/sagin_marl_phase4_learning_ablation/runs/phase4_learning_ablation/3uav20gu_t250/formal_parameter_sweeps_20260714_full/configs/resource/x3p00/structured_joint_mcgae_3uav20gu_t250_relational_critic.yaml,/home/sgy/workspace/sagin_marl_phase4_learning_ablation/runs/phase4_learning_ablation/3uav20gu_t250/relational_critic/seed91457_20260712_124615_resume_u0400_bootstrapgae_nocompile/best_checkpoint.pt,,/home/sgy/workspace/sagin_marl_phase4_learning_ablation/runs/phase4_learning_ablation/3uav20gu_t250/formal_parameter_sweeps_20260714_full/results/resource/x3p00/learned/relcritic/seed91457/selected/seedbase982000,210.02438446879387,0.9969776764299298,0.0020009437557746423,0.3951366502492389,0.48570243465576585,15805465.816085156,0.03125,0.8020974009357659,247.46875,40000048.513309464,0.9970285642255672
resource,7,3.00,2000000.0,2.0,6000000.0,6.0,30000000.0,30.0,150000000000.0,150.0,globalcritic,STARS-GC,learned,45211,selected,980000,64,64,resource_x3p00_globalcritic_seed45211_selected_seedbase980000,/home/sgy/workspace/sagin_marl_phase4_learning_ablation/runs/phase4_learning_ablation/3uav20gu_t250/formal_parameter_sweeps_20260714_full/configs/resource/x3p00/structured_joint_mcgae_3uav20gu_t250_global_only_critic.yaml,/home/sgy/workspace/sagin_marl_phase4_learning_ablation/runs/phase4_learning_ablation/3uav20gu_t250/global_only_critic/seed45211_20260712_124615_bootstrapgae_nocompile/best_checkpoint.pt,,/home/sgy/workspace/sagin_marl_phase4_learning_ablation/runs/phase4_learning_ablation/3uav20gu_t250/formal_parameter_sweeps_20260714_full/results/resource/x3p00/learned/globalcritic/seed45211/selected/seedbase980000,219.80595266842283,0.9985273681385445,0.0012726272523286752,0.3271407243919875,0.3992013918884993,13085628.824874999,0.0,0.7872395987519993,250.0,40000025.838750005,0.9986964156707859
resource,7,3.00,2000000.0,2.0,6000000.0,6.0,30000000.0,30.0,150000000000.0,150.0,globalcritic,STARS-GC,learned,45211,selected,981000,64,64,resource_x3p00_globalcritic_seed45211_selected_seedbase981000,/home/sgy/workspace/sagin_marl_phase4_learning_ablation/runs/phase4_learning_ablation/3uav20gu_t250/formal_parameter_sweeps_20260714_full/configs/resource/x3p00/structured_joint_mcgae_3uav20gu_t250_global_only_critic.yaml,/home/sgy/workspace/sagin_marl_phase4_learning_ablation/runs/phase4_learning_ablation/3uav20gu_t250/global_only_critic/seed45211_20260712_124615_bootstrapgae_nocompile/best_checkpoint.pt,,/home/sgy/workspace/sagin_marl_phase4_learning_ablation/runs/phase4_learning_ablation/3uav20gu_t250/formal_parameter_sweeps_20260714_full/results/resource/x3p00/learned/globalcritic/seed45211/selected/seedbase981000,222.58718876121566,0.9988280754322184,0.0008072076172684318,0.2836518666244278,0.32037323364748893,11346074.527999997,0.0,0.7913385578328742,250.0,39999962.112749994,0.9989737138194525
resource,7,3.00,2000000.0,2.0,6000000.0,6.0,30000000.0,30.0,150000000000.0,150.0,globalcritic,STARS-GC,learned,45211,selected,982000,64,64,resource_x3p00_globalcritic_seed45211_selected_seedbase982000,/home/sgy/workspace/sagin_marl_phase4_learning_ablation/runs/phase4_learning_ablation/3uav20gu_t250/formal_parameter_sweeps_20260714_full/configs/resource/x3p00/structured_joint_mcgae_3uav20gu_t250_global_only_critic.yaml,/home/sgy/workspace/sagin_marl_phase4_learning_ablation/runs/phase4_learning_ablation/3uav20gu_t250/global_only_critic/seed45211_20260712_124615_bootstrapgae_nocompile/best_checkpoint.pt,,/home/sgy/workspace/sagin_marl_phase4_learning_ablation/runs/phase4_learning_ablation/3uav20gu_t250/formal_parameter_sweeps_20260714_full/results/resource/x3p00/learned/globalcritic/seed45211/selected/seedbase982000,219.46574060735293,0.997881203147583,0.0014939020247038569,0.2843599041870361,0.3252480418672847,11374396.032937499,0.0,0.784270850182511,250.0,40000043.900750004,0.998165931131081
resource,7,3.00,2000000.0,2.0,6000000.0,6.0,30000000.0,30.0,150000000000.0,150.0,globalcritic,STARS-GC,learned,73129,selected,980000,64,64,resource_x3p00_globalcritic_seed73129_selected_seedbase980000,/home/sgy/workspace/sagin_marl_phase4_learning_ablation/runs/phase4_learning_ablation/3uav20gu_t250/formal_parameter_sweeps_20260714_full/configs/resource/x3p00/structured_joint_mcgae_3uav20gu_t250_global_only_critic.yaml,/home/sgy/workspace/sagin_marl_phase4_learning_ablation/runs/phase4_learning_ablation/3uav20gu_t250/global_only_critic/seed73129_20260712_124615_bootstrapgae_nocompile/best_checkpoint.pt,,/home/sgy/workspace/sagin_marl_phase4_learning_ablation/runs/phase4_learning_ablation/3uav20gu_t250/formal_parameter_sweeps_20260714_full/results/resource/x3p00/learned/globalcritic/seed73129/selected/seedbase980000,25.24311307130847,0.3686990889566249,0.5656276246557094,12.48249285866996,59.93520556101856,499299708.5959055,0.265625,0.9848268691258901,231.421875,40000026.64089959,0.3688350736616905
resource,7,3.00,2000000.0,2.0,6000000.0,6.0,30000000.0,30.0,150000000000.0,150.0,globalcritic,STARS-GC,learned,73129,selected,981000,64,64,resource_x3p00_globalcritic_seed73129_selected_seedbase981000,/home/sgy/workspace/sagin_marl_phase4_learning_ablation/runs/phase4_learning_ablation/3uav20gu_t250/formal_parameter_sweeps_20260714_full/configs/resource/x3p00/structured_joint_mcgae_3uav20gu_t250_global_only_critic.yaml,/home/sgy/workspace/sagin_marl_phase4_learning_ablation/runs/phase4_learning_ablation/3uav20gu_t250/global_only_critic/seed73129_20260712_124615_bootstrapgae_nocompile/best_checkpoint.pt,,/home/sgy/workspace/sagin_marl_phase4_learning_ablation/runs/phase4_learning_ablation/3uav20gu_t250/formal_parameter_sweeps_20260714_full/results/resource/x3p00/learned/globalcritic/seed73129/selected/seedbase981000,24.774810842995066,0.3967238752675736,0.5257588584895693,11.746799519964837,50.538683653538044,469871975.5214138,0.296875,0.9802742714138006,222.75,39999965.35357562,0.39743299878329635
resource,7,3.00,2000000.0,2.0,6000000.0,6.0,30000000.0,30.0,150000000000.0,150.0,globalcritic,STARS-GC,learned,73129,selected,982000,64,64,resource_x3p00_globalcritic_seed73129_selected_seedbase982000,/home/sgy/workspace/sagin_marl_phase4_learning_ablation/runs/phase4_learning_ablation/3uav20gu_t250/formal_parameter_sweeps_20260714_full/configs/resource/x3p00/structured_joint_mcgae_3uav20gu_t250_global_only_critic.yaml,/home/sgy/workspace/sagin_marl_phase4_learning_ablation/runs/phase4_learning_ablation/3uav20gu_t250/global_only_critic/seed73129_20260712_124615_bootstrapgae_nocompile/best_checkpoint.pt,,/home/sgy/workspace/sagin_marl_phase4_learning_ablation/runs/phase4_learning_ablation/3uav20gu_t250/formal_parameter_sweeps_20260714_full/results/resource/x3p00/learned/globalcritic/seed73129/selected/seedbase982000,22.0482505215914,0.3952162832684831,0.5126976091237851,11.603626745843432,56.42861703150647,464145064.24304235,0.484375,0.981362459349906,196.890625,40000149.56727365,0.3954223207672325
resource,7,3.00,2000000.0,2.0,6000000.0,6.0,30000000.0,30.0,150000000000.0,150.0,globalcritic,STARS-GC,learned,91457,selected,980000,64,64,resource_x3p00_globalcritic_seed91457_selected_seedbase980000,/home/sgy/workspace/sagin_marl_phase4_learning_ablation/runs/phase4_learning_ablation/3uav20gu_t250/formal_parameter_sweeps_20260714_full/configs/resource/x3p00/structured_joint_mcgae_3uav20gu_t250_global_only_critic.yaml,/home/sgy/workspace/sagin_marl_phase4_learning_ablation/runs/phase4_learning_ablation/3uav20gu_t250/global_only_critic/seed91457_20260712_124615_bootstrapgae_nocompile/best_checkpoint.pt,,/home/sgy/workspace/sagin_marl_phase4_learning_ablation/runs/phase4_learning_ablation/3uav20gu_t250/formal_parameter_sweeps_20260714_full/results/resource/x3p00/learned/globalcritic/seed91457/selected/seedbase980000,24.52917775232345,0.40897080629025595,0.5073401688316301,12.76139456758462,59.15901762682021,510455776.6239811,0.1875,0.8258326114087611,225.90625,39999993.518823855,0.40961813221211363
resource,7,3.00,2000000.0,2.0,6000000.0,6.0,30000000.0,30.0,150000000000.0,150.0,globalcritic,STARS-GC,learned,91457,selected,981000,64,64,resource_x3p00_globalcritic_seed91457_selected_seedbase981000,/home/sgy/workspace/sagin_marl_phase4_learning_ablation/runs/phase4_learning_ablation/3uav20gu_t250/formal_parameter_sweeps_20260714_full/configs/resource/x3p00/structured_joint_mcgae_3uav20gu_t250_global_only_critic.yaml,/home/sgy/workspace/sagin_marl_phase4_learning_ablation/runs/phase4_learning_ablation/3uav20gu_t250/global_only_critic/seed91457_20260712_124615_bootstrapgae_nocompile/best_checkpoint.pt,,/home/sgy/workspace/sagin_marl_phase4_learning_ablation/runs/phase4_learning_ablation/3uav20gu_t250/formal_parameter_sweeps_20260714_full/results/resource/x3p00/learned/globalcritic/seed91457/selected/seedbase981000,24.228445426444523,0.41024089924417056,0.5077071857345854,12.517688801616943,59.52497747022852,500707546.2911444,0.21875,0.8392693800822731,223.296875,39999889.7881237,0.41041596059103236
resource,7,3.00,2000000.0,2.0,6000000.0,6.0,30000000.0,30.0,150000000000.0,150.0,globalcritic,STARS-GC,learned,91457,selected,982000,64,64,resource_x3p00_globalcritic_seed91457_selected_seedbase982000,/home/sgy/workspace/sagin_marl_phase4_learning_ablation/runs/phase4_learning_ablation/3uav20gu_t250/formal_parameter_sweeps_20260714_full/configs/resource/x3p00/structured_joint_mcgae_3uav20gu_t250_global_only_critic.yaml,/home/sgy/workspace/sagin_marl_phase4_learning_ablation/runs/phase4_learning_ablation/3uav20gu_t250/global_only_critic/seed91457_20260712_124615_bootstrapgae_nocompile/best_checkpoint.pt,,/home/sgy/workspace/sagin_marl_phase4_learning_ablation/runs/phase4_learning_ablation/3uav20gu_t250/formal_parameter_sweeps_20260714_full/results/resource/x3p00/learned/globalcritic/seed91457/selected/seedbase982000,25.084353853832,0.4069929201987844,0.5202656561855986,12.98229523094538,56.816649601201185,519291803.1355211,0.203125,0.8296695977138148,229.5,40000056.011557996,0.4073453423463482
resource,7,3.00,2000000.0,2.0,6000000.0,6.0,30000000.0,30.0,150000000000.0,150.0,cluster_center_queue_aware,QCCS,fixed,,fixed,980000,64,64,resource_x3p00_cluster_center_queue_aware_fixed_seedbase980000,/home/sgy/workspace/sagin_marl_phase4_learning_ablation/runs/phase4_learning_ablation/3uav20gu_t250/formal_parameter_sweeps_20260714_full/configs/resource/x3p00/structured_joint_mcgae_3uav20gu_t250_relational_critic.yaml,,cluster_center_queue_aware,/home/sgy/workspace/sagin_marl_phase4_learning_ablation/runs/phase4_learning_ablation/3uav20gu_t250/formal_parameter_sweeps_20260714_full/results/resource/x3p00/fixed/cluster_center_queue_aware/seedbase980000,119.89397926512174,0.9844299873535054,0.014002857297639816,1.1157391114132922,1.573316855226279,44629563.94562501,0.0,0.9312916705049571,250.0,40000025.838750005,0.9846722818126988
resource,7,3.00,2000000.0,2.0,6000000.0,6.0,30000000.0,30.0,150000000000.0,150.0,cluster_center_queue_aware,QCCS,fixed,,fixed,981000,64,64,resource_x3p00_cluster_center_queue_aware_fixed_seedbase981000,/home/sgy/workspace/sagin_marl_phase4_learning_ablation/runs/phase4_learning_ablation/3uav20gu_t250/formal_parameter_sweeps_20260714_full/configs/resource/x3p00/structured_joint_mcgae_3uav20gu_t250_relational_critic.yaml,,cluster_center_queue_aware,/home/sgy/workspace/sagin_marl_phase4_learning_ablation/runs/phase4_learning_ablation/3uav20gu_t250/formal_parameter_sweeps_20260714_full/results/resource/x3p00/fixed/cluster_center_queue_aware/seedbase981000,116.73498032288626,0.9906035905487374,0.007018585049337618,0.8803559771219153,1.112610851094246,35214238.67537499,0.015625,0.9339166706055398,246.875,39999964.05575,0.9908516709640351
resource,7,3.00,2000000.0,2.0,6000000.0,6.0,30000000.0,30.0,150000000000.0,150.0,cluster_center_queue_aware,QCCS,fixed,,fixed,982000,64,64,resource_x3p00_cluster_center_queue_aware_fixed_seedbase982000,/home/sgy/workspace/sagin_marl_phase4_learning_ablation/runs/phase4_learning_ablation/3uav20gu_t250/formal_parameter_sweeps_20260714_full/configs/resource/x3p00/structured_joint_mcgae_3uav20gu_t250_relational_critic.yaml,,cluster_center_queue_aware,/home/sgy/workspace/sagin_marl_phase4_learning_ablation/runs/phase4_learning_ablation/3uav20gu_t250/formal_parameter_sweeps_20260714_full/results/resource/x3p00/fixed/cluster_center_queue_aware/seedbase982000,124.57879538461566,0.9908622030080294,0.006355837645740392,0.8272881782499826,1.0334791991248569,33091526.738624994,0.0,0.9308958372585472,250.0,40000043.900750004,0.9923519541339464
resource,7,3.00,2000000.0,2.0,6000000.0,6.0,30000000.0,30.0,150000000000.0,150.0,maxweight_lyapunov,Lyapunov,fixed,,fixed,980000,64,64,resource_x3p00_maxweight_lyapunov_fixed_seedbase980000,/home/sgy/workspace/sagin_marl_phase4_learning_ablation/runs/phase4_learning_ablation/3uav20gu_t250/formal_parameter_sweeps_20260714_full/configs/resource/x3p00/structured_joint_mcgae_3uav20gu_t250_relational_critic.yaml,,maxweight_lyapunov,/home/sgy/workspace/sagin_marl_phase4_learning_ablation/runs/phase4_learning_ablation/3uav20gu_t250/formal_parameter_sweeps_20260714_full/results/resource/x3p00/fixed/maxweight_lyapunov/seedbase980000,113.09976393380202,0.9881143576246686,0.01036787007269926,1.1510835916987663,1.516789671232796,46043343.129250005,0.0,0.999166666716337,250.0,40000025.838750005,0.9881254550032125
resource,7,3.00,2000000.0,2.0,6000000.0,6.0,30000000.0,30.0,150000000000.0,150.0,maxweight_lyapunov,Lyapunov,fixed,,fixed,981000,64,64,resource_x3p00_maxweight_lyapunov_fixed_seedbase981000,/home/sgy/workspace/sagin_marl_phase4_learning_ablation/runs/phase4_learning_ablation/3uav20gu_t250/formal_parameter_sweeps_20260714_full/configs/resource/x3p00/structured_joint_mcgae_3uav20gu_t250_relational_critic.yaml,,maxweight_lyapunov,/home/sgy/workspace/sagin_marl_phase4_learning_ablation/runs/phase4_learning_ablation/3uav20gu_t250/formal_parameter_sweeps_20260714_full/results/resource/x3p00/fixed/maxweight_lyapunov/seedbase981000,112.90637494181283,0.9919656459079125,0.0060381055009929695,0.9529255367246733,1.163122924338273,38117021.020125,0.0,0.9993958333693443,250.0,39999962.112749994,0.9919830156284127
resource,7,3.00,2000000.0,2.0,6000000.0,6.0,30000000.0,30.0,150000000000.0,150.0,maxweight_lyapunov,Lyapunov,fixed,,fixed,982000,64,64,resource_x3p00_maxweight_lyapunov_fixed_seedbase982000,/home/sgy/workspace/sagin_marl_phase4_learning_ablation/runs/phase4_learning_ablation/3uav20gu_t250/formal_parameter_sweeps_20260714_full/configs/resource/x3p00/structured_joint_mcgae_3uav20gu_t250_relational_critic.yaml,,maxweight_lyapunov,/home/sgy/workspace/sagin_marl_phase4_learning_ablation/runs/phase4_learning_ablation/3uav20gu_t250/formal_parameter_sweeps_20260714_full/results/resource/x3p00/fixed/maxweight_lyapunov/seedbase982000,118.8724524055142,0.9924509397763757,0.006075888592706179,0.7735293926566081,0.9739087453303805,30941175.34737501,0.0,0.9995000000298022,250.0,40000043.900750004,0.9924667178207359
resource,7,3.00,2000000.0,2.0,6000000.0,6.0,30000000.0,30.0,150000000000.0,150.0,queue_aware_bw,QBS,fixed,,fixed,980000,64,64,resource_x3p00_queue_aware_bw_fixed_seedbase980000,/home/sgy/workspace/sagin_marl_phase4_learning_ablation/runs/phase4_learning_ablation/3uav20gu_t250/formal_parameter_sweeps_20260714_full/configs/resource/x3p00/structured_joint_mcgae_3uav20gu_t250_relational_critic.yaml,,queue_aware_bw,/home/sgy/workspace/sagin_marl_phase4_learning_ablation/runs/phase4_learning_ablation/3uav20gu_t250/formal_parameter_sweeps_20260714_full/results/resource/x3p00/fixed/queue_aware_bw/seedbase980000,46.96671853843145,0.787188585011987,0.1671102342570595,9.652787799329014,16.12722480473225,386111507.347125,0.0,1.0,250.0,40000025.838750005,0.812647729717055
resource,7,3.00,2000000.0,2.0,6000000.0,6.0,30000000.0,30.0,150000000000.0,150.0,queue_aware_bw,QBS,fixed,,fixed,981000,64,64,resource_x3p00_queue_aware_bw_fixed_seedbase981000,/home/sgy/workspace/sagin_marl_phase4_learning_ablation/runs/phase4_learning_ablation/3uav20gu_t250/formal_parameter_sweeps_20260714_full/configs/resource/x3p00/structured_joint_mcgae_3uav20gu_t250_relational_critic.yaml,,queue_aware_bw,/home/sgy/workspace/sagin_marl_phase4_learning_ablation/runs/phase4_learning_ablation/3uav20gu_t250/formal_parameter_sweeps_20260714_full/results/resource/x3p00/fixed/queue_aware_bw/seedbase981000,46.850605845218524,0.8035662974556909,0.1486854888768198,8.531330990313228,12.641019143344648,341253235.4945624,0.015625,1.0,246.109375,39999849.411,0.8308548463336111
resource,7,3.00,2000000.0,2.0,6000000.0,6.0,30000000.0,30.0,150000000000.0,150.0,queue_aware_bw,QBS,fixed,,fixed,982000,64,64,resource_x3p00_queue_aware_bw_fixed_seedbase982000,/home/sgy/workspace/sagin_marl_phase4_learning_ablation/runs/phase4_learning_ablation/3uav20gu_t250/formal_parameter_sweeps_20260714_full/configs/resource/x3p00/structured_joint_mcgae_3uav20gu_t250_relational_critic.yaml,,queue_aware_bw,/home/sgy/workspace/sagin_marl_phase4_learning_ablation/runs/phase4_learning_ablation/3uav20gu_t250/formal_parameter_sweeps_20260714_full/results/resource/x3p00/fixed/queue_aware_bw/seedbase982000,51.28831670584623,0.8261602371204646,0.12431938894250012,9.005620553202721,13.161872582725163,360224817.82681257,0.0,1.0,250.0,40000043.900750004,0.8636911946520048
resource,7,3.00,2000000.0,2.0,6000000.0,6.0,30000000.0,30.0,150000000000.0,150.0,static_uniform,Uniform,fixed,,fixed,980000,64,64,resource_x3p00_static_uniform_fixed_seedbase980000,/home/sgy/workspace/sagin_marl_phase4_learning_ablation/runs/phase4_learning_ablation/3uav20gu_t250/formal_parameter_sweeps_20260714_full/configs/resource/x3p00/structured_joint_mcgae_3uav20gu_t250_relational_critic.yaml,,static_uniform,/home/sgy/workspace/sagin_marl_phase4_learning_ablation/runs/phase4_learning_ablation/3uav20gu_t250/formal_parameter_sweeps_20260714_full/results/resource/x3p00/fixed/static_uniform/seedbase980000,48.628369068028405,0.7630711147943512,0.2059539910602498,7.677490716108656,16.327636443718433,307099624.93131256,0.0,0.4837291771434248,250.0,40000025.838750005,0.7642110080025942
resource,7,3.00,2000000.0,2.0,6000000.0,6.0,30000000.0,30.0,150000000000.0,150.0,static_uniform,Uniform,fixed,,fixed,981000,64,64,resource_x3p00_static_uniform_fixed_seedbase981000,/home/sgy/workspace/sagin_marl_phase4_learning_ablation/runs/phase4_learning_ablation/3uav20gu_t250/formal_parameter_sweeps_20260714_full/configs/resource/x3p00/structured_joint_mcgae_3uav20gu_t250_relational_critic.yaml,,static_uniform,/home/sgy/workspace/sagin_marl_phase4_learning_ablation/runs/phase4_learning_ablation/3uav20gu_t250/formal_parameter_sweeps_20260714_full/results/resource/x3p00/fixed/static_uniform/seedbase981000,47.41134875046555,0.7972404744741507,0.16650078867052523,6.556772496810725,11.66790907778439,262270896.114125,0.015625,0.4813437604615463,246.109375,39999849.411,0.7986477106605123
resource,7,3.00,2000000.0,2.0,6000000.0,6.0,30000000.0,30.0,150000000000.0,150.0,static_uniform,Uniform,fixed,,fixed,982000,64,64,resource_x3p00_static_uniform_fixed_seedbase982000,/home/sgy/workspace/sagin_marl_phase4_learning_ablation/runs/phase4_learning_ablation/3uav20gu_t250/formal_parameter_sweeps_20260714_full/configs/resource/x3p00/structured_joint_mcgae_3uav20gu_t250_relational_critic.yaml,,static_uniform,/home/sgy/workspace/sagin_marl_phase4_learning_ablation/runs/phase4_learning_ablation/3uav20gu_t250/formal_parameter_sweeps_20260714_full/results/resource/x3p00/fixed/static_uniform/seedbase982000,54.77917164948303,0.8155634951926769,0.15422949366570896,6.503202663727021,11.661395421938977,260128103.22050002,0.0,0.4835625104680656,250.0,40000043.900750004,0.8172775159944008
