table_family,row_id,row_scope,scenario,kind,method,method_role,training_seed,return_target,checkpoint_update,config,checkpoint,remote_run_dir,remote_out_dir,local_metrics_file,remote_metrics_file,metrics_row_selector,eval_seed_base,eval_seed_bases,episodes_per_seed,total_episodes,num_envs,git_branch,git_commit,status,reward_sum,reward_mean,reward_std,processed_ratio_eval,processed_mean,drop_ratio_eval,drop_mean,gu_drop_ratio,uav_drop_ratio,sat_drop_ratio,pre_backlog_steps_eval,D_sys_report,queue_total_mean,sat_overlap_eval,sat_overlap_mean,collision_episode_fraction,collision_mean,terminated_early,episode_length,outflow_arrival_ratio,best_learned,best_learned_checkpoint,best_learned_reward_mean,best_baseline,best_baseline_reward_mean,delta_mean,delta_min_across_seeds,rank_mean,rank_min,rank_max,best_update_validation,best_reward_validation,final_update_validation,final_reward_validation,heldout_best_reward,heldout_final_reward,stop_reason,source_row_count,notes
phase3_scale_transfer_zero_shot,scale_num_gu10_3uav10gu_t250__learned__phase2_mc_seed45211_u400__980000,evaluation seed row,scale_num_gu10_3uav10gu_t250,learned,phase2_mc_seed45211_u400,learned_policy,45211,bootstrap_gae,400,configs/experiments/phase3_generalization/scale_num_gu10_3uav10gu_t250.yaml,/home/sgy/workspace/sagin_marl/runs/method_validation/horizon_fairness_mc_vs_bootstrap_threshold_u0_rep2_20260625_204118/mc_seed45211/checkpoint_update0400.pt,/home/sgy/workspace/sagin_marl/runs/phase3/scale_transfer/scale_transfer_zero_shot_20260701_210556,/home/sgy/workspace/sagin_marl/runs/phase3/scale_transfer/scale_transfer_zero_shot_20260701_210556/eval_seed980000/phase2_mc_seed45211_u400/scale_num_gu10_3uav10gu_t250,,/home/sgy/workspace/sagin_marl/runs/phase3/scale_transfer/scale_transfer_zero_shot_20260701_210556/combined_summary.csv,scenario=scale_num_gu10_3uav10gu_t250;kind=learned;method=phase2_mc_seed45211_u400;episode_seed_base=980000,980000,,64,64,64,codex/phase3-scenario-generalization,5da4c19abf148d92655d89a19a7319ec23d77b3c,ok,178.0486831984017,,,0.9796954598554967,,0.008596588584306834,,,,,1.5297624323456078,2.056055260456109,30595248.237406705,0.901572921831161,,0.046875,,0.046875,242.53125,0.9797265882402333,,,,,,,,,,,,,,,,,,,Nearby scale zero-shot; strict load issue rows should remain zero.
phase3_scale_transfer_zero_shot,scale_num_gu10_3uav10gu_t250__learned__phase2_bootstrap_seed45211_u575__980000,evaluation seed row,scale_num_gu10_3uav10gu_t250,learned,phase2_bootstrap_seed45211_u575,learned_policy,45211,bootstrap_gae,575,configs/experiments/phase3_generalization/scale_num_gu10_3uav10gu_t250.yaml,/home/sgy/workspace/sagin_marl/runs/method_validation/horizon_fairness_mc_vs_bootstrap_threshold_u0_rep2_20260625_204118/bootstrap_seed45211/checkpoint_update0575.pt,/home/sgy/workspace/sagin_marl/runs/phase3/scale_transfer/scale_transfer_zero_shot_20260701_210556,/home/sgy/workspace/sagin_marl/runs/phase3/scale_transfer/scale_transfer_zero_shot_20260701_210556/eval_seed980000/phase2_bootstrap_seed45211_u575/scale_num_gu10_3uav10gu_t250,,/home/sgy/workspace/sagin_marl/runs/phase3/scale_transfer/scale_transfer_zero_shot_20260701_210556/combined_summary.csv,scenario=scale_num_gu10_3uav10gu_t250;kind=learned;method=phase2_bootstrap_seed45211_u575;episode_seed_base=980000,980000,,64,64,64,codex/phase3-scenario-generalization,5da4c19abf148d92655d89a19a7319ec23d77b3c,ok,206.9453470709268,,,0.9926428826680771,,0.0023743026989250216,,,,,0.9120142783373706,1.2608840715961516,18240285.345034722,0.6968125137463212,,0.015625,,0.015625,246.375,0.9926416007919538,,,,,,,,,,,,,,,,,,,Nearby scale zero-shot; strict load issue rows should remain zero.
phase3_scale_transfer_zero_shot,scale_num_gu10_3uav10gu_t250__baseline__queue_aware__980000,evaluation seed row,scale_num_gu10_3uav10gu_t250,baseline,queue_aware,non_learning_baseline,,,,configs/experiments/phase3_generalization/scale_num_gu10_3uav10gu_t250.yaml,,/home/sgy/workspace/sagin_marl/runs/phase3/scale_transfer/scale_transfer_zero_shot_20260701_210556,/home/sgy/workspace/sagin_marl/runs/phase3/scale_transfer/scale_transfer_zero_shot_20260701_210556/eval_seed980000/queue_aware/scale_num_gu10_3uav10gu_t250,,/home/sgy/workspace/sagin_marl/runs/phase3/scale_transfer/scale_transfer_zero_shot_20260701_210556/combined_summary.csv,scenario=scale_num_gu10_3uav10gu_t250;kind=baseline;method=queue_aware;episode_seed_base=980000,980000,,64,64,64,codex/phase3-scenario-generalization,5da4c19abf148d92655d89a19a7319ec23d77b3c,ok,25.339883331325836,,,0.6801087648393903,,0.12645826691137346,,,,,14.422688828955069,26.93842145766666,288453773.35804904,0.9545950419522279,,0.609375,,0.609375,158.71875,0.6802087052860829,,,,,,,,,,,,,,,,,,,Nearby scale zero-shot; strict load issue rows should remain zero.
phase3_scale_transfer_zero_shot,scale_num_gu10_3uav10gu_t250__baseline__observable_cluster_queue_aware__980000,evaluation seed row,scale_num_gu10_3uav10gu_t250,baseline,observable_cluster_queue_aware,non_learning_baseline,,,,configs/experiments/phase3_generalization/scale_num_gu10_3uav10gu_t250.yaml,,/home/sgy/workspace/sagin_marl/runs/phase3/scale_transfer/scale_transfer_zero_shot_20260701_210556,/home/sgy/workspace/sagin_marl/runs/phase3/scale_transfer/scale_transfer_zero_shot_20260701_210556/eval_seed980000/observable_cluster_queue_aware/scale_num_gu10_3uav10gu_t250,,/home/sgy/workspace/sagin_marl/runs/phase3/scale_transfer/scale_transfer_zero_shot_20260701_210556/combined_summary.csv,scenario=scale_num_gu10_3uav10gu_t250;kind=baseline;method=observable_cluster_queue_aware;episode_seed_base=980000,980000,,64,64,64,codex/phase3-scenario-generalization,5da4c19abf148d92655d89a19a7319ec23d77b3c,ok,39.79554329637904,,,0.8347134546670566,,0.07521760681048512,,,,,8.651063543335447,14.661175346759299,173021268.82572952,0.8393326967163453,,0.359375,,0.359375,206.15625,0.8347803211397266,,,,,,,,,,,,,,,,,,,Nearby scale zero-shot; strict load issue rows should remain zero.
phase3_scale_transfer_zero_shot,scale_num_gu10_3uav10gu_t250__baseline__cluster_center_queue_aware__980000,evaluation seed row,scale_num_gu10_3uav10gu_t250,baseline,cluster_center_queue_aware,non_learning_baseline,,,,configs/experiments/phase3_generalization/scale_num_gu10_3uav10gu_t250.yaml,,/home/sgy/workspace/sagin_marl/runs/phase3/scale_transfer/scale_transfer_zero_shot_20260701_210556,/home/sgy/workspace/sagin_marl/runs/phase3/scale_transfer/scale_transfer_zero_shot_20260701_210556/eval_seed980000/cluster_center_queue_aware/scale_num_gu10_3uav10gu_t250,,/home/sgy/workspace/sagin_marl/runs/phase3/scale_transfer/scale_transfer_zero_shot_20260701_210556/combined_summary.csv,scenario=scale_num_gu10_3uav10gu_t250;kind=baseline;method=cluster_center_queue_aware;episode_seed_base=980000,980000,,64,64,64,codex/phase3-scenario-generalization,5da4c19abf148d92655d89a19a7319ec23d77b3c,ok,82.192399353371,,,0.9775697385114234,,0.014173400479779955,,,,,3.253678028724557,4.8846831701413445,65073559.7829368,0.768843756448478,,0.03125,,0.03125,245.4375,0.9776155394083732,,,,,,,,,,,,,,,,,,,Nearby scale zero-shot; strict load issue rows should remain zero.
phase3_scale_transfer_zero_shot,scale_num_gu10_3uav10gu_t250__baseline__maxweight_lyapunov__980000,evaluation seed row,scale_num_gu10_3uav10gu_t250,baseline,maxweight_lyapunov,non_learning_baseline,,,,configs/experiments/phase3_generalization/scale_num_gu10_3uav10gu_t250.yaml,,/home/sgy/workspace/sagin_marl/runs/phase3/scale_transfer/scale_transfer_zero_shot_20260701_210556,/home/sgy/workspace/sagin_marl/runs/phase3/scale_transfer/scale_transfer_zero_shot_20260701_210556/eval_seed980000/maxweight_lyapunov/scale_num_gu10_3uav10gu_t250,,/home/sgy/workspace/sagin_marl/runs/phase3/scale_transfer/scale_transfer_zero_shot_20260701_210556/combined_summary.csv,scenario=scale_num_gu10_3uav10gu_t250;kind=baseline;method=maxweight_lyapunov;episode_seed_base=980000,980000,,64,64,64,codex/phase3-scenario-generalization,5da4c19abf148d92655d89a19a7319ec23d77b3c,ok,73.08778795122635,,,0.972419186229119,,0.017743424640196737,,,,,3.903611342199525,5.674098788843591,78072225.86043751,0.9920416671335693,,0.0,,0.0,250.0,0.9724297045650686,,,,,,,,,,,,,,,,,,,Nearby scale zero-shot; strict load issue rows should remain zero.
phase3_scale_transfer_zero_shot,scale_num_gu10_3uav10gu_t250__baseline__dpp_resource_hybrid_native__980000,evaluation seed row,scale_num_gu10_3uav10gu_t250,baseline,dpp_resource_hybrid_native,non_learning_baseline,,,,configs/experiments/phase3_generalization/scale_num_gu10_3uav10gu_t250.yaml,,/home/sgy/workspace/sagin_marl/runs/phase3/scale_transfer/scale_transfer_zero_shot_20260701_210556,/home/sgy/workspace/sagin_marl/runs/phase3/scale_transfer/scale_transfer_zero_shot_20260701_210556/eval_seed980000/dpp_resource_hybrid_native/scale_num_gu10_3uav10gu_t250,,/home/sgy/workspace/sagin_marl/runs/phase3/scale_transfer/scale_transfer_zero_shot_20260701_210556/combined_summary.csv,scenario=scale_num_gu10_3uav10gu_t250;kind=baseline;method=dpp_resource_hybrid_native;episode_seed_base=980000,980000,,64,64,64,codex/phase3-scenario-generalization,5da4c19abf148d92655d89a19a7319ec23d77b3c,ok,106.43156179529615,,,0.9803040079766281,,0.01321991228573097,,,,,3.7253598037206888,5.301784635390867,74507195.16022372,0.768843756448478,,0.03125,,0.03125,245.4375,0.9803025113194339,,,,,,,,,,,,,,,,,,,Nearby scale zero-shot; strict load issue rows should remain zero.
phase3_scale_transfer_zero_shot,scale_num_gu10_3uav10gu_t250__baseline__topology_dpp_native_bw_sat_cached__980000,evaluation seed row,scale_num_gu10_3uav10gu_t250,baseline,topology_dpp_native_bw_sat_cached,non_learning_baseline,,,,configs/experiments/phase3_generalization/scale_num_gu10_3uav10gu_t250.yaml,,/home/sgy/workspace/sagin_marl/runs/phase3/scale_transfer/scale_transfer_zero_shot_20260701_210556,/home/sgy/workspace/sagin_marl/runs/phase3/scale_transfer/scale_transfer_zero_shot_20260701_210556/eval_seed980000/topology_dpp_native_bw_sat_cached/scale_num_gu10_3uav10gu_t250,,/home/sgy/workspace/sagin_marl/runs/phase3/scale_transfer/scale_transfer_zero_shot_20260701_210556/combined_summary.csv,scenario=scale_num_gu10_3uav10gu_t250;kind=baseline;method=topology_dpp_native_bw_sat_cached;episode_seed_base=980000,980000,,64,64,64,codex/phase3-scenario-generalization,5da4c19abf148d92655d89a19a7319ec23d77b3c,ok,106.19937115185894,,,0.9803040016833707,,0.01321991228573097,,,,,3.7142179054501536,5.27733515897352,74284357.19489522,0.9627291676662864,,0.03125,,0.03125,245.4375,0.9803025113194339,,,,,,,,,,,,,,,,,,,Nearby scale zero-shot; strict load issue rows should remain zero.
phase3_scale_transfer_zero_shot,scale_num_gu10_3uav10gu_t250__baseline__full_topology_dpp_joint__980000,evaluation seed row,scale_num_gu10_3uav10gu_t250,baseline,full_topology_dpp_joint,non_learning_baseline,,,,configs/experiments/phase3_generalization/scale_num_gu10_3uav10gu_t250.yaml,,/home/sgy/workspace/sagin_marl/runs/phase3/scale_transfer/scale_transfer_zero_shot_20260701_210556,/home/sgy/workspace/sagin_marl/runs/phase3/scale_transfer/scale_transfer_zero_shot_20260701_210556/eval_seed980000/full_topology_dpp_joint/scale_num_gu10_3uav10gu_t250,,/home/sgy/workspace/sagin_marl/runs/phase3/scale_transfer/scale_transfer_zero_shot_20260701_210556/combined_summary.csv,scenario=scale_num_gu10_3uav10gu_t250;kind=baseline;method=full_topology_dpp_joint;episode_seed_base=980000,980000,,64,64,64,codex/phase3-scenario-generalization,5da4c19abf148d92655d89a19a7319ec23d77b3c,ok,30.28471659834031,,,0.6117812870561989,,0.17684892719511477,,,,,19.70502200270736,40.7314382624932,394100435.2455299,0.9867291668672116,,0.234375,,0.234375,198.21875,0.6117803344702221,,,,,,,,,,,,,,,,,,,Nearby scale zero-shot; strict load issue rows should remain zero.
phase3_scale_transfer_zero_shot,scale_num_gu30_3uav30gu_t250__learned__phase2_mc_seed45211_u400__980000,evaluation seed row,scale_num_gu30_3uav30gu_t250,learned,phase2_mc_seed45211_u400,learned_policy,45211,bootstrap_gae,400,configs/experiments/phase3_generalization/scale_num_gu30_3uav30gu_t250.yaml,/home/sgy/workspace/sagin_marl/runs/method_validation/horizon_fairness_mc_vs_bootstrap_threshold_u0_rep2_20260625_204118/mc_seed45211/checkpoint_update0400.pt,/home/sgy/workspace/sagin_marl/runs/phase3/scale_transfer/scale_transfer_zero_shot_20260701_210556,/home/sgy/workspace/sagin_marl/runs/phase3/scale_transfer/scale_transfer_zero_shot_20260701_210556/eval_seed980000/phase2_mc_seed45211_u400/scale_num_gu30_3uav30gu_t250,,/home/sgy/workspace/sagin_marl/runs/phase3/scale_transfer/scale_transfer_zero_shot_20260701_210556/combined_summary.csv,scenario=scale_num_gu30_3uav30gu_t250;kind=learned;method=phase2_mc_seed45211_u400;episode_seed_base=980000,980000,,64,64,64,codex/phase3-scenario-generalization,5da4c19abf148d92655d89a19a7319ec23d77b3c,ok,40.61862284701783,,,0.6133760765918996,,0.3510890288659174,,,,,6.753109886860476,12.30521939363889,405186604.0711874,0.9071666719168425,,0.0,,0.0,250.0,0.628367841694508,,,,,,,,,,,,,,,,,,,Nearby scale zero-shot; strict load issue rows should remain zero.
phase3_scale_transfer_zero_shot,scale_num_gu30_3uav30gu_t250__learned__phase2_bootstrap_seed45211_u575__980000,evaluation seed row,scale_num_gu30_3uav30gu_t250,learned,phase2_bootstrap_seed45211_u575,learned_policy,45211,bootstrap_gae,575,configs/experiments/phase3_generalization/scale_num_gu30_3uav30gu_t250.yaml,/home/sgy/workspace/sagin_marl/runs/method_validation/horizon_fairness_mc_vs_bootstrap_threshold_u0_rep2_20260625_204118/bootstrap_seed45211/checkpoint_update0575.pt,/home/sgy/workspace/sagin_marl/runs/phase3/scale_transfer/scale_transfer_zero_shot_20260701_210556,/home/sgy/workspace/sagin_marl/runs/phase3/scale_transfer/scale_transfer_zero_shot_20260701_210556/eval_seed980000/phase2_bootstrap_seed45211_u575/scale_num_gu30_3uav30gu_t250,,/home/sgy/workspace/sagin_marl/runs/phase3/scale_transfer/scale_transfer_zero_shot_20260701_210556/combined_summary.csv,scenario=scale_num_gu30_3uav30gu_t250;kind=learned;method=phase2_bootstrap_seed45211_u575;episode_seed_base=980000,980000,,64,64,64,codex/phase3-scenario-generalization,5da4c19abf148d92655d89a19a7319ec23d77b3c,ok,40.91548558440991,,,0.6412459704119245,,0.3384029332973327,,,,,5.700994175165892,10.679300838038325,342059658.62512505,0.7438125121910125,,0.0,,0.0,250.0,0.6419247933327427,,,,,,,,,,,,,,,,,,,Nearby scale zero-shot; strict load issue rows should remain zero.
phase3_scale_transfer_zero_shot,scale_num_gu30_3uav30gu_t250__baseline__queue_aware__980000,evaluation seed row,scale_num_gu30_3uav30gu_t250,baseline,queue_aware,non_learning_baseline,,,,configs/experiments/phase3_generalization/scale_num_gu30_3uav30gu_t250.yaml,,/home/sgy/workspace/sagin_marl/runs/phase3/scale_transfer/scale_transfer_zero_shot_20260701_210556,/home/sgy/workspace/sagin_marl/runs/phase3/scale_transfer/scale_transfer_zero_shot_20260701_210556/eval_seed980000/queue_aware/scale_num_gu30_3uav30gu_t250,,/home/sgy/workspace/sagin_marl/runs/phase3/scale_transfer/scale_transfer_zero_shot_20260701_210556/combined_summary.csv,scenario=scale_num_gu30_3uav30gu_t250;kind=baseline;method=queue_aware;episode_seed_base=980000,980000,,64,64,64,codex/phase3-scenario-generalization,5da4c19abf148d92655d89a19a7319ec23d77b3c,ok,19.875196125358343,,,0.32921590439884235,,0.5658396697542744,,,,,8.421839714085621,29.887450994601643,505310395.04605895,0.9619724672396638,,0.75,,0.75,151.75,0.3293108713052342,,,,,,,,,,,,,,,,,,,Nearby scale zero-shot; strict load issue rows should remain zero.
phase3_scale_transfer_zero_shot,scale_num_gu30_3uav30gu_t250__baseline__observable_cluster_queue_aware__980000,evaluation seed row,scale_num_gu30_3uav30gu_t250,baseline,observable_cluster_queue_aware,non_learning_baseline,,,,configs/experiments/phase3_generalization/scale_num_gu30_3uav30gu_t250.yaml,,/home/sgy/workspace/sagin_marl/runs/phase3/scale_transfer/scale_transfer_zero_shot_20260701_210556,/home/sgy/workspace/sagin_marl/runs/phase3/scale_transfer/scale_transfer_zero_shot_20260701_210556/eval_seed980000/observable_cluster_queue_aware/scale_num_gu30_3uav30gu_t250,,/home/sgy/workspace/sagin_marl/runs/phase3/scale_transfer/scale_transfer_zero_shot_20260701_210556/combined_summary.csv,scenario=scale_num_gu30_3uav30gu_t250;kind=baseline;method=observable_cluster_queue_aware;episode_seed_base=980000,980000,,64,64,64,codex/phase3-scenario-generalization,5da4c19abf148d92655d89a19a7319ec23d77b3c,ok,29.723567579174414,,,0.42023980532506533,,0.5125743035601342,,,,,7.207877111207669,20.21146827340805,432472636.9351767,0.8776551629977758,,0.3125,,0.3125,212.890625,0.42051483206103757,,,,,,,,,,,,,,,,,,,Nearby scale zero-shot; strict load issue rows should remain zero.
phase3_scale_transfer_zero_shot,scale_num_gu30_3uav30gu_t250__baseline__cluster_center_queue_aware__980000,evaluation seed row,scale_num_gu30_3uav30gu_t250,baseline,cluster_center_queue_aware,non_learning_baseline,,,,configs/experiments/phase3_generalization/scale_num_gu30_3uav30gu_t250.yaml,,/home/sgy/workspace/sagin_marl/runs/phase3/scale_transfer/scale_transfer_zero_shot_20260701_210556,/home/sgy/workspace/sagin_marl/runs/phase3/scale_transfer/scale_transfer_zero_shot_20260701_210556/eval_seed980000/cluster_center_queue_aware/scale_num_gu30_3uav30gu_t250,,/home/sgy/workspace/sagin_marl/runs/phase3/scale_transfer/scale_transfer_zero_shot_20260701_210556/combined_summary.csv,scenario=scale_num_gu30_3uav30gu_t250;kind=baseline;method=cluster_center_queue_aware;episode_seed_base=980000,980000,,64,64,64,codex/phase3-scenario-generalization,5da4c19abf148d92655d89a19a7319ec23d77b3c,ok,39.123340968741104,,,0.5981459387913345,,0.36452598302521627,,,,,6.980096161804163,14.159323857663198,418805779.81268764,0.7568437567725783,,0.0,,0.0,250.0,0.6143091149565968,,,,,,,,,,,,,,,,,,,Nearby scale zero-shot; strict load issue rows should remain zero.
phase3_scale_transfer_zero_shot,scale_num_gu30_3uav30gu_t250__baseline__maxweight_lyapunov__980000,evaluation seed row,scale_num_gu30_3uav30gu_t250,baseline,maxweight_lyapunov,non_learning_baseline,,,,configs/experiments/phase3_generalization/scale_num_gu30_3uav30gu_t250.yaml,,/home/sgy/workspace/sagin_marl/runs/phase3/scale_transfer/scale_transfer_zero_shot_20260701_210556,/home/sgy/workspace/sagin_marl/runs/phase3/scale_transfer/scale_transfer_zero_shot_20260701_210556/eval_seed980000/maxweight_lyapunov/scale_num_gu30_3uav30gu_t250,,/home/sgy/workspace/sagin_marl/runs/phase3/scale_transfer/scale_transfer_zero_shot_20260701_210556/combined_summary.csv,scenario=scale_num_gu30_3uav30gu_t250;kind=baseline;method=maxweight_lyapunov;episode_seed_base=980000,980000,,64,64,64,codex/phase3-scenario-generalization,5da4c19abf148d92655d89a19a7319ec23d77b3c,ok,37.39146349544171,,,0.553079445162206,,0.4111728742449769,,,,,7.289547309830785,15.221313036642966,437372848.97993743,0.9679791684858502,,0.0,,0.0,250.0,0.5654731537354383,,,,,,,,,,,,,,,,,,,Nearby scale zero-shot; strict load issue rows should remain zero.
phase3_scale_transfer_zero_shot,scale_num_gu30_3uav30gu_t250__baseline__dpp_resource_hybrid_native__980000,evaluation seed row,scale_num_gu30_3uav30gu_t250,baseline,dpp_resource_hybrid_native,non_learning_baseline,,,,configs/experiments/phase3_generalization/scale_num_gu30_3uav30gu_t250.yaml,,/home/sgy/workspace/sagin_marl/runs/phase3/scale_transfer/scale_transfer_zero_shot_20260701_210556,/home/sgy/workspace/sagin_marl/runs/phase3/scale_transfer/scale_transfer_zero_shot_20260701_210556/eval_seed980000/dpp_resource_hybrid_native/scale_num_gu30_3uav30gu_t250,,/home/sgy/workspace/sagin_marl/runs/phase3/scale_transfer/scale_transfer_zero_shot_20260701_210556/combined_summary.csv,scenario=scale_num_gu30_3uav30gu_t250;kind=baseline;method=dpp_resource_hybrid_native;episode_seed_base=980000,980000,,64,64,64,codex/phase3-scenario-generalization,5da4c19abf148d92655d89a19a7319ec23d77b3c,ok,33.69903474824969,,,0.5822238441732478,,0.381675714034228,,,,,7.465080899117516,15.56033254336193,447904864.61474997,0.7568437567725783,,0.0,,0.0,250.0,0.5920063212214741,,,,,,,,,,,,,,,,,,,Nearby scale zero-shot; strict load issue rows should remain zero.
phase3_scale_transfer_zero_shot,scale_num_gu30_3uav30gu_t250__baseline__topology_dpp_native_bw_sat_cached__980000,evaluation seed row,scale_num_gu30_3uav30gu_t250,baseline,topology_dpp_native_bw_sat_cached,non_learning_baseline,,,,configs/experiments/phase3_generalization/scale_num_gu30_3uav30gu_t250.yaml,,/home/sgy/workspace/sagin_marl/runs/phase3/scale_transfer/scale_transfer_zero_shot_20260701_210556,/home/sgy/workspace/sagin_marl/runs/phase3/scale_transfer/scale_transfer_zero_shot_20260701_210556/eval_seed980000/topology_dpp_native_bw_sat_cached/scale_num_gu30_3uav30gu_t250,,/home/sgy/workspace/sagin_marl/runs/phase3/scale_transfer/scale_transfer_zero_shot_20260701_210556/combined_summary.csv,scenario=scale_num_gu30_3uav30gu_t250;kind=baseline;method=topology_dpp_native_bw_sat_cached;episode_seed_base=980000,980000,,64,64,64,codex/phase3-scenario-generalization,5da4c19abf148d92655d89a19a7319ec23d77b3c,ok,33.62441711529391,,,0.5833705035288587,,0.38493633544038053,,,,,9.300386677740141,20.02780399893597,558023214.0847502,0.6895208410546185,,0.0,,0.0,250.0,0.5920063212214741,,,,,,,,,,,,,,,,,,,Nearby scale zero-shot; strict load issue rows should remain zero.
phase3_scale_transfer_zero_shot,scale_num_gu30_3uav30gu_t250__baseline__full_topology_dpp_joint__980000,evaluation seed row,scale_num_gu30_3uav30gu_t250,baseline,full_topology_dpp_joint,non_learning_baseline,,,,configs/experiments/phase3_generalization/scale_num_gu30_3uav30gu_t250.yaml,,/home/sgy/workspace/sagin_marl/runs/phase3/scale_transfer/scale_transfer_zero_shot_20260701_210556,/home/sgy/workspace/sagin_marl/runs/phase3/scale_transfer/scale_transfer_zero_shot_20260701_210556/eval_seed980000/full_topology_dpp_joint/scale_num_gu30_3uav30gu_t250,,/home/sgy/workspace/sagin_marl/runs/phase3/scale_transfer/scale_transfer_zero_shot_20260701_210556/combined_summary.csv,scenario=scale_num_gu30_3uav30gu_t250;kind=baseline;method=full_topology_dpp_joint;episode_seed_base=980000,980000,,64,64,64,codex/phase3-scenario-generalization,5da4c19abf148d92655d89a19a7319ec23d77b3c,ok,22.357584396842867,,,0.2669965993689501,,0.6291146002737346,,,,,9.72738782344461,45.347509061226575,583643283.3351508,0.9664583341050894,,0.203125,,0.203125,205.171875,0.26699633318466914,,,,,,,,,,,,,,,,,,,Nearby scale zero-shot; strict load issue rows should remain zero.
phase3_scale_transfer_zero_shot,scale_num_uav2_2uav20gu_t250__learned__phase2_mc_seed45211_u400__980000,evaluation seed row,scale_num_uav2_2uav20gu_t250,learned,phase2_mc_seed45211_u400,learned_policy,45211,bootstrap_gae,400,configs/experiments/phase3_generalization/scale_num_uav2_2uav20gu_t250.yaml,/home/sgy/workspace/sagin_marl/runs/method_validation/horizon_fairness_mc_vs_bootstrap_threshold_u0_rep2_20260625_204118/mc_seed45211/checkpoint_update0400.pt,/home/sgy/workspace/sagin_marl/runs/phase3/scale_transfer/scale_transfer_zero_shot_20260701_210556,/home/sgy/workspace/sagin_marl/runs/phase3/scale_transfer/scale_transfer_zero_shot_20260701_210556/eval_seed980000/phase2_mc_seed45211_u400/scale_num_uav2_2uav20gu_t250,,/home/sgy/workspace/sagin_marl/runs/phase3/scale_transfer/scale_transfer_zero_shot_20260701_210556/combined_summary.csv,scenario=scale_num_uav2_2uav20gu_t250;kind=learned;method=phase2_mc_seed45211_u400;episode_seed_base=980000,980000,,64,64,64,codex/phase3-scenario-generalization,5da4c19abf148d92655d89a19a7319ec23d77b3c,ok,37.22023183607962,,,0.6688732232202308,,0.284878762046872,,,,,10.718006673140453,19.502051035152753,428720261.87887496,0.8646874999999996,,0.0,,0.0,250.0,0.6690112131616869,,,,,,,,,,,,,,,,,,,Nearby scale zero-shot; strict load issue rows should remain zero.
phase3_scale_transfer_zero_shot,scale_num_uav2_2uav20gu_t250__learned__phase2_bootstrap_seed45211_u575__980000,evaluation seed row,scale_num_uav2_2uav20gu_t250,learned,phase2_bootstrap_seed45211_u575,learned_policy,45211,bootstrap_gae,575,configs/experiments/phase3_generalization/scale_num_uav2_2uav20gu_t250.yaml,/home/sgy/workspace/sagin_marl/runs/method_validation/horizon_fairness_mc_vs_bootstrap_threshold_u0_rep2_20260625_204118/bootstrap_seed45211/checkpoint_update0575.pt,/home/sgy/workspace/sagin_marl/runs/phase3/scale_transfer/scale_transfer_zero_shot_20260701_210556,/home/sgy/workspace/sagin_marl/runs/phase3/scale_transfer/scale_transfer_zero_shot_20260701_210556/eval_seed980000/phase2_bootstrap_seed45211_u575/scale_num_uav2_2uav20gu_t250,,/home/sgy/workspace/sagin_marl/runs/phase3/scale_transfer/scale_transfer_zero_shot_20260701_210556/combined_summary.csv,scenario=scale_num_uav2_2uav20gu_t250;kind=learned;method=phase2_bootstrap_seed45211_u575;episode_seed_base=980000,980000,,64,64,64,codex/phase3-scenario-generalization,5da4c19abf148d92655d89a19a7319ec23d77b3c,ok,36.911939452635124,,,0.6496920760560317,,0.3045634132514435,,,,,10.910199329378084,20.615412977509205,436407968.06381243,0.7681250000000002,,0.0,,0.0,250.0,0.6497168985934835,,,,,,,,,,,,,,,,,,,Nearby scale zero-shot; strict load issue rows should remain zero.
phase3_scale_transfer_zero_shot,scale_num_uav2_2uav20gu_t250__baseline__queue_aware__980000,evaluation seed row,scale_num_uav2_2uav20gu_t250,baseline,queue_aware,non_learning_baseline,,,,configs/experiments/phase3_generalization/scale_num_uav2_2uav20gu_t250.yaml,,/home/sgy/workspace/sagin_marl/runs/phase3/scale_transfer/scale_transfer_zero_shot_20260701_210556,/home/sgy/workspace/sagin_marl/runs/phase3/scale_transfer/scale_transfer_zero_shot_20260701_210556/eval_seed980000/queue_aware/scale_num_uav2_2uav20gu_t250,,/home/sgy/workspace/sagin_marl/runs/phase3/scale_transfer/scale_transfer_zero_shot_20260701_210556/combined_summary.csv,scenario=scale_num_uav2_2uav20gu_t250;kind=baseline;method=queue_aware;episode_seed_base=980000,980000,,64,64,64,codex/phase3-scenario-generalization,5da4c19abf148d92655d89a19a7319ec23d77b3c,ok,28.49379259336274,,,0.4615859499387754,,0.4382461308610376,,,,,14.454621660986172,34.87171747190555,578184859.4839894,0.9773125,,0.296875,,0.296875,215.125,0.4615856410616216,,,,,,,,,,,,,,,,,,,Nearby scale zero-shot; strict load issue rows should remain zero.
phase3_scale_transfer_zero_shot,scale_num_uav2_2uav20gu_t250__baseline__observable_cluster_queue_aware__980000,evaluation seed row,scale_num_uav2_2uav20gu_t250,baseline,observable_cluster_queue_aware,non_learning_baseline,,,,configs/experiments/phase3_generalization/scale_num_uav2_2uav20gu_t250.yaml,,/home/sgy/workspace/sagin_marl/runs/phase3/scale_transfer/scale_transfer_zero_shot_20260701_210556,/home/sgy/workspace/sagin_marl/runs/phase3/scale_transfer/scale_transfer_zero_shot_20260701_210556/eval_seed980000/observable_cluster_queue_aware/scale_num_uav2_2uav20gu_t250,,/home/sgy/workspace/sagin_marl/runs/phase3/scale_transfer/scale_transfer_zero_shot_20260701_210556/combined_summary.csv,scenario=scale_num_uav2_2uav20gu_t250;kind=baseline;method=observable_cluster_queue_aware;episode_seed_base=980000,980000,,64,64,64,codex/phase3-scenario-generalization,5da4c19abf148d92655d89a19a7319ec23d77b3c,ok,33.49228248745203,,,0.5952538861204838,,0.33535905839088087,,,,,12.815703568871433,25.008769695817385,512628136.8501809,0.876930788590604,,0.046875,,0.046875,241.890625,0.5952538015548305,,,,,,,,,,,,,,,,,,,Nearby scale zero-shot; strict load issue rows should remain zero.
phase3_scale_transfer_zero_shot,scale_num_uav2_2uav20gu_t250__baseline__cluster_center_queue_aware__980000,evaluation seed row,scale_num_uav2_2uav20gu_t250,baseline,cluster_center_queue_aware,non_learning_baseline,,,,configs/experiments/phase3_generalization/scale_num_uav2_2uav20gu_t250.yaml,,/home/sgy/workspace/sagin_marl/runs/phase3/scale_transfer/scale_transfer_zero_shot_20260701_210556,/home/sgy/workspace/sagin_marl/runs/phase3/scale_transfer/scale_transfer_zero_shot_20260701_210556/eval_seed980000/cluster_center_queue_aware/scale_num_uav2_2uav20gu_t250,,/home/sgy/workspace/sagin_marl/runs/phase3/scale_transfer/scale_transfer_zero_shot_20260701_210556/combined_summary.csv,scenario=scale_num_uav2_2uav20gu_t250;kind=baseline;method=cluster_center_queue_aware;episode_seed_base=980000,980000,,64,64,64,codex/phase3-scenario-generalization,5da4c19abf148d92655d89a19a7319ec23d77b3c,ok,36.14940173935611,,,0.7326731638571363,,0.22560214486105412,,,,,10.40113409908116,17.00414494011551,416045359.1285002,0.8305625,,0.0,,0.0,250.0,0.7338793642201684,,,,,,,,,,,,,,,,,,,Nearby scale zero-shot; strict load issue rows should remain zero.
phase3_scale_transfer_zero_shot,scale_num_uav2_2uav20gu_t250__baseline__maxweight_lyapunov__980000,evaluation seed row,scale_num_uav2_2uav20gu_t250,baseline,maxweight_lyapunov,non_learning_baseline,,,,configs/experiments/phase3_generalization/scale_num_uav2_2uav20gu_t250.yaml,,/home/sgy/workspace/sagin_marl/runs/phase3/scale_transfer/scale_transfer_zero_shot_20260701_210556,/home/sgy/workspace/sagin_marl/runs/phase3/scale_transfer/scale_transfer_zero_shot_20260701_210556/eval_seed980000/maxweight_lyapunov/scale_num_uav2_2uav20gu_t250,,/home/sgy/workspace/sagin_marl/runs/phase3/scale_transfer/scale_transfer_zero_shot_20260701_210556/combined_summary.csv,scenario=scale_num_uav2_2uav20gu_t250;kind=baseline;method=maxweight_lyapunov;episode_seed_base=980000,980000,,64,64,64,codex/phase3-scenario-generalization,5da4c19abf148d92655d89a19a7319ec23d77b3c,ok,35.68640445522033,,,0.7042208334173773,,0.24844210284023596,,,,,11.754089940208944,19.785567161940037,470163592.00743735,0.988,,0.0,,0.0,250.0,0.7042722991372138,,,,,,,,,,,,,,,,,,,Nearby scale zero-shot; strict load issue rows should remain zero.
phase3_scale_transfer_zero_shot,scale_num_uav2_2uav20gu_t250__baseline__dpp_resource_hybrid_native__980000,evaluation seed row,scale_num_uav2_2uav20gu_t250,baseline,dpp_resource_hybrid_native,non_learning_baseline,,,,configs/experiments/phase3_generalization/scale_num_uav2_2uav20gu_t250.yaml,,/home/sgy/workspace/sagin_marl/runs/phase3/scale_transfer/scale_transfer_zero_shot_20260701_210556,/home/sgy/workspace/sagin_marl/runs/phase3/scale_transfer/scale_transfer_zero_shot_20260701_210556/eval_seed980000/dpp_resource_hybrid_native/scale_num_uav2_2uav20gu_t250,,/home/sgy/workspace/sagin_marl/runs/phase3/scale_transfer/scale_transfer_zero_shot_20260701_210556/combined_summary.csv,scenario=scale_num_uav2_2uav20gu_t250;kind=baseline;method=dpp_resource_hybrid_native;episode_seed_base=980000,980000,,64,64,64,codex/phase3-scenario-generalization,5da4c19abf148d92655d89a19a7319ec23d77b3c,ok,32.52128142002039,,,0.6498769097582554,,0.29121690826276825,,,,,13.990415955927222,25.47984798828885,559616631.9377501,0.8305625,,0.0,,0.0,250.0,0.6501161942421524,,,,,,,,,,,,,,,,,,,Nearby scale zero-shot; strict load issue rows should remain zero.
phase3_scale_transfer_zero_shot,scale_num_uav2_2uav20gu_t250__baseline__topology_dpp_native_bw_sat_cached__980000,evaluation seed row,scale_num_uav2_2uav20gu_t250,baseline,topology_dpp_native_bw_sat_cached,non_learning_baseline,,,,configs/experiments/phase3_generalization/scale_num_uav2_2uav20gu_t250.yaml,,/home/sgy/workspace/sagin_marl/runs/phase3/scale_transfer/scale_transfer_zero_shot_20260701_210556,/home/sgy/workspace/sagin_marl/runs/phase3/scale_transfer/scale_transfer_zero_shot_20260701_210556/eval_seed980000/topology_dpp_native_bw_sat_cached/scale_num_uav2_2uav20gu_t250,,/home/sgy/workspace/sagin_marl/runs/phase3/scale_transfer/scale_transfer_zero_shot_20260701_210556/combined_summary.csv,scenario=scale_num_uav2_2uav20gu_t250;kind=baseline;method=topology_dpp_native_bw_sat_cached;episode_seed_base=980000,980000,,64,64,64,codex/phase3-scenario-generalization,5da4c19abf148d92655d89a19a7319ec23d77b3c,ok,32.51482659869362,,,0.6501144344790956,,0.29121690826276825,,,,,13.991817598965019,25.479200718414038,559672697.6617501,0.991125,,0.0,,0.0,250.0,0.6501161942421524,,,,,,,,,,,,,,,,,,,Nearby scale zero-shot; strict load issue rows should remain zero.
phase3_scale_transfer_zero_shot,scale_num_uav2_2uav20gu_t250__baseline__full_topology_dpp_joint__980000,evaluation seed row,scale_num_uav2_2uav20gu_t250,baseline,full_topology_dpp_joint,non_learning_baseline,,,,configs/experiments/phase3_generalization/scale_num_uav2_2uav20gu_t250.yaml,,/home/sgy/workspace/sagin_marl/runs/phase3/scale_transfer/scale_transfer_zero_shot_20260701_210556,/home/sgy/workspace/sagin_marl/runs/phase3/scale_transfer/scale_transfer_zero_shot_20260701_210556/eval_seed980000/full_topology_dpp_joint/scale_num_uav2_2uav20gu_t250,,/home/sgy/workspace/sagin_marl/runs/phase3/scale_transfer/scale_transfer_zero_shot_20260701_210556/combined_summary.csv,scenario=scale_num_uav2_2uav20gu_t250;kind=baseline;method=full_topology_dpp_joint;episode_seed_base=980000,980000,,64,64,64,codex/phase3-scenario-generalization,5da4c19abf148d92655d89a19a7319ec23d77b3c,ok,25.23372644605115,,,0.3623454248449318,,0.5211490737963653,,,,,17.879962866526913,56.82967479350445,715198506.2883849,0.99575,,0.078125,,0.078125,233.0,0.36234530733777315,,,,,,,,,,,,,,,,,,,Nearby scale zero-shot; strict load issue rows should remain zero.
phase3_scale_transfer_zero_shot,scale_num_uav4_4uav20gu_t250__learned__phase2_mc_seed45211_u400__980000,evaluation seed row,scale_num_uav4_4uav20gu_t250,learned,phase2_mc_seed45211_u400,learned_policy,45211,bootstrap_gae,400,configs/experiments/phase3_generalization/scale_num_uav4_4uav20gu_t250.yaml,/home/sgy/workspace/sagin_marl/runs/method_validation/horizon_fairness_mc_vs_bootstrap_threshold_u0_rep2_20260625_204118/mc_seed45211/checkpoint_update0400.pt,/home/sgy/workspace/sagin_marl/runs/phase3/scale_transfer/scale_transfer_zero_shot_20260701_210556,/home/sgy/workspace/sagin_marl/runs/phase3/scale_transfer/scale_transfer_zero_shot_20260701_210556/eval_seed980000/phase2_mc_seed45211_u400/scale_num_uav4_4uav20gu_t250,,/home/sgy/workspace/sagin_marl/runs/phase3/scale_transfer/scale_transfer_zero_shot_20260701_210556/combined_summary.csv,scenario=scale_num_uav4_4uav20gu_t250;kind=learned;method=phase2_mc_seed45211_u400;episode_seed_base=980000,980000,,64,64,64,codex/phase3-scenario-generalization,5da4c19abf148d92655d89a19a7319ec23d77b3c,ok,50.44791360455565,,,0.863369186668158,,0.0823443783749318,,,,,8.543953887724628,11.053743284571413,341758151.3426517,0.9087656281925734,,0.03125,,0.03125,243.078125,0.8920281176052756,,,,,,,,,,,,,,,,,,,Nearby scale zero-shot; strict load issue rows should remain zero.
phase3_scale_transfer_zero_shot,scale_num_uav4_4uav20gu_t250__learned__phase2_bootstrap_seed45211_u575__980000,evaluation seed row,scale_num_uav4_4uav20gu_t250,learned,phase2_bootstrap_seed45211_u575,learned_policy,45211,bootstrap_gae,575,configs/experiments/phase3_generalization/scale_num_uav4_4uav20gu_t250.yaml,/home/sgy/workspace/sagin_marl/runs/method_validation/horizon_fairness_mc_vs_bootstrap_threshold_u0_rep2_20260625_204118/bootstrap_seed45211/checkpoint_update0575.pt,/home/sgy/workspace/sagin_marl/runs/phase3/scale_transfer/scale_transfer_zero_shot_20260701_210556,/home/sgy/workspace/sagin_marl/runs/phase3/scale_transfer/scale_transfer_zero_shot_20260701_210556/eval_seed980000/phase2_bootstrap_seed45211_u575/scale_num_uav4_4uav20gu_t250,,/home/sgy/workspace/sagin_marl/runs/phase3/scale_transfer/scale_transfer_zero_shot_20260701_210556/combined_summary.csv,scenario=scale_num_uav4_4uav20gu_t250;kind=learned;method=phase2_bootstrap_seed45211_u575;episode_seed_base=980000,980000,,64,64,64,codex/phase3-scenario-generalization,5da4c19abf148d92655d89a19a7319ec23d77b3c,ok,53.14000234985724,,,0.8971216844556743,,0.07150997509675161,,,,,5.401068949780703,6.95773749929792,216042755.32338563,0.7243697470743312,,0.03125,,0.03125,245.0625,0.8992488174028692,,,,,,,,,,,,,,,,,,,Nearby scale zero-shot; strict load issue rows should remain zero.
phase3_scale_transfer_zero_shot,scale_num_uav4_4uav20gu_t250__baseline__queue_aware__980000,evaluation seed row,scale_num_uav4_4uav20gu_t250,baseline,queue_aware,non_learning_baseline,,,,configs/experiments/phase3_generalization/scale_num_uav4_4uav20gu_t250.yaml,,/home/sgy/workspace/sagin_marl/runs/phase3/scale_transfer/scale_transfer_zero_shot_20260701_210556,/home/sgy/workspace/sagin_marl/runs/phase3/scale_transfer/scale_transfer_zero_shot_20260701_210556/eval_seed980000/queue_aware/scale_num_uav4_4uav20gu_t250,,/home/sgy/workspace/sagin_marl/runs/phase3/scale_transfer/scale_transfer_zero_shot_20260701_210556/combined_summary.csv,scenario=scale_num_uav4_4uav20gu_t250;kind=baseline;method=queue_aware;episode_seed_base=980000,980000,,64,64,64,codex/phase3-scenario-generalization,5da4c19abf148d92655d89a19a7319ec23d77b3c,ok,11.242559832870029,,,0.4696691046770296,,0.26048321010066283,,,,,9.459200240475882,22.909225157506732,378368005.0173417,1.0,,0.984375,,0.984375,76.828125,0.47033929540577774,,,,,,,,,,,,,,,,,,,Nearby scale zero-shot; strict load issue rows should remain zero.
phase3_scale_transfer_zero_shot,scale_num_uav4_4uav20gu_t250__baseline__observable_cluster_queue_aware__980000,evaluation seed row,scale_num_uav4_4uav20gu_t250,baseline,observable_cluster_queue_aware,non_learning_baseline,,,,configs/experiments/phase3_generalization/scale_num_uav4_4uav20gu_t250.yaml,,/home/sgy/workspace/sagin_marl/runs/phase3/scale_transfer/scale_transfer_zero_shot_20260701_210556,/home/sgy/workspace/sagin_marl/runs/phase3/scale_transfer/scale_transfer_zero_shot_20260701_210556/eval_seed980000/observable_cluster_queue_aware/scale_num_uav4_4uav20gu_t250,,/home/sgy/workspace/sagin_marl/runs/phase3/scale_transfer/scale_transfer_zero_shot_20260701_210556/combined_summary.csv,scenario=scale_num_uav4_4uav20gu_t250;kind=baseline;method=observable_cluster_queue_aware;episode_seed_base=980000,980000,,64,64,64,codex/phase3-scenario-generalization,5da4c19abf148d92655d89a19a7319ec23d77b3c,ok,22.714295980986208,,,0.6129310738862646,,0.21412030925564024,,,,,8.964204239670934,16.61108856428272,358568165.2546285,0.9798200717877169,,0.671875,,0.671875,150.125,0.6158775707058168,,,,,,,,,,,,,,,,,,,Nearby scale zero-shot; strict load issue rows should remain zero.
phase3_scale_transfer_zero_shot,scale_num_uav4_4uav20gu_t250__baseline__cluster_center_queue_aware__980000,evaluation seed row,scale_num_uav4_4uav20gu_t250,baseline,cluster_center_queue_aware,non_learning_baseline,,,,configs/experiments/phase3_generalization/scale_num_uav4_4uav20gu_t250.yaml,,/home/sgy/workspace/sagin_marl/runs/phase3/scale_transfer/scale_transfer_zero_shot_20260701_210556,/home/sgy/workspace/sagin_marl/runs/phase3/scale_transfer/scale_transfer_zero_shot_20260701_210556/eval_seed980000/cluster_center_queue_aware/scale_num_uav4_4uav20gu_t250,,/home/sgy/workspace/sagin_marl/runs/phase3/scale_transfer/scale_transfer_zero_shot_20260701_210556/combined_summary.csv,scenario=scale_num_uav4_4uav20gu_t250;kind=baseline;method=cluster_center_queue_aware;episode_seed_base=980000,980000,,64,64,64,codex/phase3-scenario-generalization,5da4c19abf148d92655d89a19a7319ec23d77b3c,ok,9.807763229007833,,,0.6170965995748264,,0.18792871868024713,,,,,7.93661376584532,15.847945764343315,317464546.6420327,1.0,,1.0,,1.0,59.640625,0.6288975891510865,,,,,,,,,,,,,,,,,,,Nearby scale zero-shot; strict load issue rows should remain zero.
phase3_scale_transfer_zero_shot,scale_num_uav4_4uav20gu_t250__baseline__maxweight_lyapunov__980000,evaluation seed row,scale_num_uav4_4uav20gu_t250,baseline,maxweight_lyapunov,non_learning_baseline,,,,configs/experiments/phase3_generalization/scale_num_uav4_4uav20gu_t250.yaml,,/home/sgy/workspace/sagin_marl/runs/phase3/scale_transfer/scale_transfer_zero_shot_20260701_210556,/home/sgy/workspace/sagin_marl/runs/phase3/scale_transfer/scale_transfer_zero_shot_20260701_210556/eval_seed980000/maxweight_lyapunov/scale_num_uav4_4uav20gu_t250,,/home/sgy/workspace/sagin_marl/runs/phase3/scale_transfer/scale_transfer_zero_shot_20260701_210556/combined_summary.csv,scenario=scale_num_uav4_4uav20gu_t250;kind=baseline;method=maxweight_lyapunov;episode_seed_base=980000,980000,,64,64,64,codex/phase3-scenario-generalization,5da4c19abf148d92655d89a19a7319ec23d77b3c,ok,40.585432992782444,,,0.7881940383263859,,0.1621433779804083,,,,,9.28864388484764,13.754269680977332,371545751.09312487,0.9870781251154842,,0.015625,,0.015625,246.109375,0.7982347763495948,,,,,,,,,,,,,,,,,,,Nearby scale zero-shot; strict load issue rows should remain zero.
phase3_scale_transfer_zero_shot,scale_num_uav4_4uav20gu_t250__baseline__dpp_resource_hybrid_native__980000,evaluation seed row,scale_num_uav4_4uav20gu_t250,baseline,dpp_resource_hybrid_native,non_learning_baseline,,,,configs/experiments/phase3_generalization/scale_num_uav4_4uav20gu_t250.yaml,,/home/sgy/workspace/sagin_marl/runs/phase3/scale_transfer/scale_transfer_zero_shot_20260701_210556,/home/sgy/workspace/sagin_marl/runs/phase3/scale_transfer/scale_transfer_zero_shot_20260701_210556/eval_seed980000/dpp_resource_hybrid_native/scale_num_uav4_4uav20gu_t250,,/home/sgy/workspace/sagin_marl/runs/phase3/scale_transfer/scale_transfer_zero_shot_20260701_210556/combined_summary.csv,scenario=scale_num_uav4_4uav20gu_t250;kind=baseline;method=dpp_resource_hybrid_native;episode_seed_base=980000,980000,,64,64,64,codex/phase3-scenario-generalization,5da4c19abf148d92655d89a19a7319ec23d77b3c,ok,9.338819926953875,,,0.584687056941877,,0.20527259736151687,,,,,8.714457412283405,18.427292983048172,348578292.62820035,1.0,,1.0,,1.0,59.640625,0.589875530864573,,,,,,,,,,,,,,,,,,,Nearby scale zero-shot; strict load issue rows should remain zero.
phase3_scale_transfer_zero_shot,scale_num_uav4_4uav20gu_t250__baseline__topology_dpp_native_bw_sat_cached__980000,evaluation seed row,scale_num_uav4_4uav20gu_t250,baseline,topology_dpp_native_bw_sat_cached,non_learning_baseline,,,,configs/experiments/phase3_generalization/scale_num_uav4_4uav20gu_t250.yaml,,/home/sgy/workspace/sagin_marl/runs/phase3/scale_transfer/scale_transfer_zero_shot_20260701_210556,/home/sgy/workspace/sagin_marl/runs/phase3/scale_transfer/scale_transfer_zero_shot_20260701_210556/eval_seed980000/topology_dpp_native_bw_sat_cached/scale_num_uav4_4uav20gu_t250,,/home/sgy/workspace/sagin_marl/runs/phase3/scale_transfer/scale_transfer_zero_shot_20260701_210556/combined_summary.csv,scenario=scale_num_uav4_4uav20gu_t250;kind=baseline;method=topology_dpp_native_bw_sat_cached;episode_seed_base=980000,980000,,64,64,64,codex/phase3-scenario-generalization,5da4c19abf148d92655d89a19a7319ec23d77b3c,ok,9.279152515227906,,,0.5454383851086633,,0.21109265688693077,,,,,9.571092728704675,22.46863801456235,382843704.86609584,0.9615017436812211,,1.0,,1.0,59.640625,0.589875530864573,,,,,,,,,,,,,,,,,,,Nearby scale zero-shot; strict load issue rows should remain zero.
phase3_scale_transfer_zero_shot,scale_num_uav4_4uav20gu_t250__baseline__full_topology_dpp_joint__980000,evaluation seed row,scale_num_uav4_4uav20gu_t250,baseline,full_topology_dpp_joint,non_learning_baseline,,,,configs/experiments/phase3_generalization/scale_num_uav4_4uav20gu_t250.yaml,,/home/sgy/workspace/sagin_marl/runs/phase3/scale_transfer/scale_transfer_zero_shot_20260701_210556,/home/sgy/workspace/sagin_marl/runs/phase3/scale_transfer/scale_transfer_zero_shot_20260701_210556/eval_seed980000/full_topology_dpp_joint/scale_num_uav4_4uav20gu_t250,,/home/sgy/workspace/sagin_marl/runs/phase3/scale_transfer/scale_transfer_zero_shot_20260701_210556/combined_summary.csv,scenario=scale_num_uav4_4uav20gu_t250;kind=baseline;method=full_topology_dpp_joint;episode_seed_base=980000,980000,,64,64,64,codex/phase3-scenario-generalization,5da4c19abf148d92655d89a19a7319ec23d77b3c,ok,18.528630395885557,,,0.4030942611250618,,0.3425703239668612,,,,,12.072019879927101,42.57553228328313,482880789.6174553,0.9796927085146308,,0.484375,,0.484375,144.359375,0.4031564754427717,,,,,,,,,,,,,,,,,,,Nearby scale zero-shot; strict load issue rows should remain zero.
phase3_scale_transfer_zero_shot,scale_visible_sats4_3uav20gu_t250__learned__phase2_mc_seed45211_u400__980000,evaluation seed row,scale_visible_sats4_3uav20gu_t250,learned,phase2_mc_seed45211_u400,learned_policy,45211,bootstrap_gae,400,configs/experiments/phase3_generalization/scale_visible_sats4_3uav20gu_t250.yaml,/home/sgy/workspace/sagin_marl/runs/method_validation/horizon_fairness_mc_vs_bootstrap_threshold_u0_rep2_20260625_204118/mc_seed45211/checkpoint_update0400.pt,/home/sgy/workspace/sagin_marl/runs/phase3/scale_transfer/scale_transfer_zero_shot_20260701_210556,/home/sgy/workspace/sagin_marl/runs/phase3/scale_transfer/scale_transfer_zero_shot_20260701_210556/eval_seed980000/phase2_mc_seed45211_u400/scale_visible_sats4_3uav20gu_t250,,/home/sgy/workspace/sagin_marl/runs/phase3/scale_transfer/scale_transfer_zero_shot_20260701_210556/combined_summary.csv,scenario=scale_visible_sats4_3uav20gu_t250;kind=learned;method=phase2_mc_seed45211_u400;episode_seed_base=980000,980000,,64,64,64,codex/phase3-scenario-generalization,5da4c19abf148d92655d89a19a7319ec23d77b3c,ok,58.93052668403834,,,0.9065429643308746,,0.06576979512246545,,,,,5.802813354923239,7.681798608037978,232112531.24381244,0.8984375053830445,,0.0,,0.0,250.0,0.9162083797591708,,,,,,,,,,,,,,,,,,,Nearby scale zero-shot; strict load issue rows should remain zero.
phase3_scale_transfer_zero_shot,scale_visible_sats4_3uav20gu_t250__learned__phase2_bootstrap_seed45211_u575__980000,evaluation seed row,scale_visible_sats4_3uav20gu_t250,learned,phase2_bootstrap_seed45211_u575,learned_policy,45211,bootstrap_gae,575,configs/experiments/phase3_generalization/scale_visible_sats4_3uav20gu_t250.yaml,/home/sgy/workspace/sagin_marl/runs/method_validation/horizon_fairness_mc_vs_bootstrap_threshold_u0_rep2_20260625_204118/bootstrap_seed45211/checkpoint_update0575.pt,/home/sgy/workspace/sagin_marl/runs/phase3/scale_transfer/scale_transfer_zero_shot_20260701_210556,/home/sgy/workspace/sagin_marl/runs/phase3/scale_transfer/scale_transfer_zero_shot_20260701_210556/eval_seed980000/phase2_bootstrap_seed45211_u575/scale_visible_sats4_3uav20gu_t250,,/home/sgy/workspace/sagin_marl/runs/phase3/scale_transfer/scale_transfer_zero_shot_20260701_210556/combined_summary.csv,scenario=scale_visible_sats4_3uav20gu_t250;kind=learned;method=phase2_bootstrap_seed45211_u575;episode_seed_base=980000,980000,,64,64,64,codex/phase3-scenario-generalization,5da4c19abf148d92655d89a19a7319ec23d77b3c,ok,61.37603562744334,,,0.9257678215401247,,0.055798536807933986,,,,,4.948169607064075,6.480087283293986,197926781.7844375,0.710552097249776,,0.0,,0.0,250.0,0.926516167379776,,,,,,,,,,,,,,,,,,,Nearby scale zero-shot; strict load issue rows should remain zero.
phase3_scale_transfer_zero_shot,scale_visible_sats4_3uav20gu_t250__baseline__queue_aware__980000,evaluation seed row,scale_visible_sats4_3uav20gu_t250,baseline,queue_aware,non_learning_baseline,,,,configs/experiments/phase3_generalization/scale_visible_sats4_3uav20gu_t250.yaml,,/home/sgy/workspace/sagin_marl/runs/phase3/scale_transfer/scale_transfer_zero_shot_20260701_210556,/home/sgy/workspace/sagin_marl/runs/phase3/scale_transfer/scale_transfer_zero_shot_20260701_210556/eval_seed980000/queue_aware/scale_visible_sats4_3uav20gu_t250,,/home/sgy/workspace/sagin_marl/runs/phase3/scale_transfer/scale_transfer_zero_shot_20260701_210556/combined_summary.csv,scenario=scale_visible_sats4_3uav20gu_t250;kind=baseline;method=queue_aware;episode_seed_base=980000,980000,,64,64,64,codex/phase3-scenario-generalization,5da4c19abf148d92655d89a19a7319ec23d77b3c,ok,21.619771089870483,,,0.46644204969387715,,0.3665822856163301,,,,,12.277343729214437,30.744623932706798,491093743.4541827,0.8989413395627225,,0.640625,,0.640625,158.46875,0.4665944001358582,,,,,,,,,,,,,,,,,,,Nearby scale zero-shot; strict load issue rows should remain zero.
phase3_scale_transfer_zero_shot,scale_visible_sats4_3uav20gu_t250__baseline__observable_cluster_queue_aware__980000,evaluation seed row,scale_visible_sats4_3uav20gu_t250,baseline,observable_cluster_queue_aware,non_learning_baseline,,,,configs/experiments/phase3_generalization/scale_visible_sats4_3uav20gu_t250.yaml,,/home/sgy/workspace/sagin_marl/runs/phase3/scale_transfer/scale_transfer_zero_shot_20260701_210556,/home/sgy/workspace/sagin_marl/runs/phase3/scale_transfer/scale_transfer_zero_shot_20260701_210556/eval_seed980000/observable_cluster_queue_aware/scale_visible_sats4_3uav20gu_t250,,/home/sgy/workspace/sagin_marl/runs/phase3/scale_transfer/scale_transfer_zero_shot_20260701_210556/combined_summary.csv,scenario=scale_visible_sats4_3uav20gu_t250;kind=baseline;method=observable_cluster_queue_aware;episode_seed_base=980000,980000,,64,64,64,codex/phase3-scenario-generalization,5da4c19abf148d92655d89a19a7319ec23d77b3c,ok,28.66849171218928,,,0.6125906792078621,,0.2564226205338827,,,,,10.304250322562613,20.0642202367368,412170008.1819512,0.728113271299469,,0.3125,,0.3125,194.453125,0.6138056154816608,,,,,,,,,,,,,,,,,,,Nearby scale zero-shot; strict load issue rows should remain zero.
phase3_scale_transfer_zero_shot,scale_visible_sats4_3uav20gu_t250__baseline__cluster_center_queue_aware__980000,evaluation seed row,scale_visible_sats4_3uav20gu_t250,baseline,cluster_center_queue_aware,non_learning_baseline,,,,configs/experiments/phase3_generalization/scale_visible_sats4_3uav20gu_t250.yaml,,/home/sgy/workspace/sagin_marl/runs/phase3/scale_transfer/scale_transfer_zero_shot_20260701_210556,/home/sgy/workspace/sagin_marl/runs/phase3/scale_transfer/scale_transfer_zero_shot_20260701_210556/eval_seed980000/cluster_center_queue_aware/scale_visible_sats4_3uav20gu_t250,,/home/sgy/workspace/sagin_marl/runs/phase3/scale_transfer/scale_transfer_zero_shot_20260701_210556/combined_summary.csv,scenario=scale_visible_sats4_3uav20gu_t250;kind=baseline;method=cluster_center_queue_aware;episode_seed_base=980000,980000,,64,64,64,codex/phase3-scenario-generalization,5da4c19abf148d92655d89a19a7319ec23d77b3c,ok,44.90034049120732,,,0.8729782120765888,,0.08709893474516867,,,,,7.873388180307577,11.209192093009129,314935523.5695625,0.64852084594965,,0.0,,0.0,250.0,0.8897510442195949,,,,,,,,,,,,,,,,,,,Nearby scale zero-shot; strict load issue rows should remain zero.
phase3_scale_transfer_zero_shot,scale_visible_sats4_3uav20gu_t250__baseline__maxweight_lyapunov__980000,evaluation seed row,scale_visible_sats4_3uav20gu_t250,baseline,maxweight_lyapunov,non_learning_baseline,,,,configs/experiments/phase3_generalization/scale_visible_sats4_3uav20gu_t250.yaml,,/home/sgy/workspace/sagin_marl/runs/phase3/scale_transfer/scale_transfer_zero_shot_20260701_210556,/home/sgy/workspace/sagin_marl/runs/phase3/scale_transfer/scale_transfer_zero_shot_20260701_210556/eval_seed980000/maxweight_lyapunov/scale_visible_sats4_3uav20gu_t250,,/home/sgy/workspace/sagin_marl/runs/phase3/scale_transfer/scale_transfer_zero_shot_20260701_210556/combined_summary.csv,scenario=scale_visible_sats4_3uav20gu_t250;kind=baseline;method=maxweight_lyapunov;episode_seed_base=980000,980000,,64,64,64,codex/phase3-scenario-generalization,5da4c19abf148d92655d89a19a7319ec23d77b3c,ok,41.97408233641181,,,0.8360884354149456,,0.12746049115711486,,,,,8.32698397593945,12.294363103550392,333079355.0096874,0.9722604182772341,,0.0,,0.0,250.0,0.8430537122768467,,,,,,,,,,,,,,,,,,,Nearby scale zero-shot; strict load issue rows should remain zero.
phase3_scale_transfer_zero_shot,scale_visible_sats4_3uav20gu_t250__baseline__dpp_resource_hybrid_native__980000,evaluation seed row,scale_visible_sats4_3uav20gu_t250,baseline,dpp_resource_hybrid_native,non_learning_baseline,,,,configs/experiments/phase3_generalization/scale_visible_sats4_3uav20gu_t250.yaml,,/home/sgy/workspace/sagin_marl/runs/phase3/scale_transfer/scale_transfer_zero_shot_20260701_210556,/home/sgy/workspace/sagin_marl/runs/phase3/scale_transfer/scale_transfer_zero_shot_20260701_210556/eval_seed980000/dpp_resource_hybrid_native/scale_visible_sats4_3uav20gu_t250,,/home/sgy/workspace/sagin_marl/runs/phase3/scale_transfer/scale_transfer_zero_shot_20260701_210556/combined_summary.csv,scenario=scale_visible_sats4_3uav20gu_t250;kind=baseline;method=dpp_resource_hybrid_native;episode_seed_base=980000,980000,,64,64,64,codex/phase3-scenario-generalization,5da4c19abf148d92655d89a19a7319ec23d77b3c,ok,40.317903232062235,,,0.8516771056518193,,0.10767575811586277,,,,,9.149498229783028,13.024924756256858,365979924.9055,0.64852084594965,,0.0,,0.0,250.0,0.8625639509679307,,,,,,,,,,,,,,,,,,,Nearby scale zero-shot; strict load issue rows should remain zero.
phase3_scale_transfer_zero_shot,scale_visible_sats4_3uav20gu_t250__baseline__topology_dpp_native_bw_sat_cached__980000,evaluation seed row,scale_visible_sats4_3uav20gu_t250,baseline,topology_dpp_native_bw_sat_cached,non_learning_baseline,,,,configs/experiments/phase3_generalization/scale_visible_sats4_3uav20gu_t250.yaml,,/home/sgy/workspace/sagin_marl/runs/phase3/scale_transfer/scale_transfer_zero_shot_20260701_210556,/home/sgy/workspace/sagin_marl/runs/phase3/scale_transfer/scale_transfer_zero_shot_20260701_210556/eval_seed980000/topology_dpp_native_bw_sat_cached/scale_visible_sats4_3uav20gu_t250,,/home/sgy/workspace/sagin_marl/runs/phase3/scale_transfer/scale_transfer_zero_shot_20260701_210556/combined_summary.csv,scenario=scale_visible_sats4_3uav20gu_t250;kind=baseline;method=topology_dpp_native_bw_sat_cached;episode_seed_base=980000,980000,,64,64,64,codex/phase3-scenario-generalization,5da4c19abf148d92655d89a19a7319ec23d77b3c,ok,40.33406899613328,,,0.8584503341043606,,0.10767575811586277,,,,,9.15339591824636,12.927767142986877,366135832.526625,0.8294687547758224,,0.0,,0.0,250.0,0.8625639509679307,,,,,,,,,,,,,,,,,,,Nearby scale zero-shot; strict load issue rows should remain zero.
phase3_scale_transfer_zero_shot,scale_visible_sats4_3uav20gu_t250__baseline__full_topology_dpp_joint__980000,evaluation seed row,scale_visible_sats4_3uav20gu_t250,baseline,full_topology_dpp_joint,non_learning_baseline,,,,configs/experiments/phase3_generalization/scale_visible_sats4_3uav20gu_t250.yaml,,/home/sgy/workspace/sagin_marl/runs/phase3/scale_transfer/scale_transfer_zero_shot_20260701_210556,/home/sgy/workspace/sagin_marl/runs/phase3/scale_transfer/scale_transfer_zero_shot_20260701_210556/eval_seed980000/full_topology_dpp_joint/scale_visible_sats4_3uav20gu_t250,,/home/sgy/workspace/sagin_marl/runs/phase3/scale_transfer/scale_transfer_zero_shot_20260701_210556/combined_summary.csv,scenario=scale_visible_sats4_3uav20gu_t250;kind=baseline;method=full_topology_dpp_joint;episode_seed_base=980000,980000,,64,64,64,codex/phase3-scenario-generalization,5da4c19abf148d92655d89a19a7319ec23d77b3c,ok,24.96539024473168,,,0.4011805605912074,,0.438285085269399,,,,,14.942558767089272,45.834921653537755,597702343.4414072,0.981916667027399,,0.203125,,0.203125,205.171875,0.4011806085646936,,,,,,,,,,,,,,,,,,,Nearby scale zero-shot; strict load issue rows should remain zero.
phase3_scale_transfer_zero_shot,scale_visible_sats8_3uav20gu_t250__learned__phase2_mc_seed45211_u400__980000,evaluation seed row,scale_visible_sats8_3uav20gu_t250,learned,phase2_mc_seed45211_u400,learned_policy,45211,bootstrap_gae,400,configs/experiments/phase3_generalization/scale_visible_sats8_3uav20gu_t250.yaml,/home/sgy/workspace/sagin_marl/runs/method_validation/horizon_fairness_mc_vs_bootstrap_threshold_u0_rep2_20260625_204118/mc_seed45211/checkpoint_update0400.pt,/home/sgy/workspace/sagin_marl/runs/phase3/scale_transfer/scale_transfer_zero_shot_20260701_210556,/home/sgy/workspace/sagin_marl/runs/phase3/scale_transfer/scale_transfer_zero_shot_20260701_210556/eval_seed980000/phase2_mc_seed45211_u400/scale_visible_sats8_3uav20gu_t250,,/home/sgy/workspace/sagin_marl/runs/phase3/scale_transfer/scale_transfer_zero_shot_20260701_210556/combined_summary.csv,scenario=scale_visible_sats8_3uav20gu_t250;kind=learned;method=phase2_mc_seed45211_u400;episode_seed_base=980000,980000,,64,64,64,codex/phase3-scenario-generalization,5da4c19abf148d92655d89a19a7319ec23d77b3c,ok,58.978470547590405,,,0.9070023666517809,,0.06532589068157042,,,,,5.789086827898329,7.655676017601684,231563470.17193744,0.8983333387263119,,0.0,,0.0,250.0,0.9166856830578615,,,,,,,,,,,,,,,,,,,Nearby scale zero-shot; strict load issue rows should remain zero.
phase3_scale_transfer_zero_shot,scale_visible_sats8_3uav20gu_t250__learned__phase2_bootstrap_seed45211_u575__980000,evaluation seed row,scale_visible_sats8_3uav20gu_t250,learned,phase2_bootstrap_seed45211_u575,learned_policy,45211,bootstrap_gae,575,configs/experiments/phase3_generalization/scale_visible_sats8_3uav20gu_t250.yaml,/home/sgy/workspace/sagin_marl/runs/method_validation/horizon_fairness_mc_vs_bootstrap_threshold_u0_rep2_20260625_204118/bootstrap_seed45211/checkpoint_update0575.pt,/home/sgy/workspace/sagin_marl/runs/phase3/scale_transfer/scale_transfer_zero_shot_20260701_210556,/home/sgy/workspace/sagin_marl/runs/phase3/scale_transfer/scale_transfer_zero_shot_20260701_210556/eval_seed980000/phase2_bootstrap_seed45211_u575/scale_visible_sats8_3uav20gu_t250,,/home/sgy/workspace/sagin_marl/runs/phase3/scale_transfer/scale_transfer_zero_shot_20260701_210556/combined_summary.csv,scenario=scale_visible_sats8_3uav20gu_t250;kind=learned;method=phase2_bootstrap_seed45211_u575;episode_seed_base=980000,980000,,64,64,64,codex/phase3-scenario-generalization,5da4c19abf148d92655d89a19a7319ec23d77b3c,ok,61.18614348000847,,,0.9260045159105214,,0.055653846314931234,,,,,4.945449710803852,6.474350837788695,197817985.87212503,0.7105000139493496,,0.0,,0.0,250.0,0.9267249874336239,,,,,,,,,,,,,,,,,,,Nearby scale zero-shot; strict load issue rows should remain zero.
phase3_scale_transfer_zero_shot,scale_visible_sats8_3uav20gu_t250__baseline__queue_aware__980000,evaluation seed row,scale_visible_sats8_3uav20gu_t250,baseline,queue_aware,non_learning_baseline,,,,configs/experiments/phase3_generalization/scale_visible_sats8_3uav20gu_t250.yaml,,/home/sgy/workspace/sagin_marl/runs/phase3/scale_transfer/scale_transfer_zero_shot_20260701_210556,/home/sgy/workspace/sagin_marl/runs/phase3/scale_transfer/scale_transfer_zero_shot_20260701_210556/eval_seed980000/queue_aware/scale_visible_sats8_3uav20gu_t250,,/home/sgy/workspace/sagin_marl/runs/phase3/scale_transfer/scale_transfer_zero_shot_20260701_210556/combined_summary.csv,scenario=scale_visible_sats8_3uav20gu_t250;kind=baseline;method=queue_aware;episode_seed_base=980000,980000,,64,64,64,codex/phase3-scenario-generalization,5da4c19abf148d92655d89a19a7319ec23d77b3c,ok,21.62100861989893,,,0.4664758415322892,,0.3665822856163301,,,,,12.26302281299515,30.74023429344469,490520906.85836154,0.9569070407991864,,0.640625,,0.640625,158.46875,0.4665944001358582,,,,,,,,,,,,,,,,,,,Nearby scale zero-shot; strict load issue rows should remain zero.
phase3_scale_transfer_zero_shot,scale_visible_sats8_3uav20gu_t250__baseline__observable_cluster_queue_aware__980000,evaluation seed row,scale_visible_sats8_3uav20gu_t250,baseline,observable_cluster_queue_aware,non_learning_baseline,,,,configs/experiments/phase3_generalization/scale_visible_sats8_3uav20gu_t250.yaml,,/home/sgy/workspace/sagin_marl/runs/phase3/scale_transfer/scale_transfer_zero_shot_20260701_210556,/home/sgy/workspace/sagin_marl/runs/phase3/scale_transfer/scale_transfer_zero_shot_20260701_210556/eval_seed980000/observable_cluster_queue_aware/scale_visible_sats8_3uav20gu_t250,,/home/sgy/workspace/sagin_marl/runs/phase3/scale_transfer/scale_transfer_zero_shot_20260701_210556/combined_summary.csv,scenario=scale_visible_sats8_3uav20gu_t250;kind=baseline;method=observable_cluster_queue_aware;episode_seed_base=980000,980000,,64,64,64,codex/phase3-scenario-generalization,5da4c19abf148d92655d89a19a7319ec23d77b3c,ok,28.67686747177504,,,0.6126075055058383,,0.2564226205338827,,,,,10.242828071094932,19.98088480218278,409713118.16647214,0.8613418151522401,,0.3125,,0.3125,194.453125,0.6138056154816608,,,,,,,,,,,,,,,,,,,Nearby scale zero-shot; strict load issue rows should remain zero.
phase3_scale_transfer_zero_shot,scale_visible_sats8_3uav20gu_t250__baseline__cluster_center_queue_aware__980000,evaluation seed row,scale_visible_sats8_3uav20gu_t250,baseline,cluster_center_queue_aware,non_learning_baseline,,,,configs/experiments/phase3_generalization/scale_visible_sats8_3uav20gu_t250.yaml,,/home/sgy/workspace/sagin_marl/runs/phase3/scale_transfer/scale_transfer_zero_shot_20260701_210556,/home/sgy/workspace/sagin_marl/runs/phase3/scale_transfer/scale_transfer_zero_shot_20260701_210556/eval_seed980000/cluster_center_queue_aware/scale_visible_sats8_3uav20gu_t250,,/home/sgy/workspace/sagin_marl/runs/phase3/scale_transfer/scale_transfer_zero_shot_20260701_210556/combined_summary.csv,scenario=scale_visible_sats8_3uav20gu_t250;kind=baseline;method=cluster_center_queue_aware;episode_seed_base=980000,980000,,64,64,64,codex/phase3-scenario-generalization,5da4c19abf148d92655d89a19a7319ec23d77b3c,ok,45.2088035835186,,,0.8811885081882356,,0.08709134024496598,,,,,7.06614112021355,10.01121214655042,282645641.5226251,0.7595729233901952,,0.0,,0.0,250.0,0.8897510442195949,,,,,,,,,,,,,,,,,,,Nearby scale zero-shot; strict load issue rows should remain zero.
phase3_scale_transfer_zero_shot,scale_visible_sats8_3uav20gu_t250__baseline__maxweight_lyapunov__980000,evaluation seed row,scale_visible_sats8_3uav20gu_t250,baseline,maxweight_lyapunov,non_learning_baseline,,,,configs/experiments/phase3_generalization/scale_visible_sats8_3uav20gu_t250.yaml,,/home/sgy/workspace/sagin_marl/runs/phase3/scale_transfer/scale_transfer_zero_shot_20260701_210556,/home/sgy/workspace/sagin_marl/runs/phase3/scale_transfer/scale_transfer_zero_shot_20260701_210556/eval_seed980000/maxweight_lyapunov/scale_visible_sats8_3uav20gu_t250,,/home/sgy/workspace/sagin_marl/runs/phase3/scale_transfer/scale_transfer_zero_shot_20260701_210556/combined_summary.csv,scenario=scale_visible_sats8_3uav20gu_t250;kind=baseline;method=maxweight_lyapunov;episode_seed_base=980000,980000,,64,64,64,codex/phase3-scenario-generalization,5da4c19abf148d92655d89a19a7319ec23d77b3c,ok,41.97408233641181,,,0.8360884354149456,,0.12746049115711486,,,,,8.32698397593945,12.294363103550392,333079355.0096874,0.9722604182772341,,0.0,,0.0,250.0,0.8430537122768467,,,,,,,,,,,,,,,,,,,Nearby scale zero-shot; strict load issue rows should remain zero.
phase3_scale_transfer_zero_shot,scale_visible_sats8_3uav20gu_t250__baseline__dpp_resource_hybrid_native__980000,evaluation seed row,scale_visible_sats8_3uav20gu_t250,baseline,dpp_resource_hybrid_native,non_learning_baseline,,,,configs/experiments/phase3_generalization/scale_visible_sats8_3uav20gu_t250.yaml,,/home/sgy/workspace/sagin_marl/runs/phase3/scale_transfer/scale_transfer_zero_shot_20260701_210556,/home/sgy/workspace/sagin_marl/runs/phase3/scale_transfer/scale_transfer_zero_shot_20260701_210556/eval_seed980000/dpp_resource_hybrid_native/scale_visible_sats8_3uav20gu_t250,,/home/sgy/workspace/sagin_marl/runs/phase3/scale_transfer/scale_transfer_zero_shot_20260701_210556/combined_summary.csv,scenario=scale_visible_sats8_3uav20gu_t250;kind=baseline;method=dpp_resource_hybrid_native;episode_seed_base=980000,980000,,64,64,64,codex/phase3-scenario-generalization,5da4c19abf148d92655d89a19a7319ec23d77b3c,ok,40.46072027320042,,,0.8590494606565915,,0.10767575811586277,,,,,8.488098714965398,12.027131721493324,339523944.671125,0.7595729233901952,,0.0,,0.0,250.0,0.8625639509679307,,,,,,,,,,,,,,,,,,,Nearby scale zero-shot; strict load issue rows should remain zero.
phase3_scale_transfer_zero_shot,scale_visible_sats8_3uav20gu_t250__baseline__topology_dpp_native_bw_sat_cached__980000,evaluation seed row,scale_visible_sats8_3uav20gu_t250,baseline,topology_dpp_native_bw_sat_cached,non_learning_baseline,,,,configs/experiments/phase3_generalization/scale_visible_sats8_3uav20gu_t250.yaml,,/home/sgy/workspace/sagin_marl/runs/phase3/scale_transfer/scale_transfer_zero_shot_20260701_210556,/home/sgy/workspace/sagin_marl/runs/phase3/scale_transfer/scale_transfer_zero_shot_20260701_210556/eval_seed980000/topology_dpp_native_bw_sat_cached/scale_visible_sats8_3uav20gu_t250,,/home/sgy/workspace/sagin_marl/runs/phase3/scale_transfer/scale_transfer_zero_shot_20260701_210556/combined_summary.csv,scenario=scale_visible_sats8_3uav20gu_t250;kind=baseline;method=topology_dpp_native_bw_sat_cached;episode_seed_base=980000,980000,,64,64,64,codex/phase3-scenario-generalization,5da4c19abf148d92655d89a19a7319ec23d77b3c,ok,40.278011293150485,,,0.8569451172921112,,0.10884381372397649,,,,,9.423643783528359,13.897699421809984,376945746.9915001,0.8237812549322846,,0.0,,0.0,250.0,0.8625639509679307,,,,,,,,,,,,,,,,,,,Nearby scale zero-shot; strict load issue rows should remain zero.
phase3_scale_transfer_zero_shot,scale_visible_sats8_3uav20gu_t250__baseline__full_topology_dpp_joint__980000,evaluation seed row,scale_visible_sats8_3uav20gu_t250,baseline,full_topology_dpp_joint,non_learning_baseline,,,,configs/experiments/phase3_generalization/scale_visible_sats8_3uav20gu_t250.yaml,,/home/sgy/workspace/sagin_marl/runs/phase3/scale_transfer/scale_transfer_zero_shot_20260701_210556,/home/sgy/workspace/sagin_marl/runs/phase3/scale_transfer/scale_transfer_zero_shot_20260701_210556/eval_seed980000/full_topology_dpp_joint/scale_visible_sats8_3uav20gu_t250,,/home/sgy/workspace/sagin_marl/runs/phase3/scale_transfer/scale_transfer_zero_shot_20260701_210556/combined_summary.csv,scenario=scale_visible_sats8_3uav20gu_t250;kind=baseline;method=full_topology_dpp_joint;episode_seed_base=980000,980000,,64,64,64,codex/phase3-scenario-generalization,5da4c19abf148d92655d89a19a7319ec23d77b3c,ok,24.96539024473168,,,0.4011805605912074,,0.438285085269399,,,,,14.942558767089272,45.834921653537755,597702343.4414072,0.981916667027399,,0.203125,,0.203125,205.171875,0.4011806085646936,,,,,,,,,,,,,,,,,,,Nearby scale zero-shot; strict load issue rows should remain zero.
phase3_scale_transfer_zero_shot,scale_num_gu10_3uav10gu_t250__learned__phase2_mc_seed45211_u400__981000,evaluation seed row,scale_num_gu10_3uav10gu_t250,learned,phase2_mc_seed45211_u400,learned_policy,45211,bootstrap_gae,400,configs/experiments/phase3_generalization/scale_num_gu10_3uav10gu_t250.yaml,/home/sgy/workspace/sagin_marl/runs/method_validation/horizon_fairness_mc_vs_bootstrap_threshold_u0_rep2_20260625_204118/mc_seed45211/checkpoint_update0400.pt,/home/sgy/workspace/sagin_marl/runs/phase3/scale_transfer/scale_transfer_zero_shot_20260701_210556,/home/sgy/workspace/sagin_marl/runs/phase3/scale_transfer/scale_transfer_zero_shot_20260701_210556/eval_seed981000/phase2_mc_seed45211_u400/scale_num_gu10_3uav10gu_t250,,/home/sgy/workspace/sagin_marl/runs/phase3/scale_transfer/scale_transfer_zero_shot_20260701_210556/combined_summary.csv,scenario=scale_num_gu10_3uav10gu_t250;kind=learned;method=phase2_mc_seed45211_u400;episode_seed_base=981000,981000,,64,64,64,codex/phase3-scenario-generalization,5da4c19abf148d92655d89a19a7319ec23d77b3c,ok,188.07622004812583,,,0.9917138619129546,,0.0015363290904351744,,,,,0.825857525478135,1.0608511932482676,16517150.3215,0.8983437552675602,,0.015625,,0.015625,246.34375,0.9917124433398791,,,,,,,,,,,,,,,,,,,Nearby scale zero-shot; strict load issue rows should remain zero.
phase3_scale_transfer_zero_shot,scale_num_gu10_3uav10gu_t250__learned__phase2_bootstrap_seed45211_u575__981000,evaluation seed row,scale_num_gu10_3uav10gu_t250,learned,phase2_bootstrap_seed45211_u575,learned_policy,45211,bootstrap_gae,575,configs/experiments/phase3_generalization/scale_num_gu10_3uav10gu_t250.yaml,/home/sgy/workspace/sagin_marl/runs/method_validation/horizon_fairness_mc_vs_bootstrap_threshold_u0_rep2_20260625_204118/bootstrap_seed45211/checkpoint_update0575.pt,/home/sgy/workspace/sagin_marl/runs/phase3/scale_transfer/scale_transfer_zero_shot_20260701_210556,/home/sgy/workspace/sagin_marl/runs/phase3/scale_transfer/scale_transfer_zero_shot_20260701_210556/eval_seed981000/phase2_bootstrap_seed45211_u575/scale_num_gu10_3uav10gu_t250,,/home/sgy/workspace/sagin_marl/runs/phase3/scale_transfer/scale_transfer_zero_shot_20260701_210556/combined_summary.csv,scenario=scale_num_gu10_3uav10gu_t250;kind=learned;method=phase2_bootstrap_seed45211_u575;episode_seed_base=981000,981000,,64,64,64,codex/phase3-scenario-generalization,5da4c19abf148d92655d89a19a7319ec23d77b3c,ok,208.92118502990343,,,0.9867693128837274,,0.002562190155847929,,,,,0.9817333934406652,1.2484559086465874,19634667.616625,0.696375013574958,,0.015625,,0.015625,246.109375,0.9867693922632778,,,,,,,,,,,,,,,,,,,Nearby scale zero-shot; strict load issue rows should remain zero.
phase3_scale_transfer_zero_shot,scale_num_gu10_3uav10gu_t250__baseline__queue_aware__981000,evaluation seed row,scale_num_gu10_3uav10gu_t250,baseline,queue_aware,non_learning_baseline,,,,configs/experiments/phase3_generalization/scale_num_gu10_3uav10gu_t250.yaml,,/home/sgy/workspace/sagin_marl/runs/phase3/scale_transfer/scale_transfer_zero_shot_20260701_210556,/home/sgy/workspace/sagin_marl/runs/phase3/scale_transfer/scale_transfer_zero_shot_20260701_210556/eval_seed981000/queue_aware/scale_num_gu10_3uav10gu_t250,,/home/sgy/workspace/sagin_marl/runs/phase3/scale_transfer/scale_transfer_zero_shot_20260701_210556/combined_summary.csv,scenario=scale_num_gu10_3uav10gu_t250;kind=baseline;method=queue_aware;episode_seed_base=981000,981000,,64,64,64,codex/phase3-scenario-generalization,5da4c19abf148d92655d89a19a7319ec23d77b3c,ok,23.281084231915884,,,0.6988467295063076,,0.1042546796313274,,,,,13.853197416076934,25.18803667695054,277063945.0112853,0.9679050935268465,,0.734375,,0.734375,145.78125,0.6997652032104491,,,,,,,,,,,,,,,,,,,Nearby scale zero-shot; strict load issue rows should remain zero.
phase3_scale_transfer_zero_shot,scale_num_gu10_3uav10gu_t250__baseline__observable_cluster_queue_aware__981000,evaluation seed row,scale_num_gu10_3uav10gu_t250,baseline,observable_cluster_queue_aware,non_learning_baseline,,,,configs/experiments/phase3_generalization/scale_num_gu10_3uav10gu_t250.yaml,,/home/sgy/workspace/sagin_marl/runs/phase3/scale_transfer/scale_transfer_zero_shot_20260701_210556,/home/sgy/workspace/sagin_marl/runs/phase3/scale_transfer/scale_transfer_zero_shot_20260701_210556/eval_seed981000/observable_cluster_queue_aware/scale_num_gu10_3uav10gu_t250,,/home/sgy/workspace/sagin_marl/runs/phase3/scale_transfer/scale_transfer_zero_shot_20260701_210556/combined_summary.csv,scenario=scale_num_gu10_3uav10gu_t250;kind=baseline;method=observable_cluster_queue_aware;episode_seed_base=981000,981000,,64,64,64,codex/phase3-scenario-generalization,5da4c19abf148d92655d89a19a7319ec23d77b3c,ok,42.90937355661299,,,0.8737019408997342,,0.059489830146478705,,,,,8.036066070280143,13.222409605282353,160721319.4784287,0.8652303516926326,,0.234375,,0.234375,217.171875,0.8740981395654532,,,,,,,,,,,,,,,,,,,Nearby scale zero-shot; strict load issue rows should remain zero.
phase3_scale_transfer_zero_shot,scale_num_gu10_3uav10gu_t250__baseline__cluster_center_queue_aware__981000,evaluation seed row,scale_num_gu10_3uav10gu_t250,baseline,cluster_center_queue_aware,non_learning_baseline,,,,configs/experiments/phase3_generalization/scale_num_gu10_3uav10gu_t250.yaml,,/home/sgy/workspace/sagin_marl/runs/phase3/scale_transfer/scale_transfer_zero_shot_20260701_210556,/home/sgy/workspace/sagin_marl/runs/phase3/scale_transfer/scale_transfer_zero_shot_20260701_210556/eval_seed981000/cluster_center_queue_aware/scale_num_gu10_3uav10gu_t250,,/home/sgy/workspace/sagin_marl/runs/phase3/scale_transfer/scale_transfer_zero_shot_20260701_210556/combined_summary.csv,scenario=scale_num_gu10_3uav10gu_t250;kind=baseline;method=cluster_center_queue_aware;episode_seed_base=981000,981000,,64,64,64,codex/phase3-scenario-generalization,5da4c19abf148d92655d89a19a7319ec23d77b3c,ok,89.34001284907572,,,0.9801163253934593,,0.00948034636461034,,,,,2.776961047665973,4.062039342926147,55539220.25705525,0.7550000067874795,,0.03125,,0.03125,244.828125,0.9801149253546286,,,,,,,,,,,,,,,,,,,Nearby scale zero-shot; strict load issue rows should remain zero.
phase3_scale_transfer_zero_shot,scale_num_gu10_3uav10gu_t250__baseline__maxweight_lyapunov__981000,evaluation seed row,scale_num_gu10_3uav10gu_t250,baseline,maxweight_lyapunov,non_learning_baseline,,,,configs/experiments/phase3_generalization/scale_num_gu10_3uav10gu_t250.yaml,,/home/sgy/workspace/sagin_marl/runs/phase3/scale_transfer/scale_transfer_zero_shot_20260701_210556,/home/sgy/workspace/sagin_marl/runs/phase3/scale_transfer/scale_transfer_zero_shot_20260701_210556/eval_seed981000/maxweight_lyapunov/scale_num_gu10_3uav10gu_t250,,/home/sgy/workspace/sagin_marl/runs/phase3/scale_transfer/scale_transfer_zero_shot_20260701_210556/combined_summary.csv,scenario=scale_num_gu10_3uav10gu_t250;kind=baseline;method=maxweight_lyapunov;episode_seed_base=981000,981000,,64,64,64,codex/phase3-scenario-generalization,5da4c19abf148d92655d89a19a7319ec23d77b3c,ok,74.39063662558328,,,0.9708973712546284,,0.0170571441529446,,,,,3.839078014560771,5.470730117724742,76781559.39631248,0.9910312505252654,,0.0,,0.0,250.0,0.9708961995789945,,,,,,,,,,,,,,,,,,,Nearby scale zero-shot; strict load issue rows should remain zero.
phase3_scale_transfer_zero_shot,scale_num_gu10_3uav10gu_t250__baseline__dpp_resource_hybrid_native__981000,evaluation seed row,scale_num_gu10_3uav10gu_t250,baseline,dpp_resource_hybrid_native,non_learning_baseline,,,,configs/experiments/phase3_generalization/scale_num_gu10_3uav10gu_t250.yaml,,/home/sgy/workspace/sagin_marl/runs/phase3/scale_transfer/scale_transfer_zero_shot_20260701_210556,/home/sgy/workspace/sagin_marl/runs/phase3/scale_transfer/scale_transfer_zero_shot_20260701_210556/eval_seed981000/dpp_resource_hybrid_native/scale_num_gu10_3uav10gu_t250,,/home/sgy/workspace/sagin_marl/runs/phase3/scale_transfer/scale_transfer_zero_shot_20260701_210556/combined_summary.csv,scenario=scale_num_gu10_3uav10gu_t250;kind=baseline;method=dpp_resource_hybrid_native;episode_seed_base=981000,981000,,64,64,64,codex/phase3-scenario-generalization,5da4c19abf148d92655d89a19a7319ec23d77b3c,ok,116.56756744533777,,,0.9827533532741972,,0.009398658513357076,,,,,3.0541988037065497,4.279962570301504,61083975.29663526,0.7550000067874795,,0.03125,,0.03125,244.828125,0.9827730986962324,,,,,,,,,,,,,,,,,,,Nearby scale zero-shot; strict load issue rows should remain zero.
phase3_scale_transfer_zero_shot,scale_num_gu10_3uav10gu_t250__baseline__topology_dpp_native_bw_sat_cached__981000,evaluation seed row,scale_num_gu10_3uav10gu_t250,baseline,topology_dpp_native_bw_sat_cached,non_learning_baseline,,,,configs/experiments/phase3_generalization/scale_num_gu10_3uav10gu_t250.yaml,,/home/sgy/workspace/sagin_marl/runs/phase3/scale_transfer/scale_transfer_zero_shot_20260701_210556,/home/sgy/workspace/sagin_marl/runs/phase3/scale_transfer/scale_transfer_zero_shot_20260701_210556/eval_seed981000/topology_dpp_native_bw_sat_cached/scale_num_gu10_3uav10gu_t250,,/home/sgy/workspace/sagin_marl/runs/phase3/scale_transfer/scale_transfer_zero_shot_20260701_210556/combined_summary.csv,scenario=scale_num_gu10_3uav10gu_t250;kind=baseline;method=topology_dpp_native_bw_sat_cached;episode_seed_base=981000,981000,,64,64,64,codex/phase3-scenario-generalization,5da4c19abf148d92655d89a19a7319ec23d77b3c,ok,116.25633328221738,,,0.9827744625649422,,0.009398658513357076,,,,,3.0676360078508718,4.287711233907373,61352719.377051115,0.9859791670534759,,0.03125,,0.03125,244.828125,0.9827730986962324,,,,,,,,,,,,,,,,,,,Nearby scale zero-shot; strict load issue rows should remain zero.
phase3_scale_transfer_zero_shot,scale_num_gu10_3uav10gu_t250__baseline__full_topology_dpp_joint__981000,evaluation seed row,scale_num_gu10_3uav10gu_t250,baseline,full_topology_dpp_joint,non_learning_baseline,,,,configs/experiments/phase3_generalization/scale_num_gu10_3uav10gu_t250.yaml,,/home/sgy/workspace/sagin_marl/runs/phase3/scale_transfer/scale_transfer_zero_shot_20260701_210556,/home/sgy/workspace/sagin_marl/runs/phase3/scale_transfer/scale_transfer_zero_shot_20260701_210556/eval_seed981000/full_topology_dpp_joint/scale_num_gu10_3uav10gu_t250,,/home/sgy/workspace/sagin_marl/runs/phase3/scale_transfer/scale_transfer_zero_shot_20260701_210556/combined_summary.csv,scenario=scale_num_gu10_3uav10gu_t250;kind=baseline;method=full_topology_dpp_joint;episode_seed_base=981000,981000,,64,64,64,codex/phase3-scenario-generalization,5da4c19abf148d92655d89a19a7319ec23d77b3c,ok,29.778477531508543,,,0.6342957104761257,,0.1773678174325957,,,,,19.73317385335351,37.541747521703805,394663472.0047212,0.9907916668932886,,0.25,,0.25,197.671875,0.6343127875452217,,,,,,,,,,,,,,,,,,,Nearby scale zero-shot; strict load issue rows should remain zero.
phase3_scale_transfer_zero_shot,scale_num_gu30_3uav30gu_t250__learned__phase2_mc_seed45211_u400__981000,evaluation seed row,scale_num_gu30_3uav30gu_t250,learned,phase2_mc_seed45211_u400,learned_policy,45211,bootstrap_gae,400,configs/experiments/phase3_generalization/scale_num_gu30_3uav30gu_t250.yaml,/home/sgy/workspace/sagin_marl/runs/method_validation/horizon_fairness_mc_vs_bootstrap_threshold_u0_rep2_20260625_204118/mc_seed45211/checkpoint_update0400.pt,/home/sgy/workspace/sagin_marl/runs/phase3/scale_transfer/scale_transfer_zero_shot_20260701_210556,/home/sgy/workspace/sagin_marl/runs/phase3/scale_transfer/scale_transfer_zero_shot_20260701_210556/eval_seed981000/phase2_mc_seed45211_u400/scale_num_gu30_3uav30gu_t250,,/home/sgy/workspace/sagin_marl/runs/phase3/scale_transfer/scale_transfer_zero_shot_20260701_210556/combined_summary.csv,scenario=scale_num_gu30_3uav30gu_t250;kind=learned;method=phase2_mc_seed45211_u400;episode_seed_base=981000,981000,,64,64,64,codex/phase3-scenario-generalization,5da4c19abf148d92655d89a19a7319ec23d77b3c,ok,40.70023284642957,,,0.623468411383219,,0.3409327673952297,,,,,6.7132581600248855,12.022186908773145,402795500.4745,0.9072187552303078,,0.0,,0.0,250.0,0.6387589348700374,,,,,,,,,,,,,,,,,,,Nearby scale zero-shot; strict load issue rows should remain zero.
phase3_scale_transfer_zero_shot,scale_num_gu30_3uav30gu_t250__learned__phase2_bootstrap_seed45211_u575__981000,evaluation seed row,scale_num_gu30_3uav30gu_t250,learned,phase2_bootstrap_seed45211_u575,learned_policy,45211,bootstrap_gae,575,configs/experiments/phase3_generalization/scale_num_gu30_3uav30gu_t250.yaml,/home/sgy/workspace/sagin_marl/runs/method_validation/horizon_fairness_mc_vs_bootstrap_threshold_u0_rep2_20260625_204118/bootstrap_seed45211/checkpoint_update0575.pt,/home/sgy/workspace/sagin_marl/runs/phase3/scale_transfer/scale_transfer_zero_shot_20260701_210556,/home/sgy/workspace/sagin_marl/runs/phase3/scale_transfer/scale_transfer_zero_shot_20260701_210556/eval_seed981000/phase2_bootstrap_seed45211_u575/scale_num_gu30_3uav30gu_t250,,/home/sgy/workspace/sagin_marl/runs/phase3/scale_transfer/scale_transfer_zero_shot_20260701_210556/combined_summary.csv,scenario=scale_num_gu30_3uav30gu_t250;kind=learned;method=phase2_bootstrap_seed45211_u575;episode_seed_base=981000,981000,,64,64,64,codex/phase3-scenario-generalization,5da4c19abf148d92655d89a19a7319ec23d77b3c,ok,40.10933189850766,,,0.6390168272568842,,0.32987228616006153,,,,,5.742868656730275,10.716012238413093,344572127.80525,0.7445312619116158,,0.015625,,0.015625,246.109375,0.6396744763146689,,,,,,,,,,,,,,,,,,,Nearby scale zero-shot; strict load issue rows should remain zero.
phase3_scale_transfer_zero_shot,scale_num_gu30_3uav30gu_t250__baseline__queue_aware__981000,evaluation seed row,scale_num_gu30_3uav30gu_t250,baseline,queue_aware,non_learning_baseline,,,,configs/experiments/phase3_generalization/scale_num_gu30_3uav30gu_t250.yaml,,/home/sgy/workspace/sagin_marl/runs/phase3/scale_transfer/scale_transfer_zero_shot_20260701_210556,/home/sgy/workspace/sagin_marl/runs/phase3/scale_transfer/scale_transfer_zero_shot_20260701_210556/eval_seed981000/queue_aware/scale_num_gu30_3uav30gu_t250,,/home/sgy/workspace/sagin_marl/runs/phase3/scale_transfer/scale_transfer_zero_shot_20260701_210556/combined_summary.csv,scenario=scale_num_gu30_3uav30gu_t250;kind=baseline;method=queue_aware;episode_seed_base=981000,981000,,64,64,64,codex/phase3-scenario-generalization,5da4c19abf148d92655d89a19a7319ec23d77b3c,ok,19.9527805786347,,,0.34747359900000613,,0.5346218744394937,,,,,7.98757557621996,27.37850549072478,479254545.79605335,0.9552379088612243,,0.640625,,0.640625,151.703125,0.34752900742620046,,,,,,,,,,,,,,,,,,,Nearby scale zero-shot; strict load issue rows should remain zero.
phase3_scale_transfer_zero_shot,scale_num_gu30_3uav30gu_t250__baseline__observable_cluster_queue_aware__981000,evaluation seed row,scale_num_gu30_3uav30gu_t250,baseline,observable_cluster_queue_aware,non_learning_baseline,,,,configs/experiments/phase3_generalization/scale_num_gu30_3uav30gu_t250.yaml,,/home/sgy/workspace/sagin_marl/runs/phase3/scale_transfer/scale_transfer_zero_shot_20260701_210556,/home/sgy/workspace/sagin_marl/runs/phase3/scale_transfer/scale_transfer_zero_shot_20260701_210556/eval_seed981000/observable_cluster_queue_aware/scale_num_gu30_3uav30gu_t250,,/home/sgy/workspace/sagin_marl/runs/phase3/scale_transfer/scale_transfer_zero_shot_20260701_210556/combined_summary.csv,scenario=scale_num_gu30_3uav30gu_t250;kind=baseline;method=observable_cluster_queue_aware;episode_seed_base=981000,981000,,64,64,64,codex/phase3-scenario-generalization,5da4c19abf148d92655d89a19a7319ec23d77b3c,ok,29.451362678199075,,,0.43142246757318975,,0.5114280639345767,,,,,7.313374928314568,19.84250534830105,438802506.3734903,0.861636046373778,,0.296875,,0.296875,210.75,0.43185098520181076,,,,,,,,,,,,,,,,,,,Nearby scale zero-shot; strict load issue rows should remain zero.
phase3_scale_transfer_zero_shot,scale_num_gu30_3uav30gu_t250__baseline__cluster_center_queue_aware__981000,evaluation seed row,scale_num_gu30_3uav30gu_t250,baseline,cluster_center_queue_aware,non_learning_baseline,,,,configs/experiments/phase3_generalization/scale_num_gu30_3uav30gu_t250.yaml,,/home/sgy/workspace/sagin_marl/runs/phase3/scale_transfer/scale_transfer_zero_shot_20260701_210556,/home/sgy/workspace/sagin_marl/runs/phase3/scale_transfer/scale_transfer_zero_shot_20260701_210556/eval_seed981000/cluster_center_queue_aware/scale_num_gu30_3uav30gu_t250,,/home/sgy/workspace/sagin_marl/runs/phase3/scale_transfer/scale_transfer_zero_shot_20260701_210556/combined_summary.csv,scenario=scale_num_gu30_3uav30gu_t250;kind=baseline;method=cluster_center_queue_aware;episode_seed_base=981000,981000,,64,64,64,codex/phase3-scenario-generalization,5da4c19abf148d92655d89a19a7319ec23d77b3c,ok,39.40090071049053,,,0.6108829505376052,,0.3495525631966928,,,,,7.141612374146005,13.682722395475022,428496752.8953751,0.7513541735745971,,0.0,,0.0,250.0,0.6287175271478446,,,,,,,,,,,,,,,,,,,Nearby scale zero-shot; strict load issue rows should remain zero.
phase3_scale_transfer_zero_shot,scale_num_gu30_3uav30gu_t250__baseline__maxweight_lyapunov__981000,evaluation seed row,scale_num_gu30_3uav30gu_t250,baseline,maxweight_lyapunov,non_learning_baseline,,,,configs/experiments/phase3_generalization/scale_num_gu30_3uav30gu_t250.yaml,,/home/sgy/workspace/sagin_marl/runs/phase3/scale_transfer/scale_transfer_zero_shot_20260701_210556,/home/sgy/workspace/sagin_marl/runs/phase3/scale_transfer/scale_transfer_zero_shot_20260701_210556/eval_seed981000/maxweight_lyapunov/scale_num_gu30_3uav30gu_t250,,/home/sgy/workspace/sagin_marl/runs/phase3/scale_transfer/scale_transfer_zero_shot_20260701_210556/combined_summary.csv,scenario=scale_num_gu30_3uav30gu_t250;kind=baseline;method=maxweight_lyapunov;episode_seed_base=981000,981000,,64,64,64,codex/phase3-scenario-generalization,5da4c19abf148d92655d89a19a7319ec23d77b3c,ok,37.8252738842275,,,0.5694427145003574,,0.39402575826714364,,,,,7.233376136995385,14.321275555015545,434002578.7841248,0.967166668571532,,0.0,,0.0,250.0,0.5818829633033297,,,,,,,,,,,,,,,,,,,Nearby scale zero-shot; strict load issue rows should remain zero.
phase3_scale_transfer_zero_shot,scale_num_gu30_3uav30gu_t250__baseline__dpp_resource_hybrid_native__981000,evaluation seed row,scale_num_gu30_3uav30gu_t250,baseline,dpp_resource_hybrid_native,non_learning_baseline,,,,configs/experiments/phase3_generalization/scale_num_gu30_3uav30gu_t250.yaml,,/home/sgy/workspace/sagin_marl/runs/phase3/scale_transfer/scale_transfer_zero_shot_20260701_210556,/home/sgy/workspace/sagin_marl/runs/phase3/scale_transfer/scale_transfer_zero_shot_20260701_210556/eval_seed981000/dpp_resource_hybrid_native/scale_num_gu30_3uav30gu_t250,,/home/sgy/workspace/sagin_marl/runs/phase3/scale_transfer/scale_transfer_zero_shot_20260701_210556/combined_summary.csv,scenario=scale_num_gu30_3uav30gu_t250;kind=baseline;method=dpp_resource_hybrid_native;episode_seed_base=981000,981000,,64,64,64,codex/phase3-scenario-generalization,5da4c19abf148d92655d89a19a7319ec23d77b3c,ok,34.29635224409867,,,0.5950699694845825,,0.3674554905506609,,,,,7.533987136762588,14.731101368673144,452039238.997125,0.7513541735745971,,0.0,,0.0,250.0,0.6064304657292757,,,,,,,,,,,,,,,,,,,Nearby scale zero-shot; strict load issue rows should remain zero.
phase3_scale_transfer_zero_shot,scale_num_gu30_3uav30gu_t250__baseline__topology_dpp_native_bw_sat_cached__981000,evaluation seed row,scale_num_gu30_3uav30gu_t250,baseline,topology_dpp_native_bw_sat_cached,non_learning_baseline,,,,configs/experiments/phase3_generalization/scale_num_gu30_3uav30gu_t250.yaml,,/home/sgy/workspace/sagin_marl/runs/phase3/scale_transfer/scale_transfer_zero_shot_20260701_210556,/home/sgy/workspace/sagin_marl/runs/phase3/scale_transfer/scale_transfer_zero_shot_20260701_210556/eval_seed981000/topology_dpp_native_bw_sat_cached/scale_num_gu30_3uav30gu_t250,,/home/sgy/workspace/sagin_marl/runs/phase3/scale_transfer/scale_transfer_zero_shot_20260701_210556/combined_summary.csv,scenario=scale_num_gu30_3uav30gu_t250;kind=baseline;method=topology_dpp_native_bw_sat_cached;episode_seed_base=981000,981000,,64,64,64,codex/phase3-scenario-generalization,5da4c19abf148d92655d89a19a7319ec23d77b3c,ok,34.20944294636138,,,0.5987434123265558,,0.371078227210173,,,,,9.308453514378519,18.946254720412195,558507224.2661251,0.6540104255527257,,0.0,,0.0,250.0,0.6064304657292757,,,,,,,,,,,,,,,,,,,Nearby scale zero-shot; strict load issue rows should remain zero.
phase3_scale_transfer_zero_shot,scale_num_gu30_3uav30gu_t250__baseline__full_topology_dpp_joint__981000,evaluation seed row,scale_num_gu30_3uav30gu_t250,baseline,full_topology_dpp_joint,non_learning_baseline,,,,configs/experiments/phase3_generalization/scale_num_gu30_3uav30gu_t250.yaml,,/home/sgy/workspace/sagin_marl/runs/phase3/scale_transfer/scale_transfer_zero_shot_20260701_210556,/home/sgy/workspace/sagin_marl/runs/phase3/scale_transfer/scale_transfer_zero_shot_20260701_210556/eval_seed981000/full_topology_dpp_joint/scale_num_gu30_3uav30gu_t250,,/home/sgy/workspace/sagin_marl/runs/phase3/scale_transfer/scale_transfer_zero_shot_20260701_210556/combined_summary.csv,scenario=scale_num_gu30_3uav30gu_t250;kind=baseline;method=full_topology_dpp_joint;episode_seed_base=981000,981000,,64,64,64,codex/phase3-scenario-generalization,5da4c19abf148d92655d89a19a7319ec23d77b3c,ok,22.030591251212172,,,0.2825592386462309,,0.6115523968009273,,,,,9.924616503238388,44.073346568357955,595477004.2892491,0.9829791670888663,,0.25,,0.25,197.796875,0.2836480230116445,,,,,,,,,,,,,,,,,,,Nearby scale zero-shot; strict load issue rows should remain zero.
phase3_scale_transfer_zero_shot,scale_num_uav2_2uav20gu_t250__learned__phase2_mc_seed45211_u400__981000,evaluation seed row,scale_num_uav2_2uav20gu_t250,learned,phase2_mc_seed45211_u400,learned_policy,45211,bootstrap_gae,400,configs/experiments/phase3_generalization/scale_num_uav2_2uav20gu_t250.yaml,/home/sgy/workspace/sagin_marl/runs/method_validation/horizon_fairness_mc_vs_bootstrap_threshold_u0_rep2_20260625_204118/mc_seed45211/checkpoint_update0400.pt,/home/sgy/workspace/sagin_marl/runs/phase3/scale_transfer/scale_transfer_zero_shot_20260701_210556,/home/sgy/workspace/sagin_marl/runs/phase3/scale_transfer/scale_transfer_zero_shot_20260701_210556/eval_seed981000/phase2_mc_seed45211_u400/scale_num_uav2_2uav20gu_t250,,/home/sgy/workspace/sagin_marl/runs/phase3/scale_transfer/scale_transfer_zero_shot_20260701_210556/combined_summary.csv,scenario=scale_num_uav2_2uav20gu_t250;kind=learned;method=phase2_mc_seed45211_u400;episode_seed_base=981000,981000,,64,64,64,codex/phase3-scenario-generalization,5da4c19abf148d92655d89a19a7319ec23d77b3c,ok,37.5867120467592,,,0.6734769694169519,,0.27758073192517413,,,,,10.653225690434686,19.042411242424517,426129022.42624974,0.8683124999999997,,0.0,,0.0,250.0,0.6738092876593345,,,,,,,,,,,,,,,,,,,Nearby scale zero-shot; strict load issue rows should remain zero.
phase3_scale_transfer_zero_shot,scale_num_uav2_2uav20gu_t250__learned__phase2_bootstrap_seed45211_u575__981000,evaluation seed row,scale_num_uav2_2uav20gu_t250,learned,phase2_bootstrap_seed45211_u575,learned_policy,45211,bootstrap_gae,575,configs/experiments/phase3_generalization/scale_num_uav2_2uav20gu_t250.yaml,/home/sgy/workspace/sagin_marl/runs/method_validation/horizon_fairness_mc_vs_bootstrap_threshold_u0_rep2_20260625_204118/bootstrap_seed45211/checkpoint_update0575.pt,/home/sgy/workspace/sagin_marl/runs/phase3/scale_transfer/scale_transfer_zero_shot_20260701_210556,/home/sgy/workspace/sagin_marl/runs/phase3/scale_transfer/scale_transfer_zero_shot_20260701_210556/eval_seed981000/phase2_bootstrap_seed45211_u575/scale_num_uav2_2uav20gu_t250,,/home/sgy/workspace/sagin_marl/runs/phase3/scale_transfer/scale_transfer_zero_shot_20260701_210556/combined_summary.csv,scenario=scale_num_uav2_2uav20gu_t250;kind=learned;method=phase2_bootstrap_seed45211_u575;episode_seed_base=981000,981000,,64,64,64,codex/phase3-scenario-generalization,5da4c19abf148d92655d89a19a7319ec23d77b3c,ok,37.58181455009617,,,0.67910205625277,,0.2739308977368345,,,,,10.681226359113122,19.161273293271663,427249049.24406254,0.7495937500000002,,0.0,,0.0,250.0,0.6791197757780456,,,,,,,,,,,,,,,,,,,Nearby scale zero-shot; strict load issue rows should remain zero.
phase3_scale_transfer_zero_shot,scale_num_uav2_2uav20gu_t250__baseline__queue_aware__981000,evaluation seed row,scale_num_uav2_2uav20gu_t250,baseline,queue_aware,non_learning_baseline,,,,configs/experiments/phase3_generalization/scale_num_uav2_2uav20gu_t250.yaml,,/home/sgy/workspace/sagin_marl/runs/phase3/scale_transfer/scale_transfer_zero_shot_20260701_210556,/home/sgy/workspace/sagin_marl/runs/phase3/scale_transfer/scale_transfer_zero_shot_20260701_210556/eval_seed981000/queue_aware/scale_num_uav2_2uav20gu_t250,,/home/sgy/workspace/sagin_marl/runs/phase3/scale_transfer/scale_transfer_zero_shot_20260701_210556/combined_summary.csv,scenario=scale_num_uav2_2uav20gu_t250;kind=baseline;method=queue_aware;episode_seed_base=981000,981000,,64,64,64,codex/phase3-scenario-generalization,5da4c19abf148d92655d89a19a7319ec23d77b3c,ok,29.98859609430656,,,0.4778711189923045,,0.42647072699720917,,,,,14.242857756946858,33.67671863788356,569714303.6569569,0.9669786324786325,,0.203125,,0.203125,225.390625,0.47795948399995863,,,,,,,,,,,,,,,,,,,Nearby scale zero-shot; strict load issue rows should remain zero.
phase3_scale_transfer_zero_shot,scale_num_uav2_2uav20gu_t250__baseline__observable_cluster_queue_aware__981000,evaluation seed row,scale_num_uav2_2uav20gu_t250,baseline,observable_cluster_queue_aware,non_learning_baseline,,,,configs/experiments/phase3_generalization/scale_num_uav2_2uav20gu_t250.yaml,,/home/sgy/workspace/sagin_marl/runs/phase3/scale_transfer/scale_transfer_zero_shot_20260701_210556,/home/sgy/workspace/sagin_marl/runs/phase3/scale_transfer/scale_transfer_zero_shot_20260701_210556/eval_seed981000/observable_cluster_queue_aware/scale_num_uav2_2uav20gu_t250,,/home/sgy/workspace/sagin_marl/runs/phase3/scale_transfer/scale_transfer_zero_shot_20260701_210556/combined_summary.csv,scenario=scale_num_uav2_2uav20gu_t250;kind=baseline;method=observable_cluster_queue_aware;episode_seed_base=981000,981000,,64,64,64,codex/phase3-scenario-generalization,5da4c19abf148d92655d89a19a7319ec23d77b3c,ok,34.56633632967714,,,0.6143309283550265,,0.32671552969374046,,,,,12.579879450119817,24.039315053489172,503195171.9547799,0.8601562500000001,,0.03125,,0.03125,246.734375,0.6143484545212039,,,,,,,,,,,,,,,,,,,Nearby scale zero-shot; strict load issue rows should remain zero.
phase3_scale_transfer_zero_shot,scale_num_uav2_2uav20gu_t250__baseline__cluster_center_queue_aware__981000,evaluation seed row,scale_num_uav2_2uav20gu_t250,baseline,cluster_center_queue_aware,non_learning_baseline,,,,configs/experiments/phase3_generalization/scale_num_uav2_2uav20gu_t250.yaml,,/home/sgy/workspace/sagin_marl/runs/phase3/scale_transfer/scale_transfer_zero_shot_20260701_210556,/home/sgy/workspace/sagin_marl/runs/phase3/scale_transfer/scale_transfer_zero_shot_20260701_210556/eval_seed981000/cluster_center_queue_aware/scale_num_uav2_2uav20gu_t250,,/home/sgy/workspace/sagin_marl/runs/phase3/scale_transfer/scale_transfer_zero_shot_20260701_210556/combined_summary.csv,scenario=scale_num_uav2_2uav20gu_t250;kind=baseline;method=cluster_center_queue_aware;episode_seed_base=981000,981000,,64,64,64,codex/phase3-scenario-generalization,5da4c19abf148d92655d89a19a7319ec23d77b3c,ok,36.938381992746145,,,0.770092867478961,,0.18679137382663827,,,,,9.990920361656697,14.941983725863503,399636809.7853749,0.8935625000000001,,0.0,,0.0,250.0,0.7719800880779945,,,,,,,,,,,,,,,,,,,Nearby scale zero-shot; strict load issue rows should remain zero.
phase3_scale_transfer_zero_shot,scale_num_uav2_2uav20gu_t250__baseline__maxweight_lyapunov__981000,evaluation seed row,scale_num_uav2_2uav20gu_t250,baseline,maxweight_lyapunov,non_learning_baseline,,,,configs/experiments/phase3_generalization/scale_num_uav2_2uav20gu_t250.yaml,,/home/sgy/workspace/sagin_marl/runs/phase3/scale_transfer/scale_transfer_zero_shot_20260701_210556,/home/sgy/workspace/sagin_marl/runs/phase3/scale_transfer/scale_transfer_zero_shot_20260701_210556/eval_seed981000/maxweight_lyapunov/scale_num_uav2_2uav20gu_t250,,/home/sgy/workspace/sagin_marl/runs/phase3/scale_transfer/scale_transfer_zero_shot_20260701_210556/combined_summary.csv,scenario=scale_num_uav2_2uav20gu_t250;kind=baseline;method=maxweight_lyapunov;episode_seed_base=981000,981000,,64,64,64,codex/phase3-scenario-generalization,5da4c19abf148d92655d89a19a7319ec23d77b3c,ok,36.20692561904434,,,0.733315557617694,,0.2165510372099862,,,,,11.528964856439272,18.818910377604894,461158588.83256245,0.9837187500000001,,0.0,,0.0,250.0,0.7337631498050995,,,,,,,,,,,,,,,,,,,Nearby scale zero-shot; strict load issue rows should remain zero.
phase3_scale_transfer_zero_shot,scale_num_uav2_2uav20gu_t250__baseline__dpp_resource_hybrid_native__981000,evaluation seed row,scale_num_uav2_2uav20gu_t250,baseline,dpp_resource_hybrid_native,non_learning_baseline,,,,configs/experiments/phase3_generalization/scale_num_uav2_2uav20gu_t250.yaml,,/home/sgy/workspace/sagin_marl/runs/phase3/scale_transfer/scale_transfer_zero_shot_20260701_210556,/home/sgy/workspace/sagin_marl/runs/phase3/scale_transfer/scale_transfer_zero_shot_20260701_210556/eval_seed981000/dpp_resource_hybrid_native/scale_num_uav2_2uav20gu_t250,,/home/sgy/workspace/sagin_marl/runs/phase3/scale_transfer/scale_transfer_zero_shot_20260701_210556/combined_summary.csv,scenario=scale_num_uav2_2uav20gu_t250;kind=baseline;method=dpp_resource_hybrid_native;episode_seed_base=981000,981000,,64,64,64,codex/phase3-scenario-generalization,5da4c19abf148d92655d89a19a7319ec23d77b3c,ok,32.767657052958384,,,0.6938558350069215,,0.2461991558917522,,,,,13.835051264135164,23.21619644456357,553402044.021125,0.8935625000000001,,0.0,,0.0,250.0,0.6941145710152994,,,,,,,,,,,,,,,,,,,Nearby scale zero-shot; strict load issue rows should remain zero.
phase3_scale_transfer_zero_shot,scale_num_uav2_2uav20gu_t250__baseline__topology_dpp_native_bw_sat_cached__981000,evaluation seed row,scale_num_uav2_2uav20gu_t250,baseline,topology_dpp_native_bw_sat_cached,non_learning_baseline,,,,configs/experiments/phase3_generalization/scale_num_uav2_2uav20gu_t250.yaml,,/home/sgy/workspace/sagin_marl/runs/phase3/scale_transfer/scale_transfer_zero_shot_20260701_210556,/home/sgy/workspace/sagin_marl/runs/phase3/scale_transfer/scale_transfer_zero_shot_20260701_210556/eval_seed981000/topology_dpp_native_bw_sat_cached/scale_num_uav2_2uav20gu_t250,,/home/sgy/workspace/sagin_marl/runs/phase3/scale_transfer/scale_transfer_zero_shot_20260701_210556/combined_summary.csv,scenario=scale_num_uav2_2uav20gu_t250;kind=baseline;method=topology_dpp_native_bw_sat_cached;episode_seed_base=981000,981000,,64,64,64,codex/phase3-scenario-generalization,5da4c19abf148d92655d89a19a7319ec23d77b3c,ok,32.76029123098124,,,0.6937735669690883,,0.2461991558917522,,,,,13.850792748121547,23.25195616929979,554031703.3791251,0.99575,,0.0,,0.0,250.0,0.6941145710152994,,,,,,,,,,,,,,,,,,,Nearby scale zero-shot; strict load issue rows should remain zero.
phase3_scale_transfer_zero_shot,scale_num_uav2_2uav20gu_t250__baseline__full_topology_dpp_joint__981000,evaluation seed row,scale_num_uav2_2uav20gu_t250,baseline,full_topology_dpp_joint,non_learning_baseline,,,,configs/experiments/phase3_generalization/scale_num_uav2_2uav20gu_t250.yaml,,/home/sgy/workspace/sagin_marl/runs/phase3/scale_transfer/scale_transfer_zero_shot_20260701_210556,/home/sgy/workspace/sagin_marl/runs/phase3/scale_transfer/scale_transfer_zero_shot_20260701_210556/eval_seed981000/full_topology_dpp_joint/scale_num_uav2_2uav20gu_t250,,/home/sgy/workspace/sagin_marl/runs/phase3/scale_transfer/scale_transfer_zero_shot_20260701_210556/combined_summary.csv,scenario=scale_num_uav2_2uav20gu_t250;kind=baseline;method=full_topology_dpp_joint;episode_seed_base=981000,981000,,64,64,64,codex/phase3-scenario-generalization,5da4c19abf148d92655d89a19a7319ec23d77b3c,ok,25.379520672024228,,,0.3955910818578564,,0.4805288125514161,,,,,17.138535969476877,47.86889367411792,685541430.4840761,0.99575,,0.125,,0.125,225.140625,0.3956075609302627,,,,,,,,,,,,,,,,,,,Nearby scale zero-shot; strict load issue rows should remain zero.
phase3_scale_transfer_zero_shot,scale_num_uav4_4uav20gu_t250__learned__phase2_mc_seed45211_u400__981000,evaluation seed row,scale_num_uav4_4uav20gu_t250,learned,phase2_mc_seed45211_u400,learned_policy,45211,bootstrap_gae,400,configs/experiments/phase3_generalization/scale_num_uav4_4uav20gu_t250.yaml,/home/sgy/workspace/sagin_marl/runs/method_validation/horizon_fairness_mc_vs_bootstrap_threshold_u0_rep2_20260625_204118/mc_seed45211/checkpoint_update0400.pt,/home/sgy/workspace/sagin_marl/runs/phase3/scale_transfer/scale_transfer_zero_shot_20260701_210556,/home/sgy/workspace/sagin_marl/runs/phase3/scale_transfer/scale_transfer_zero_shot_20260701_210556/eval_seed981000/phase2_mc_seed45211_u400/scale_num_uav4_4uav20gu_t250,,/home/sgy/workspace/sagin_marl/runs/phase3/scale_transfer/scale_transfer_zero_shot_20260701_210556/combined_summary.csv,scenario=scale_num_uav4_4uav20gu_t250;kind=learned;method=phase2_mc_seed45211_u400;episode_seed_base=981000,981000,,64,64,64,codex/phase3-scenario-generalization,5da4c19abf148d92655d89a19a7319ec23d77b3c,ok,50.52094216784462,,,0.8749713373533452,,0.07839761399718373,,,,,8.381995845118741,11.009795898788253,335279829.77193743,0.9103854193910956,,0.015625,,0.015625,246.109375,0.9066329140480921,,,,,,,,,,,,,,,,,,,Nearby scale zero-shot; strict load issue rows should remain zero.
phase3_scale_transfer_zero_shot,scale_num_uav4_4uav20gu_t250__learned__phase2_bootstrap_seed45211_u575__981000,evaluation seed row,scale_num_uav4_4uav20gu_t250,learned,phase2_bootstrap_seed45211_u575,learned_policy,45211,bootstrap_gae,575,configs/experiments/phase3_generalization/scale_num_uav4_4uav20gu_t250.yaml,/home/sgy/workspace/sagin_marl/runs/method_validation/horizon_fairness_mc_vs_bootstrap_threshold_u0_rep2_20260625_204118/bootstrap_seed45211/checkpoint_update0575.pt,/home/sgy/workspace/sagin_marl/runs/phase3/scale_transfer/scale_transfer_zero_shot_20260701_210556,/home/sgy/workspace/sagin_marl/runs/phase3/scale_transfer/scale_transfer_zero_shot_20260701_210556/eval_seed981000/phase2_bootstrap_seed45211_u575/scale_num_uav4_4uav20gu_t250,,/home/sgy/workspace/sagin_marl/runs/phase3/scale_transfer/scale_transfer_zero_shot_20260701_210556/combined_summary.csv,scenario=scale_num_uav4_4uav20gu_t250;kind=learned;method=phase2_bootstrap_seed45211_u575;episode_seed_base=981000,981000,,64,64,64,codex/phase3-scenario-generalization,5da4c19abf148d92655d89a19a7319ec23d77b3c,ok,49.09905864135362,,,0.8721768214479217,,0.08716718584803548,,,,,5.341077124018232,7.379786460590415,213643082.4193804,0.7400963453268191,,0.078125,,0.078125,234.0,0.875449656551916,,,,,,,,,,,,,,,,,,,Nearby scale zero-shot; strict load issue rows should remain zero.
phase3_scale_transfer_zero_shot,scale_num_uav4_4uav20gu_t250__baseline__queue_aware__981000,evaluation seed row,scale_num_uav4_4uav20gu_t250,baseline,queue_aware,non_learning_baseline,,,,configs/experiments/phase3_generalization/scale_num_uav4_4uav20gu_t250.yaml,,/home/sgy/workspace/sagin_marl/runs/phase3/scale_transfer/scale_transfer_zero_shot_20260701_210556,/home/sgy/workspace/sagin_marl/runs/phase3/scale_transfer/scale_transfer_zero_shot_20260701_210556/eval_seed981000/queue_aware/scale_num_uav4_4uav20gu_t250,,/home/sgy/workspace/sagin_marl/runs/phase3/scale_transfer/scale_transfer_zero_shot_20260701_210556/combined_summary.csv,scenario=scale_num_uav4_4uav20gu_t250;kind=baseline;method=queue_aware;episode_seed_base=981000,981000,,64,64,64,codex/phase3-scenario-generalization,5da4c19abf148d92655d89a19a7319ec23d77b3c,ok,11.8650012005819,,,0.5054630503964881,,0.2602421159616616,,,,,8.46460663421417,20.887298397363715,338584261.30341285,0.9994132242489271,,0.984375,,0.984375,79.265625,0.5089027490663139,,,,,,,,,,,,,,,,,,,Nearby scale zero-shot; strict load issue rows should remain zero.
phase3_scale_transfer_zero_shot,scale_num_uav4_4uav20gu_t250__baseline__observable_cluster_queue_aware__981000,evaluation seed row,scale_num_uav4_4uav20gu_t250,baseline,observable_cluster_queue_aware,non_learning_baseline,,,,configs/experiments/phase3_generalization/scale_num_uav4_4uav20gu_t250.yaml,,/home/sgy/workspace/sagin_marl/runs/phase3/scale_transfer/scale_transfer_zero_shot_20260701_210556,/home/sgy/workspace/sagin_marl/runs/phase3/scale_transfer/scale_transfer_zero_shot_20260701_210556/eval_seed981000/observable_cluster_queue_aware/scale_num_uav4_4uav20gu_t250,,/home/sgy/workspace/sagin_marl/runs/phase3/scale_transfer/scale_transfer_zero_shot_20260701_210556/combined_summary.csv,scenario=scale_num_uav4_4uav20gu_t250;kind=baseline;method=observable_cluster_queue_aware;episode_seed_base=981000,981000,,64,64,64,codex/phase3-scenario-generalization,5da4c19abf148d92655d89a19a7319ec23d77b3c,ok,26.54304903233424,,,0.6425344868276929,,0.22367148272378598,,,,,9.190939548012977,16.561392963384172,367637577.25118345,0.9748229600499381,,0.515625,,0.515625,172.765625,0.6470964767563614,,,,,,,,,,,,,,,,,,,Nearby scale zero-shot; strict load issue rows should remain zero.
phase3_scale_transfer_zero_shot,scale_num_uav4_4uav20gu_t250__baseline__cluster_center_queue_aware__981000,evaluation seed row,scale_num_uav4_4uav20gu_t250,baseline,cluster_center_queue_aware,non_learning_baseline,,,,configs/experiments/phase3_generalization/scale_num_uav4_4uav20gu_t250.yaml,,/home/sgy/workspace/sagin_marl/runs/phase3/scale_transfer/scale_transfer_zero_shot_20260701_210556,/home/sgy/workspace/sagin_marl/runs/phase3/scale_transfer/scale_transfer_zero_shot_20260701_210556/eval_seed981000/cluster_center_queue_aware/scale_num_uav4_4uav20gu_t250,,/home/sgy/workspace/sagin_marl/runs/phase3/scale_transfer/scale_transfer_zero_shot_20260701_210556/combined_summary.csv,scenario=scale_num_uav4_4uav20gu_t250;kind=baseline;method=cluster_center_queue_aware;episode_seed_base=981000,981000,,64,64,64,codex/phase3-scenario-generalization,5da4c19abf148d92655d89a19a7319ec23d77b3c,ok,9.601094413781539,,,0.6384937775314672,,0.18591544870095103,,,,,6.932204930019013,13.522342952422536,277288193.9658839,1.0,,1.0,,1.0,56.421875,0.6451443703006136,,,,,,,,,,,,,,,,,,,Nearby scale zero-shot; strict load issue rows should remain zero.
phase3_scale_transfer_zero_shot,scale_num_uav4_4uav20gu_t250__baseline__maxweight_lyapunov__981000,evaluation seed row,scale_num_uav4_4uav20gu_t250,baseline,maxweight_lyapunov,non_learning_baseline,,,,configs/experiments/phase3_generalization/scale_num_uav4_4uav20gu_t250.yaml,,/home/sgy/workspace/sagin_marl/runs/phase3/scale_transfer/scale_transfer_zero_shot_20260701_210556,/home/sgy/workspace/sagin_marl/runs/phase3/scale_transfer/scale_transfer_zero_shot_20260701_210556/eval_seed981000/maxweight_lyapunov/scale_num_uav4_4uav20gu_t250,,/home/sgy/workspace/sagin_marl/runs/phase3/scale_transfer/scale_transfer_zero_shot_20260701_210556/combined_summary.csv,scenario=scale_num_uav4_4uav20gu_t250;kind=baseline;method=maxweight_lyapunov;episode_seed_base=981000,981000,,64,64,64,codex/phase3-scenario-generalization,5da4c19abf148d92655d89a19a7319ec23d77b3c,ok,41.68923955899663,,,0.7827971086874601,,0.17696702221874275,,,,,8.878637625636417,13.395580578150549,355145500.8491876,0.9891250001452861,,0.0,,0.0,250.0,0.7910445671123181,,,,,,,,,,,,,,,,,,,Nearby scale zero-shot; strict load issue rows should remain zero.
phase3_scale_transfer_zero_shot,scale_num_uav4_4uav20gu_t250__baseline__dpp_resource_hybrid_native__981000,evaluation seed row,scale_num_uav4_4uav20gu_t250,baseline,dpp_resource_hybrid_native,non_learning_baseline,,,,configs/experiments/phase3_generalization/scale_num_uav4_4uav20gu_t250.yaml,,/home/sgy/workspace/sagin_marl/runs/phase3/scale_transfer/scale_transfer_zero_shot_20260701_210556,/home/sgy/workspace/sagin_marl/runs/phase3/scale_transfer/scale_transfer_zero_shot_20260701_210556/eval_seed981000/dpp_resource_hybrid_native/scale_num_uav4_4uav20gu_t250,,/home/sgy/workspace/sagin_marl/runs/phase3/scale_transfer/scale_transfer_zero_shot_20260701_210556/combined_summary.csv,scenario=scale_num_uav4_4uav20gu_t250;kind=baseline;method=dpp_resource_hybrid_native;episode_seed_base=981000,981000,,64,64,64,codex/phase3-scenario-generalization,5da4c19abf148d92655d89a19a7319ec23d77b3c,ok,9.150892524397932,,,0.6001872941694005,,0.2002662554686098,,,,,7.782180894170088,16.187327390426535,311287232.1689142,1.0,,1.0,,1.0,56.421875,0.6025476999691954,,,,,,,,,,,,,,,,,,,Nearby scale zero-shot; strict load issue rows should remain zero.
phase3_scale_transfer_zero_shot,scale_num_uav4_4uav20gu_t250__baseline__topology_dpp_native_bw_sat_cached__981000,evaluation seed row,scale_num_uav4_4uav20gu_t250,baseline,topology_dpp_native_bw_sat_cached,non_learning_baseline,,,,configs/experiments/phase3_generalization/scale_num_uav4_4uav20gu_t250.yaml,,/home/sgy/workspace/sagin_marl/runs/phase3/scale_transfer/scale_transfer_zero_shot_20260701_210556,/home/sgy/workspace/sagin_marl/runs/phase3/scale_transfer/scale_transfer_zero_shot_20260701_210556/eval_seed981000/topology_dpp_native_bw_sat_cached/scale_num_uav4_4uav20gu_t250,,/home/sgy/workspace/sagin_marl/runs/phase3/scale_transfer/scale_transfer_zero_shot_20260701_210556/combined_summary.csv,scenario=scale_num_uav4_4uav20gu_t250;kind=baseline;method=topology_dpp_native_bw_sat_cached;episode_seed_base=981000,981000,,64,64,64,codex/phase3-scenario-generalization,5da4c19abf148d92655d89a19a7319ec23d77b3c,ok,9.106445258366875,,,0.5757076418946593,,0.2002662554686098,,,,,8.370529878082413,17.812905197161363,334821191.15876675,0.9550753736212377,,1.0,,1.0,56.421875,0.6025476999691954,,,,,,,,,,,,,,,,,,,Nearby scale zero-shot; strict load issue rows should remain zero.
phase3_scale_transfer_zero_shot,scale_num_uav4_4uav20gu_t250__baseline__full_topology_dpp_joint__981000,evaluation seed row,scale_num_uav4_4uav20gu_t250,baseline,full_topology_dpp_joint,non_learning_baseline,,,,configs/experiments/phase3_generalization/scale_num_uav4_4uav20gu_t250.yaml,,/home/sgy/workspace/sagin_marl/runs/phase3/scale_transfer/scale_transfer_zero_shot_20260701_210556,/home/sgy/workspace/sagin_marl/runs/phase3/scale_transfer/scale_transfer_zero_shot_20260701_210556/eval_seed981000/full_topology_dpp_joint/scale_num_uav4_4uav20gu_t250,,/home/sgy/workspace/sagin_marl/runs/phase3/scale_transfer/scale_transfer_zero_shot_20260701_210556/combined_summary.csv,scenario=scale_num_uav4_4uav20gu_t250;kind=baseline;method=full_topology_dpp_joint;episode_seed_base=981000,981000,,64,64,64,codex/phase3-scenario-generalization,5da4c19abf148d92655d89a19a7319ec23d77b3c,ok,18.767919698555488,,,0.4347478201896645,,0.3585441556473699,,,,,11.672903486225522,31.524399999908784,466916134.0900126,0.9818289010010343,,0.5,,0.5,144.28125,0.43782394757498544,,,,,,,,,,,,,,,,,,,Nearby scale zero-shot; strict load issue rows should remain zero.
phase3_scale_transfer_zero_shot,scale_visible_sats4_3uav20gu_t250__learned__phase2_mc_seed45211_u400__981000,evaluation seed row,scale_visible_sats4_3uav20gu_t250,learned,phase2_mc_seed45211_u400,learned_policy,45211,bootstrap_gae,400,configs/experiments/phase3_generalization/scale_visible_sats4_3uav20gu_t250.yaml,/home/sgy/workspace/sagin_marl/runs/method_validation/horizon_fairness_mc_vs_bootstrap_threshold_u0_rep2_20260625_204118/mc_seed45211/checkpoint_update0400.pt,/home/sgy/workspace/sagin_marl/runs/phase3/scale_transfer/scale_transfer_zero_shot_20260701_210556,/home/sgy/workspace/sagin_marl/runs/phase3/scale_transfer/scale_transfer_zero_shot_20260701_210556/eval_seed981000/phase2_mc_seed45211_u400/scale_visible_sats4_3uav20gu_t250,,/home/sgy/workspace/sagin_marl/runs/phase3/scale_transfer/scale_transfer_zero_shot_20260701_210556/combined_summary.csv,scenario=scale_visible_sats4_3uav20gu_t250;kind=learned;method=phase2_mc_seed45211_u400;episode_seed_base=981000,981000,,64,64,64,codex/phase3-scenario-generalization,5da4c19abf148d92655d89a19a7319ec23d77b3c,ok,56.82448550849222,,,0.9136543152069255,,0.055593749580441894,,,,,5.207062875497701,6.640276702187239,208282512.40339372,0.904375005077571,,0.03125,,0.03125,242.6875,0.9213013854466912,,,,,,,,,,,,,,,,,,,Nearby scale zero-shot; strict load issue rows should remain zero.
phase3_scale_transfer_zero_shot,scale_visible_sats4_3uav20gu_t250__learned__phase2_bootstrap_seed45211_u575__981000,evaluation seed row,scale_visible_sats4_3uav20gu_t250,learned,phase2_bootstrap_seed45211_u575,learned_policy,45211,bootstrap_gae,575,configs/experiments/phase3_generalization/scale_visible_sats4_3uav20gu_t250.yaml,/home/sgy/workspace/sagin_marl/runs/method_validation/horizon_fairness_mc_vs_bootstrap_threshold_u0_rep2_20260625_204118/bootstrap_seed45211/checkpoint_update0575.pt,/home/sgy/workspace/sagin_marl/runs/phase3/scale_transfer/scale_transfer_zero_shot_20260701_210556,/home/sgy/workspace/sagin_marl/runs/phase3/scale_transfer/scale_transfer_zero_shot_20260701_210556/eval_seed981000/phase2_bootstrap_seed45211_u575/scale_visible_sats4_3uav20gu_t250,,/home/sgy/workspace/sagin_marl/runs/phase3/scale_transfer/scale_transfer_zero_shot_20260701_210556/combined_summary.csv,scenario=scale_visible_sats4_3uav20gu_t250;kind=learned;method=phase2_bootstrap_seed45211_u575;episode_seed_base=981000,981000,,64,64,64,codex/phase3-scenario-generalization,5da4c19abf148d92655d89a19a7319ec23d77b3c,ok,57.71015751268715,,,0.9080557282348162,,0.06775940492485323,,,,,4.875678006598175,6.6086201488762315,195027117.7375,0.7223541805110872,,0.015625,,0.015625,246.109375,0.9083502696720996,,,,,,,,,,,,,,,,,,,Nearby scale zero-shot; strict load issue rows should remain zero.
phase3_scale_transfer_zero_shot,scale_visible_sats4_3uav20gu_t250__baseline__queue_aware__981000,evaluation seed row,scale_visible_sats4_3uav20gu_t250,baseline,queue_aware,non_learning_baseline,,,,configs/experiments/phase3_generalization/scale_visible_sats4_3uav20gu_t250.yaml,,/home/sgy/workspace/sagin_marl/runs/phase3/scale_transfer/scale_transfer_zero_shot_20260701_210556,/home/sgy/workspace/sagin_marl/runs/phase3/scale_transfer/scale_transfer_zero_shot_20260701_210556/eval_seed981000/queue_aware/scale_visible_sats4_3uav20gu_t250,,/home/sgy/workspace/sagin_marl/runs/phase3/scale_transfer/scale_transfer_zero_shot_20260701_210556/combined_summary.csv,scenario=scale_visible_sats4_3uav20gu_t250;kind=baseline;method=queue_aware;episode_seed_base=981000,981000,,64,64,64,codex/phase3-scenario-generalization,5da4c19abf148d92655d89a19a7319ec23d77b3c,ok,20.071875189780258,,,0.4689128820513286,,0.35269106277856094,,,,,11.460435299940526,28.591267740721236,458417406.7251102,0.9056872583112284,,0.703125,,0.703125,145.234375,0.46904219495670474,,,,,,,,,,,,,,,,,,,Nearby scale zero-shot; strict load issue rows should remain zero.
phase3_scale_transfer_zero_shot,scale_visible_sats4_3uav20gu_t250__baseline__observable_cluster_queue_aware__981000,evaluation seed row,scale_visible_sats4_3uav20gu_t250,baseline,observable_cluster_queue_aware,non_learning_baseline,,,,configs/experiments/phase3_generalization/scale_visible_sats4_3uav20gu_t250.yaml,,/home/sgy/workspace/sagin_marl/runs/phase3/scale_transfer/scale_transfer_zero_shot_20260701_210556,/home/sgy/workspace/sagin_marl/runs/phase3/scale_transfer/scale_transfer_zero_shot_20260701_210556/eval_seed981000/observable_cluster_queue_aware/scale_visible_sats4_3uav20gu_t250,,/home/sgy/workspace/sagin_marl/runs/phase3/scale_transfer/scale_transfer_zero_shot_20260701_210556/combined_summary.csv,scenario=scale_visible_sats4_3uav20gu_t250;kind=baseline;method=observable_cluster_queue_aware;episode_seed_base=981000,981000,,64,64,64,codex/phase3-scenario-generalization,5da4c19abf148d92655d89a19a7319ec23d77b3c,ok,30.538562380126677,,,0.638395718843457,,0.26961937424540117,,,,,10.52895835970064,19.17536570013108,421158329.46793133,0.7171517545279023,,0.296875,,0.296875,206.015625,0.6395411393124601,,,,,,,,,,,,,,,,,,,Nearby scale zero-shot; strict load issue rows should remain zero.
phase3_scale_transfer_zero_shot,scale_visible_sats4_3uav20gu_t250__baseline__cluster_center_queue_aware__981000,evaluation seed row,scale_visible_sats4_3uav20gu_t250,baseline,cluster_center_queue_aware,non_learning_baseline,,,,configs/experiments/phase3_generalization/scale_visible_sats4_3uav20gu_t250.yaml,,/home/sgy/workspace/sagin_marl/runs/phase3/scale_transfer/scale_transfer_zero_shot_20260701_210556,/home/sgy/workspace/sagin_marl/runs/phase3/scale_transfer/scale_transfer_zero_shot_20260701_210556/eval_seed981000/cluster_center_queue_aware/scale_visible_sats4_3uav20gu_t250,,/home/sgy/workspace/sagin_marl/runs/phase3/scale_transfer/scale_transfer_zero_shot_20260701_210556/combined_summary.csv,scenario=scale_visible_sats4_3uav20gu_t250;kind=baseline;method=cluster_center_queue_aware;episode_seed_base=981000,981000,,64,64,64,codex/phase3-scenario-generalization,5da4c19abf148d92655d89a19a7319ec23d77b3c,ok,44.906027405988425,,,0.8743847635816784,,0.0860616071345985,,,,,8.182485019256916,11.119850692601988,327299397.18549985,0.641437513291836,,0.015625,,0.015625,246.875,0.8889896669986886,,,,,,,,,,,,,,,,,,,Nearby scale zero-shot; strict load issue rows should remain zero.
phase3_scale_transfer_zero_shot,scale_visible_sats4_3uav20gu_t250__baseline__maxweight_lyapunov__981000,evaluation seed row,scale_visible_sats4_3uav20gu_t250,baseline,maxweight_lyapunov,non_learning_baseline,,,,configs/experiments/phase3_generalization/scale_visible_sats4_3uav20gu_t250.yaml,,/home/sgy/workspace/sagin_marl/runs/phase3/scale_transfer/scale_transfer_zero_shot_20260701_210556,/home/sgy/workspace/sagin_marl/runs/phase3/scale_transfer/scale_transfer_zero_shot_20260701_210556/eval_seed981000/maxweight_lyapunov/scale_visible_sats4_3uav20gu_t250,,/home/sgy/workspace/sagin_marl/runs/phase3/scale_transfer/scale_transfer_zero_shot_20260701_210556/combined_summary.csv,scenario=scale_visible_sats4_3uav20gu_t250;kind=baseline;method=maxweight_lyapunov;episode_seed_base=981000,981000,,64,64,64,codex/phase3-scenario-generalization,5da4c19abf148d92655d89a19a7319ec23d77b3c,ok,42.719138257205486,,,0.8420322736483067,,0.1277998661897879,,,,,7.909971787000774,11.191139722456542,316398867.7515625,0.9713125016614795,,0.0,,0.0,250.0,0.8470273391720953,,,,,,,,,,,,,,,,,,,Nearby scale zero-shot; strict load issue rows should remain zero.
phase3_scale_transfer_zero_shot,scale_visible_sats4_3uav20gu_t250__baseline__dpp_resource_hybrid_native__981000,evaluation seed row,scale_visible_sats4_3uav20gu_t250,baseline,dpp_resource_hybrid_native,non_learning_baseline,,,,configs/experiments/phase3_generalization/scale_visible_sats4_3uav20gu_t250.yaml,,/home/sgy/workspace/sagin_marl/runs/phase3/scale_transfer/scale_transfer_zero_shot_20260701_210556,/home/sgy/workspace/sagin_marl/runs/phase3/scale_transfer/scale_transfer_zero_shot_20260701_210556/eval_seed981000/dpp_resource_hybrid_native/scale_visible_sats4_3uav20gu_t250,,/home/sgy/workspace/sagin_marl/runs/phase3/scale_transfer/scale_transfer_zero_shot_20260701_210556/combined_summary.csv,scenario=scale_visible_sats4_3uav20gu_t250;kind=baseline;method=dpp_resource_hybrid_native;episode_seed_base=981000,981000,,64,64,64,codex/phase3-scenario-generalization,5da4c19abf148d92655d89a19a7319ec23d77b3c,ok,40.39208837389015,,,0.8529229191504418,,0.10522250573642718,,,,,9.242481174145826,12.859092827924528,369699242.71893746,0.641437513291836,,0.015625,,0.015625,246.875,0.8620531468719455,,,,,,,,,,,,,,,,,,,Nearby scale zero-shot; strict load issue rows should remain zero.
phase3_scale_transfer_zero_shot,scale_visible_sats4_3uav20gu_t250__baseline__topology_dpp_native_bw_sat_cached__981000,evaluation seed row,scale_visible_sats4_3uav20gu_t250,baseline,topology_dpp_native_bw_sat_cached,non_learning_baseline,,,,configs/experiments/phase3_generalization/scale_visible_sats4_3uav20gu_t250.yaml,,/home/sgy/workspace/sagin_marl/runs/phase3/scale_transfer/scale_transfer_zero_shot_20260701_210556,/home/sgy/workspace/sagin_marl/runs/phase3/scale_transfer/scale_transfer_zero_shot_20260701_210556/eval_seed981000/topology_dpp_native_bw_sat_cached/scale_visible_sats4_3uav20gu_t250,,/home/sgy/workspace/sagin_marl/runs/phase3/scale_transfer/scale_transfer_zero_shot_20260701_210556/combined_summary.csv,scenario=scale_visible_sats4_3uav20gu_t250;kind=baseline;method=topology_dpp_native_bw_sat_cached;episode_seed_base=981000,981000,,64,64,64,codex/phase3-scenario-generalization,5da4c19abf148d92655d89a19a7319ec23d77b3c,ok,40.43650651839562,,,0.8597633972694165,,0.10522250573642718,,,,,8.816059087728146,12.268838010846636,352642359.5366875,0.7882395889665932,,0.015625,,0.015625,246.875,0.8620531468719455,,,,,,,,,,,,,,,,,,,Nearby scale zero-shot; strict load issue rows should remain zero.
phase3_scale_transfer_zero_shot,scale_visible_sats4_3uav20gu_t250__baseline__full_topology_dpp_joint__981000,evaluation seed row,scale_visible_sats4_3uav20gu_t250,baseline,full_topology_dpp_joint,non_learning_baseline,,,,configs/experiments/phase3_generalization/scale_visible_sats4_3uav20gu_t250.yaml,,/home/sgy/workspace/sagin_marl/runs/phase3/scale_transfer/scale_transfer_zero_shot_20260701_210556,/home/sgy/workspace/sagin_marl/runs/phase3/scale_transfer/scale_transfer_zero_shot_20260701_210556/eval_seed981000/full_topology_dpp_joint/scale_visible_sats4_3uav20gu_t250,,/home/sgy/workspace/sagin_marl/runs/phase3/scale_transfer/scale_transfer_zero_shot_20260701_210556/combined_summary.csv,scenario=scale_visible_sats4_3uav20gu_t250;kind=baseline;method=full_topology_dpp_joint;episode_seed_base=981000,981000,,64,64,64,codex/phase3-scenario-generalization,5da4c19abf148d92655d89a19a7319ec23d77b3c,ok,24.20138257421786,,,0.4208583540530965,,0.4280450599603225,,,,,14.529439843755084,40.61288913931119,581177586.8359351,0.9900208335369826,,0.25,,0.25,197.640625,0.4208779743023627,,,,,,,,,,,,,,,,,,,Nearby scale zero-shot; strict load issue rows should remain zero.
phase3_scale_transfer_zero_shot,scale_visible_sats8_3uav20gu_t250__learned__phase2_mc_seed45211_u400__981000,evaluation seed row,scale_visible_sats8_3uav20gu_t250,learned,phase2_mc_seed45211_u400,learned_policy,45211,bootstrap_gae,400,configs/experiments/phase3_generalization/scale_visible_sats8_3uav20gu_t250.yaml,/home/sgy/workspace/sagin_marl/runs/method_validation/horizon_fairness_mc_vs_bootstrap_threshold_u0_rep2_20260625_204118/mc_seed45211/checkpoint_update0400.pt,/home/sgy/workspace/sagin_marl/runs/phase3/scale_transfer/scale_transfer_zero_shot_20260701_210556,/home/sgy/workspace/sagin_marl/runs/phase3/scale_transfer/scale_transfer_zero_shot_20260701_210556/eval_seed981000/phase2_mc_seed45211_u400/scale_visible_sats8_3uav20gu_t250,,/home/sgy/workspace/sagin_marl/runs/phase3/scale_transfer/scale_transfer_zero_shot_20260701_210556/combined_summary.csv,scenario=scale_visible_sats8_3uav20gu_t250;kind=learned;method=phase2_mc_seed45211_u400;episode_seed_base=981000,981000,,64,64,64,codex/phase3-scenario-generalization,5da4c19abf148d92655d89a19a7319ec23d77b3c,ok,56.83755175862461,,,0.9142526848630563,,0.055000683279151856,,,,,5.1941558330791455,6.608680002975457,207766230.70089358,0.9043645884096625,,0.03125,,0.03125,242.6875,0.9218964582882161,,,,,,,,,,,,,,,,,,,Nearby scale zero-shot; strict load issue rows should remain zero.
phase3_scale_transfer_zero_shot,scale_visible_sats8_3uav20gu_t250__learned__phase2_bootstrap_seed45211_u575__981000,evaluation seed row,scale_visible_sats8_3uav20gu_t250,learned,phase2_bootstrap_seed45211_u575,learned_policy,45211,bootstrap_gae,575,configs/experiments/phase3_generalization/scale_visible_sats8_3uav20gu_t250.yaml,/home/sgy/workspace/sagin_marl/runs/method_validation/horizon_fairness_mc_vs_bootstrap_threshold_u0_rep2_20260625_204118/bootstrap_seed45211/checkpoint_update0575.pt,/home/sgy/workspace/sagin_marl/runs/phase3/scale_transfer/scale_transfer_zero_shot_20260701_210556,/home/sgy/workspace/sagin_marl/runs/phase3/scale_transfer/scale_transfer_zero_shot_20260701_210556/eval_seed981000/phase2_bootstrap_seed45211_u575/scale_visible_sats8_3uav20gu_t250,,/home/sgy/workspace/sagin_marl/runs/phase3/scale_transfer/scale_transfer_zero_shot_20260701_210556/combined_summary.csv,scenario=scale_visible_sats8_3uav20gu_t250;kind=learned;method=phase2_bootstrap_seed45211_u575;episode_seed_base=981000,981000,,64,64,64,codex/phase3-scenario-generalization,5da4c19abf148d92655d89a19a7319ec23d77b3c,ok,57.817972402786836,,,0.9082594241774641,,0.06770958509254935,,,,,4.863395174584828,6.590656401372414,194535804.46962497,0.7182812639176847,,0.015625,,0.015625,246.109375,0.9084106943156169,,,,,,,,,,,,,,,,,,,Nearby scale zero-shot; strict load issue rows should remain zero.
phase3_scale_transfer_zero_shot,scale_visible_sats8_3uav20gu_t250__baseline__queue_aware__981000,evaluation seed row,scale_visible_sats8_3uav20gu_t250,baseline,queue_aware,non_learning_baseline,,,,configs/experiments/phase3_generalization/scale_visible_sats8_3uav20gu_t250.yaml,,/home/sgy/workspace/sagin_marl/runs/phase3/scale_transfer/scale_transfer_zero_shot_20260701_210556,/home/sgy/workspace/sagin_marl/runs/phase3/scale_transfer/scale_transfer_zero_shot_20260701_210556/eval_seed981000/queue_aware/scale_visible_sats8_3uav20gu_t250,,/home/sgy/workspace/sagin_marl/runs/phase3/scale_transfer/scale_transfer_zero_shot_20260701_210556/combined_summary.csv,scenario=scale_visible_sats8_3uav20gu_t250;kind=baseline;method=queue_aware;episode_seed_base=981000,981000,,64,64,64,codex/phase3-scenario-generalization,5da4c19abf148d92655d89a19a7319ec23d77b3c,ok,20.07264172914438,,,0.4690003793675737,,0.35269106277856094,,,,,11.448713073085102,28.60577013969482,457948517.6042202,0.9703385995661177,,0.703125,,0.703125,145.234375,0.46904219495670474,,,,,,,,,,,,,,,,,,,Nearby scale zero-shot; strict load issue rows should remain zero.
phase3_scale_transfer_zero_shot,scale_visible_sats8_3uav20gu_t250__baseline__observable_cluster_queue_aware__981000,evaluation seed row,scale_visible_sats8_3uav20gu_t250,baseline,observable_cluster_queue_aware,non_learning_baseline,,,,configs/experiments/phase3_generalization/scale_visible_sats8_3uav20gu_t250.yaml,,/home/sgy/workspace/sagin_marl/runs/phase3/scale_transfer/scale_transfer_zero_shot_20260701_210556,/home/sgy/workspace/sagin_marl/runs/phase3/scale_transfer/scale_transfer_zero_shot_20260701_210556/eval_seed981000/observable_cluster_queue_aware/scale_visible_sats8_3uav20gu_t250,,/home/sgy/workspace/sagin_marl/runs/phase3/scale_transfer/scale_transfer_zero_shot_20260701_210556/combined_summary.csv,scenario=scale_visible_sats8_3uav20gu_t250;kind=baseline;method=observable_cluster_queue_aware;episode_seed_base=981000,981000,,64,64,64,codex/phase3-scenario-generalization,5da4c19abf148d92655d89a19a7319ec23d77b3c,ok,30.551078843302093,,,0.6389968759930255,,0.26961937424540117,,,,,10.36016353134236,18.98091244291256,414406536.358003,0.8682022897304544,,0.296875,,0.296875,206.015625,0.6395411393124601,,,,,,,,,,,,,,,,,,,Nearby scale zero-shot; strict load issue rows should remain zero.
phase3_scale_transfer_zero_shot,scale_visible_sats8_3uav20gu_t250__baseline__cluster_center_queue_aware__981000,evaluation seed row,scale_visible_sats8_3uav20gu_t250,baseline,cluster_center_queue_aware,non_learning_baseline,,,,configs/experiments/phase3_generalization/scale_visible_sats8_3uav20gu_t250.yaml,,/home/sgy/workspace/sagin_marl/runs/phase3/scale_transfer/scale_transfer_zero_shot_20260701_210556,/home/sgy/workspace/sagin_marl/runs/phase3/scale_transfer/scale_transfer_zero_shot_20260701_210556/eval_seed981000/cluster_center_queue_aware/scale_visible_sats8_3uav20gu_t250,,/home/sgy/workspace/sagin_marl/runs/phase3/scale_transfer/scale_transfer_zero_shot_20260701_210556/combined_summary.csv,scenario=scale_visible_sats8_3uav20gu_t250;kind=baseline;method=cluster_center_queue_aware;episode_seed_base=981000,981000,,64,64,64,codex/phase3-scenario-generalization,5da4c19abf148d92655d89a19a7319ec23d77b3c,ok,45.49667546199635,,,0.8798064329568296,,0.0860616071345985,,,,,6.776911702915648,9.366329991681615,271076464.99693745,0.7511875069011008,,0.015625,,0.015625,246.875,0.8889896669986886,,,,,,,,,,,,,,,,,,,Nearby scale zero-shot; strict load issue rows should remain zero.
phase3_scale_transfer_zero_shot,scale_visible_sats8_3uav20gu_t250__baseline__maxweight_lyapunov__981000,evaluation seed row,scale_visible_sats8_3uav20gu_t250,baseline,maxweight_lyapunov,non_learning_baseline,,,,configs/experiments/phase3_generalization/scale_visible_sats8_3uav20gu_t250.yaml,,/home/sgy/workspace/sagin_marl/runs/phase3/scale_transfer/scale_transfer_zero_shot_20260701_210556,/home/sgy/workspace/sagin_marl/runs/phase3/scale_transfer/scale_transfer_zero_shot_20260701_210556/eval_seed981000/maxweight_lyapunov/scale_visible_sats8_3uav20gu_t250,,/home/sgy/workspace/sagin_marl/runs/phase3/scale_transfer/scale_transfer_zero_shot_20260701_210556/combined_summary.csv,scenario=scale_visible_sats8_3uav20gu_t250;kind=baseline;method=maxweight_lyapunov;episode_seed_base=981000,981000,,64,64,64,codex/phase3-scenario-generalization,5da4c19abf148d92655d89a19a7319ec23d77b3c,ok,42.719138257205486,,,0.8420322736483067,,0.1277998661897879,,,,,7.909971787000774,11.191139722456542,316398867.7515625,0.9713125016614795,,0.0,,0.0,250.0,0.8470273391720953,,,,,,,,,,,,,,,,,,,Nearby scale zero-shot; strict load issue rows should remain zero.
phase3_scale_transfer_zero_shot,scale_visible_sats8_3uav20gu_t250__baseline__dpp_resource_hybrid_native__981000,evaluation seed row,scale_visible_sats8_3uav20gu_t250,baseline,dpp_resource_hybrid_native,non_learning_baseline,,,,configs/experiments/phase3_generalization/scale_visible_sats8_3uav20gu_t250.yaml,,/home/sgy/workspace/sagin_marl/runs/phase3/scale_transfer/scale_transfer_zero_shot_20260701_210556,/home/sgy/workspace/sagin_marl/runs/phase3/scale_transfer/scale_transfer_zero_shot_20260701_210556/eval_seed981000/dpp_resource_hybrid_native/scale_visible_sats8_3uav20gu_t250,,/home/sgy/workspace/sagin_marl/runs/phase3/scale_transfer/scale_transfer_zero_shot_20260701_210556/combined_summary.csv,scenario=scale_visible_sats8_3uav20gu_t250;kind=baseline;method=dpp_resource_hybrid_native;episode_seed_base=981000,981000,,64,64,64,codex/phase3-scenario-generalization,5da4c19abf148d92655d89a19a7319ec23d77b3c,ok,40.546897769207135,,,0.8568537775445728,,0.10522250573642718,,,,,8.29337300503347,11.641442978060805,331734916.3390626,0.7511875069011008,,0.015625,,0.015625,246.875,0.8620531468719455,,,,,,,,,,,,,,,,,,,Nearby scale zero-shot; strict load issue rows should remain zero.
phase3_scale_transfer_zero_shot,scale_visible_sats8_3uav20gu_t250__baseline__topology_dpp_native_bw_sat_cached__981000,evaluation seed row,scale_visible_sats8_3uav20gu_t250,baseline,topology_dpp_native_bw_sat_cached,non_learning_baseline,,,,configs/experiments/phase3_generalization/scale_visible_sats8_3uav20gu_t250.yaml,,/home/sgy/workspace/sagin_marl/runs/phase3/scale_transfer/scale_transfer_zero_shot_20260701_210556,/home/sgy/workspace/sagin_marl/runs/phase3/scale_transfer/scale_transfer_zero_shot_20260701_210556/eval_seed981000/topology_dpp_native_bw_sat_cached/scale_visible_sats8_3uav20gu_t250,,/home/sgy/workspace/sagin_marl/runs/phase3/scale_transfer/scale_transfer_zero_shot_20260701_210556/combined_summary.csv,scenario=scale_visible_sats8_3uav20gu_t250;kind=baseline;method=topology_dpp_native_bw_sat_cached;episode_seed_base=981000,981000,,64,64,64,codex/phase3-scenario-generalization,5da4c19abf148d92655d89a19a7319ec23d77b3c,ok,40.418259160011075,,,0.858773393172305,,0.10621251014145724,,,,,9.016051360820418,12.866168304025196,360642050.3326875,0.7850729223527014,,0.015625,,0.015625,246.875,0.8620531468719455,,,,,,,,,,,,,,,,,,,Nearby scale zero-shot; strict load issue rows should remain zero.
phase3_scale_transfer_zero_shot,scale_visible_sats8_3uav20gu_t250__baseline__full_topology_dpp_joint__981000,evaluation seed row,scale_visible_sats8_3uav20gu_t250,baseline,full_topology_dpp_joint,non_learning_baseline,,,,configs/experiments/phase3_generalization/scale_visible_sats8_3uav20gu_t250.yaml,,/home/sgy/workspace/sagin_marl/runs/phase3/scale_transfer/scale_transfer_zero_shot_20260701_210556,/home/sgy/workspace/sagin_marl/runs/phase3/scale_transfer/scale_transfer_zero_shot_20260701_210556/eval_seed981000/full_topology_dpp_joint/scale_visible_sats8_3uav20gu_t250,,/home/sgy/workspace/sagin_marl/runs/phase3/scale_transfer/scale_transfer_zero_shot_20260701_210556/combined_summary.csv,scenario=scale_visible_sats8_3uav20gu_t250;kind=baseline;method=full_topology_dpp_joint;episode_seed_base=981000,981000,,64,64,64,codex/phase3-scenario-generalization,5da4c19abf148d92655d89a19a7319ec23d77b3c,ok,24.20027107250644,,,0.41920058697705126,,0.42970282637370993,,,,,14.601187161248045,41.412959579365136,584047479.5059352,0.9877708335965872,,0.25,,0.25,197.640625,0.4208779743023627,,,,,,,,,,,,,,,,,,,Nearby scale zero-shot; strict load issue rows should remain zero.
phase3_scale_transfer_zero_shot,scale_num_gu10_3uav10gu_t250__learned__phase2_mc_seed45211_u400__982000,evaluation seed row,scale_num_gu10_3uav10gu_t250,learned,phase2_mc_seed45211_u400,learned_policy,45211,bootstrap_gae,400,configs/experiments/phase3_generalization/scale_num_gu10_3uav10gu_t250.yaml,/home/sgy/workspace/sagin_marl/runs/method_validation/horizon_fairness_mc_vs_bootstrap_threshold_u0_rep2_20260625_204118/mc_seed45211/checkpoint_update0400.pt,/home/sgy/workspace/sagin_marl/runs/phase3/scale_transfer/scale_transfer_zero_shot_20260701_210556,/home/sgy/workspace/sagin_marl/runs/phase3/scale_transfer/scale_transfer_zero_shot_20260701_210556/eval_seed982000/phase2_mc_seed45211_u400/scale_num_gu10_3uav10gu_t250,,/home/sgy/workspace/sagin_marl/runs/phase3/scale_transfer/scale_transfer_zero_shot_20260701_210556/combined_summary.csv,scenario=scale_num_gu10_3uav10gu_t250;kind=learned;method=phase2_mc_seed45211_u400;episode_seed_base=982000,982000,,64,64,64,codex/phase3-scenario-generalization,5da4c19abf148d92655d89a19a7319ec23d77b3c,ok,191.40435916511342,,,0.9986605525421909,,0.0005285251531313406,,,,,0.6774931029232087,0.8690005335383846,13549861.887374997,0.8966770887263119,,0.0,,0.0,250.0,0.9986590101000321,,,,,,,,,,,,,,,,,,,Nearby scale zero-shot; strict load issue rows should remain zero.
phase3_scale_transfer_zero_shot,scale_num_gu10_3uav10gu_t250__learned__phase2_bootstrap_seed45211_u575__982000,evaluation seed row,scale_num_gu10_3uav10gu_t250,learned,phase2_bootstrap_seed45211_u575,learned_policy,45211,bootstrap_gae,575,configs/experiments/phase3_generalization/scale_num_gu10_3uav10gu_t250.yaml,/home/sgy/workspace/sagin_marl/runs/method_validation/horizon_fairness_mc_vs_bootstrap_threshold_u0_rep2_20260625_204118/bootstrap_seed45211/checkpoint_update0575.pt,/home/sgy/workspace/sagin_marl/runs/phase3/scale_transfer/scale_transfer_zero_shot_20260701_210556,/home/sgy/workspace/sagin_marl/runs/phase3/scale_transfer/scale_transfer_zero_shot_20260701_210556/eval_seed982000/phase2_bootstrap_seed45211_u575/scale_num_gu10_3uav10gu_t250,,/home/sgy/workspace/sagin_marl/runs/phase3/scale_transfer/scale_transfer_zero_shot_20260701_210556/combined_summary.csv,scenario=scale_num_gu10_3uav10gu_t250;kind=learned;method=phase2_bootstrap_seed45211_u575;episode_seed_base=982000,982000,,64,64,64,codex/phase3-scenario-generalization,5da4c19abf148d92655d89a19a7319ec23d77b3c,ok,206.12179801566526,,,0.9956903567601201,,0.0034354923390783366,,,,,1.1663420603517571,1.546767490783267,23326840.944486223,0.7076492014173102,,0.015625,,0.015625,247.015625,0.9956881757052829,,,,,,,,,,,,,,,,,,,Nearby scale zero-shot; strict load issue rows should remain zero.
phase3_scale_transfer_zero_shot,scale_num_gu10_3uav10gu_t250__baseline__queue_aware__982000,evaluation seed row,scale_num_gu10_3uav10gu_t250,baseline,queue_aware,non_learning_baseline,,,,configs/experiments/phase3_generalization/scale_num_gu10_3uav10gu_t250.yaml,,/home/sgy/workspace/sagin_marl/runs/phase3/scale_transfer/scale_transfer_zero_shot_20260701_210556,/home/sgy/workspace/sagin_marl/runs/phase3/scale_transfer/scale_transfer_zero_shot_20260701_210556/eval_seed982000/queue_aware/scale_num_gu10_3uav10gu_t250,,/home/sgy/workspace/sagin_marl/runs/phase3/scale_transfer/scale_transfer_zero_shot_20260701_210556/combined_summary.csv,scenario=scale_num_gu10_3uav10gu_t250;kind=baseline;method=queue_aware;episode_seed_base=982000,982000,,64,64,64,codex/phase3-scenario-generalization,5da4c19abf148d92655d89a19a7319ec23d77b3c,ok,23.769439105992205,,,0.7029274775326328,,0.09895604567132574,,,,,12.447983219668593,23.323775572335357,248959661.40139866,0.9655816896855742,,0.734375,,0.734375,143.453125,0.7036231186097986,,,,,,,,,,,,,,,,,,,Nearby scale zero-shot; strict load issue rows should remain zero.
phase3_scale_transfer_zero_shot,scale_num_gu10_3uav10gu_t250__baseline__observable_cluster_queue_aware__982000,evaluation seed row,scale_num_gu10_3uav10gu_t250,baseline,observable_cluster_queue_aware,non_learning_baseline,,,,configs/experiments/phase3_generalization/scale_num_gu10_3uav10gu_t250.yaml,,/home/sgy/workspace/sagin_marl/runs/phase3/scale_transfer/scale_transfer_zero_shot_20260701_210556,/home/sgy/workspace/sagin_marl/runs/phase3/scale_transfer/scale_transfer_zero_shot_20260701_210556/eval_seed982000/observable_cluster_queue_aware/scale_num_gu10_3uav10gu_t250,,/home/sgy/workspace/sagin_marl/runs/phase3/scale_transfer/scale_transfer_zero_shot_20260701_210556/combined_summary.csv,scenario=scale_num_gu10_3uav10gu_t250;kind=baseline;method=observable_cluster_queue_aware;episode_seed_base=982000,982000,,64,64,64,codex/phase3-scenario-generalization,5da4c19abf148d92655d89a19a7319ec23d77b3c,ok,40.46439220046159,,,0.8664606810148124,,0.05679911745921969,,,,,9.216272995089954,14.503164052440148,184325457.73453704,0.849416251690203,,0.296875,,0.28125,210.796875,0.8668330925700152,,,,,,,,,,,,,,,,,,,Nearby scale zero-shot; strict load issue rows should remain zero.
phase3_scale_transfer_zero_shot,scale_num_gu10_3uav10gu_t250__baseline__cluster_center_queue_aware__982000,evaluation seed row,scale_num_gu10_3uav10gu_t250,baseline,cluster_center_queue_aware,non_learning_baseline,,,,configs/experiments/phase3_generalization/scale_num_gu10_3uav10gu_t250.yaml,,/home/sgy/workspace/sagin_marl/runs/phase3/scale_transfer/scale_transfer_zero_shot_20260701_210556,/home/sgy/workspace/sagin_marl/runs/phase3/scale_transfer/scale_transfer_zero_shot_20260701_210556/eval_seed982000/cluster_center_queue_aware/scale_num_gu10_3uav10gu_t250,,/home/sgy/workspace/sagin_marl/runs/phase3/scale_transfer/scale_transfer_zero_shot_20260701_210556/combined_summary.csv,scenario=scale_num_gu10_3uav10gu_t250;kind=baseline;method=cluster_center_queue_aware;episode_seed_base=982000,982000,,64,64,64,codex/phase3-scenario-generalization,5da4c19abf148d92655d89a19a7319ec23d77b3c,ok,88.59479783056304,,,0.9822383216896563,,0.008001917450389308,,,,,2.939349817518191,4.012935496773339,58786995.67948165,0.7867187560349705,,0.046875,,0.046875,242.25,0.9822384250328036,,,,,,,,,,,,,,,,,,,Nearby scale zero-shot; strict load issue rows should remain zero.
phase3_scale_transfer_zero_shot,scale_num_gu10_3uav10gu_t250__baseline__maxweight_lyapunov__982000,evaluation seed row,scale_num_gu10_3uav10gu_t250,baseline,maxweight_lyapunov,non_learning_baseline,,,,configs/experiments/phase3_generalization/scale_num_gu10_3uav10gu_t250.yaml,,/home/sgy/workspace/sagin_marl/runs/phase3/scale_transfer/scale_transfer_zero_shot_20260701_210556,/home/sgy/workspace/sagin_marl/runs/phase3/scale_transfer/scale_transfer_zero_shot_20260701_210556/eval_seed982000/maxweight_lyapunov/scale_num_gu10_3uav10gu_t250,,/home/sgy/workspace/sagin_marl/runs/phase3/scale_transfer/scale_transfer_zero_shot_20260701_210556/combined_summary.csv,scenario=scale_num_gu10_3uav10gu_t250;kind=baseline;method=maxweight_lyapunov;episode_seed_base=982000,982000,,64,64,64,codex/phase3-scenario-generalization,5da4c19abf148d92655d89a19a7319ec23d77b3c,ok,77.82365732896142,,,0.9796689143716358,,0.009862264043194499,,,,,3.794309692060816,5.2717029945884555,75886192.93,0.9926354171000414,,0.0,,0.0,250.0,0.9796666634376432,,,,,,,,,,,,,,,,,,,Nearby scale zero-shot; strict load issue rows should remain zero.
phase3_scale_transfer_zero_shot,scale_num_gu10_3uav10gu_t250__baseline__dpp_resource_hybrid_native__982000,evaluation seed row,scale_num_gu10_3uav10gu_t250,baseline,dpp_resource_hybrid_native,non_learning_baseline,,,,configs/experiments/phase3_generalization/scale_num_gu10_3uav10gu_t250.yaml,,/home/sgy/workspace/sagin_marl/runs/phase3/scale_transfer/scale_transfer_zero_shot_20260701_210556,/home/sgy/workspace/sagin_marl/runs/phase3/scale_transfer/scale_transfer_zero_shot_20260701_210556/eval_seed982000/dpp_resource_hybrid_native/scale_num_gu10_3uav10gu_t250,,/home/sgy/workspace/sagin_marl/runs/phase3/scale_transfer/scale_transfer_zero_shot_20260701_210556/combined_summary.csv,scenario=scale_num_gu10_3uav10gu_t250;kind=baseline;method=dpp_resource_hybrid_native;episode_seed_base=982000,982000,,64,64,64,codex/phase3-scenario-generalization,5da4c19abf148d92655d89a19a7319ec23d77b3c,ok,113.64830445277039,,,0.9839353001254555,,0.007565887854462994,,,,,3.3560686542234763,4.442537176313376,67121372.28164013,0.7867187560349705,,0.046875,,0.046875,242.25,0.9839338744129661,,,,,,,,,,,,,,,,,,,Nearby scale zero-shot; strict load issue rows should remain zero.
phase3_scale_transfer_zero_shot,scale_num_gu10_3uav10gu_t250__baseline__topology_dpp_native_bw_sat_cached__982000,evaluation seed row,scale_num_gu10_3uav10gu_t250,baseline,topology_dpp_native_bw_sat_cached,non_learning_baseline,,,,configs/experiments/phase3_generalization/scale_num_gu10_3uav10gu_t250.yaml,,/home/sgy/workspace/sagin_marl/runs/phase3/scale_transfer/scale_transfer_zero_shot_20260701_210556,/home/sgy/workspace/sagin_marl/runs/phase3/scale_transfer/scale_transfer_zero_shot_20260701_210556/eval_seed982000/topology_dpp_native_bw_sat_cached/scale_num_gu10_3uav10gu_t250,,/home/sgy/workspace/sagin_marl/runs/phase3/scale_transfer/scale_transfer_zero_shot_20260701_210556/combined_summary.csv,scenario=scale_num_gu10_3uav10gu_t250;kind=baseline;method=topology_dpp_native_bw_sat_cached;episode_seed_base=982000,982000,,64,64,64,codex/phase3-scenario-generalization,5da4c19abf148d92655d89a19a7319ec23d77b3c,ok,113.39396030956414,,,0.9839168139017506,,0.007565887854462994,,,,,3.3720490630771227,4.453317811679035,67440980.47478732,0.9704375007990748,,0.046875,,0.046875,242.25,0.9839338744129661,,,,,,,,,,,,,,,,,,,Nearby scale zero-shot; strict load issue rows should remain zero.
phase3_scale_transfer_zero_shot,scale_num_gu10_3uav10gu_t250__baseline__full_topology_dpp_joint__982000,evaluation seed row,scale_num_gu10_3uav10gu_t250,baseline,full_topology_dpp_joint,non_learning_baseline,,,,configs/experiments/phase3_generalization/scale_num_gu10_3uav10gu_t250.yaml,,/home/sgy/workspace/sagin_marl/runs/phase3/scale_transfer/scale_transfer_zero_shot_20260701_210556,/home/sgy/workspace/sagin_marl/runs/phase3/scale_transfer/scale_transfer_zero_shot_20260701_210556/eval_seed982000/full_topology_dpp_joint/scale_num_gu10_3uav10gu_t250,,/home/sgy/workspace/sagin_marl/runs/phase3/scale_transfer/scale_transfer_zero_shot_20260701_210556/combined_summary.csv,scenario=scale_num_gu10_3uav10gu_t250;kind=baseline;method=full_topology_dpp_joint;episode_seed_base=982000,982000,,64,64,64,codex/phase3-scenario-generalization,5da4c19abf148d92655d89a19a7319ec23d77b3c,ok,32.04483713058289,,,0.6382678166209422,,0.17072218242521223,,,,,21.114948952050774,38.66387908695165,422298973.4525372,0.9848750003185123,,0.1875,,0.1875,210.546875,0.6382677162721366,,,,,,,,,,,,,,,,,,,Nearby scale zero-shot; strict load issue rows should remain zero.
phase3_scale_transfer_zero_shot,scale_num_gu30_3uav30gu_t250__learned__phase2_mc_seed45211_u400__982000,evaluation seed row,scale_num_gu30_3uav30gu_t250,learned,phase2_mc_seed45211_u400,learned_policy,45211,bootstrap_gae,400,configs/experiments/phase3_generalization/scale_num_gu30_3uav30gu_t250.yaml,/home/sgy/workspace/sagin_marl/runs/method_validation/horizon_fairness_mc_vs_bootstrap_threshold_u0_rep2_20260625_204118/mc_seed45211/checkpoint_update0400.pt,/home/sgy/workspace/sagin_marl/runs/phase3/scale_transfer/scale_transfer_zero_shot_20260701_210556,/home/sgy/workspace/sagin_marl/runs/phase3/scale_transfer/scale_transfer_zero_shot_20260701_210556/eval_seed982000/phase2_mc_seed45211_u400/scale_num_gu30_3uav30gu_t250,,/home/sgy/workspace/sagin_marl/runs/phase3/scale_transfer/scale_transfer_zero_shot_20260701_210556/combined_summary.csv,scenario=scale_num_gu30_3uav30gu_t250;kind=learned;method=phase2_mc_seed45211_u400;episode_seed_base=982000,982000,,64,64,64,codex/phase3-scenario-generalization,5da4c19abf148d92655d89a19a7319ec23d77b3c,ok,40.47788549424149,,,0.6188147895419972,,0.3475284192597804,,,,,6.6356279257191355,11.709223634249533,398137686.3116875,0.9038125054016708,,0.0,,0.0,250.0,0.6316347800357127,,,,,,,,,,,,,,,,,,,Nearby scale zero-shot; strict load issue rows should remain zero.
phase3_scale_transfer_zero_shot,scale_num_gu30_3uav30gu_t250__learned__phase2_bootstrap_seed45211_u575__982000,evaluation seed row,scale_num_gu30_3uav30gu_t250,learned,phase2_bootstrap_seed45211_u575,learned_policy,45211,bootstrap_gae,575,configs/experiments/phase3_generalization/scale_num_gu30_3uav30gu_t250.yaml,/home/sgy/workspace/sagin_marl/runs/method_validation/horizon_fairness_mc_vs_bootstrap_threshold_u0_rep2_20260625_204118/bootstrap_seed45211/checkpoint_update0575.pt,/home/sgy/workspace/sagin_marl/runs/phase3/scale_transfer/scale_transfer_zero_shot_20260701_210556,/home/sgy/workspace/sagin_marl/runs/phase3/scale_transfer/scale_transfer_zero_shot_20260701_210556/eval_seed982000/phase2_bootstrap_seed45211_u575/scale_num_gu30_3uav30gu_t250,,/home/sgy/workspace/sagin_marl/runs/phase3/scale_transfer/scale_transfer_zero_shot_20260701_210556/combined_summary.csv,scenario=scale_num_gu30_3uav30gu_t250;kind=learned;method=phase2_bootstrap_seed45211_u575;episode_seed_base=982000,982000,,64,64,64,codex/phase3-scenario-generalization,5da4c19abf148d92655d89a19a7319ec23d77b3c,ok,39.29820926301181,,,0.6266666245967029,,0.3343605860005679,,,,,5.832663379590029,11.042792306575215,349959811.18740463,0.750449912926182,,0.03125,,0.03125,242.640625,0.6275693045294618,,,,,,,,,,,,,,,,,,,Nearby scale zero-shot; strict load issue rows should remain zero.
phase3_scale_transfer_zero_shot,scale_num_gu30_3uav30gu_t250__baseline__queue_aware__982000,evaluation seed row,scale_num_gu30_3uav30gu_t250,baseline,queue_aware,non_learning_baseline,,,,configs/experiments/phase3_generalization/scale_num_gu30_3uav30gu_t250.yaml,,/home/sgy/workspace/sagin_marl/runs/phase3/scale_transfer/scale_transfer_zero_shot_20260701_210556,/home/sgy/workspace/sagin_marl/runs/phase3/scale_transfer/scale_transfer_zero_shot_20260701_210556/eval_seed982000/queue_aware/scale_num_gu30_3uav30gu_t250,,/home/sgy/workspace/sagin_marl/runs/phase3/scale_transfer/scale_transfer_zero_shot_20260701_210556/combined_summary.csv,scenario=scale_num_gu30_3uav30gu_t250;kind=baseline;method=queue_aware;episode_seed_base=982000,982000,,64,64,64,codex/phase3-scenario-generalization,5da4c19abf148d92655d89a19a7319ec23d77b3c,ok,17.48451266589109,,,0.34757828359272797,,0.5184723749805275,,,,,7.616889439858332,25.202353852105883,457013377.0870246,0.9760421907117023,,0.703125,,0.703125,131.703125,0.3480355784789294,,,,,,,,,,,,,,,,,,,Nearby scale zero-shot; strict load issue rows should remain zero.
phase3_scale_transfer_zero_shot,scale_num_gu30_3uav30gu_t250__baseline__observable_cluster_queue_aware__982000,evaluation seed row,scale_num_gu30_3uav30gu_t250,baseline,observable_cluster_queue_aware,non_learning_baseline,,,,configs/experiments/phase3_generalization/scale_num_gu30_3uav30gu_t250.yaml,,/home/sgy/workspace/sagin_marl/runs/phase3/scale_transfer/scale_transfer_zero_shot_20260701_210556,/home/sgy/workspace/sagin_marl/runs/phase3/scale_transfer/scale_transfer_zero_shot_20260701_210556/eval_seed982000/observable_cluster_queue_aware/scale_num_gu30_3uav30gu_t250,,/home/sgy/workspace/sagin_marl/runs/phase3/scale_transfer/scale_transfer_zero_shot_20260701_210556/combined_summary.csv,scenario=scale_num_gu30_3uav30gu_t250;kind=baseline;method=observable_cluster_queue_aware;episode_seed_base=982000,982000,,64,64,64,codex/phase3-scenario-generalization,5da4c19abf148d92655d89a19a7319ec23d77b3c,ok,30.803500923211686,,,0.4329728060785383,,0.5155459056320895,,,,,7.485509640876976,20.087358188711665,449130589.308069,0.8599090102691154,,0.234375,,0.21875,222.4375,0.4334364150529287,,,,,,,,,,,,,,,,,,,Nearby scale zero-shot; strict load issue rows should remain zero.
phase3_scale_transfer_zero_shot,scale_num_gu30_3uav30gu_t250__baseline__cluster_center_queue_aware__982000,evaluation seed row,scale_num_gu30_3uav30gu_t250,baseline,cluster_center_queue_aware,non_learning_baseline,,,,configs/experiments/phase3_generalization/scale_num_gu30_3uav30gu_t250.yaml,,/home/sgy/workspace/sagin_marl/runs/phase3/scale_transfer/scale_transfer_zero_shot_20260701_210556,/home/sgy/workspace/sagin_marl/runs/phase3/scale_transfer/scale_transfer_zero_shot_20260701_210556/eval_seed982000/cluster_center_queue_aware/scale_num_gu30_3uav30gu_t250,,/home/sgy/workspace/sagin_marl/runs/phase3/scale_transfer/scale_transfer_zero_shot_20260701_210556/combined_summary.csv,scenario=scale_num_gu30_3uav30gu_t250;kind=baseline;method=cluster_center_queue_aware;episode_seed_base=982000,982000,,64,64,64,codex/phase3-scenario-generalization,5da4c19abf148d92655d89a19a7319ec23d77b3c,ok,39.164450747775845,,,0.6052771058240906,,0.3560897143536258,,,,,7.158818915403445,13.618228860178958,429529145.1390626,0.774854173054919,,0.0,,0.0,250.0,0.6217970915967419,,,,,,,,,,,,,,,,,,,Nearby scale zero-shot; strict load issue rows should remain zero.
phase3_scale_transfer_zero_shot,scale_num_gu30_3uav30gu_t250__baseline__maxweight_lyapunov__982000,evaluation seed row,scale_num_gu30_3uav30gu_t250,baseline,maxweight_lyapunov,non_learning_baseline,,,,configs/experiments/phase3_generalization/scale_num_gu30_3uav30gu_t250.yaml,,/home/sgy/workspace/sagin_marl/runs/phase3/scale_transfer/scale_transfer_zero_shot_20260701_210556,/home/sgy/workspace/sagin_marl/runs/phase3/scale_transfer/scale_transfer_zero_shot_20260701_210556/eval_seed982000/maxweight_lyapunov/scale_num_gu30_3uav30gu_t250,,/home/sgy/workspace/sagin_marl/runs/phase3/scale_transfer/scale_transfer_zero_shot_20260701_210556/combined_summary.csv,scenario=scale_num_gu30_3uav30gu_t250;kind=baseline;method=maxweight_lyapunov;episode_seed_base=982000,982000,,64,64,64,codex/phase3-scenario-generalization,5da4c19abf148d92655d89a19a7319ec23d77b3c,ok,37.5698909976054,,,0.5636776382636745,,0.40047371989766545,,,,,7.23987100850325,14.340394587378018,434392270.8493123,0.9672500019185245,,0.0,,0.0,250.0,0.5747036168244202,,,,,,,,,,,,,,,,,,,Nearby scale zero-shot; strict load issue rows should remain zero.
phase3_scale_transfer_zero_shot,scale_num_gu30_3uav30gu_t250__baseline__dpp_resource_hybrid_native__982000,evaluation seed row,scale_num_gu30_3uav30gu_t250,baseline,dpp_resource_hybrid_native,non_learning_baseline,,,,configs/experiments/phase3_generalization/scale_num_gu30_3uav30gu_t250.yaml,,/home/sgy/workspace/sagin_marl/runs/phase3/scale_transfer/scale_transfer_zero_shot_20260701_210556,/home/sgy/workspace/sagin_marl/runs/phase3/scale_transfer/scale_transfer_zero_shot_20260701_210556/eval_seed982000/dpp_resource_hybrid_native/scale_num_gu30_3uav30gu_t250,,/home/sgy/workspace/sagin_marl/runs/phase3/scale_transfer/scale_transfer_zero_shot_20260701_210556/combined_summary.csv,scenario=scale_num_gu30_3uav30gu_t250;kind=baseline;method=dpp_resource_hybrid_native;episode_seed_base=982000,982000,,64,64,64,codex/phase3-scenario-generalization,5da4c19abf148d92655d89a19a7319ec23d77b3c,ok,34.26134587568231,,,0.5894653471286874,,0.3729997836328674,,,,,7.562338635511697,14.780498306747518,453740328.84087515,0.774854173054919,,0.0,,0.0,250.0,0.600293796122667,,,,,,,,,,,,,,,,,,,Nearby scale zero-shot; strict load issue rows should remain zero.
phase3_scale_transfer_zero_shot,scale_num_gu30_3uav30gu_t250__baseline__topology_dpp_native_bw_sat_cached__982000,evaluation seed row,scale_num_gu30_3uav30gu_t250,baseline,topology_dpp_native_bw_sat_cached,non_learning_baseline,,,,configs/experiments/phase3_generalization/scale_num_gu30_3uav30gu_t250.yaml,,/home/sgy/workspace/sagin_marl/runs/phase3/scale_transfer/scale_transfer_zero_shot_20260701_210556,/home/sgy/workspace/sagin_marl/runs/phase3/scale_transfer/scale_transfer_zero_shot_20260701_210556/eval_seed982000/topology_dpp_native_bw_sat_cached/scale_num_gu30_3uav30gu_t250,,/home/sgy/workspace/sagin_marl/runs/phase3/scale_transfer/scale_transfer_zero_shot_20260701_210556/combined_summary.csv,scenario=scale_num_gu30_3uav30gu_t250;kind=baseline;method=topology_dpp_native_bw_sat_cached;episode_seed_base=982000,982000,,64,64,64,codex/phase3-scenario-generalization,5da4c19abf148d92655d89a19a7319ec23d77b3c,ok,34.2082056485815,,,0.595292007930344,,0.3760185100108036,,,,,8.976690576530991,18.41890942050144,538601447.289875,0.6506770918201658,,0.0,,0.0,250.0,0.600293796122667,,,,,,,,,,,,,,,,,,,Nearby scale zero-shot; strict load issue rows should remain zero.
phase3_scale_transfer_zero_shot,scale_num_gu30_3uav30gu_t250__baseline__full_topology_dpp_joint__982000,evaluation seed row,scale_num_gu30_3uav30gu_t250,baseline,full_topology_dpp_joint,non_learning_baseline,,,,configs/experiments/phase3_generalization/scale_num_gu30_3uav30gu_t250.yaml,,/home/sgy/workspace/sagin_marl/runs/phase3/scale_transfer/scale_transfer_zero_shot_20260701_210556,/home/sgy/workspace/sagin_marl/runs/phase3/scale_transfer/scale_transfer_zero_shot_20260701_210556/eval_seed982000/full_topology_dpp_joint/scale_num_gu30_3uav30gu_t250,,/home/sgy/workspace/sagin_marl/runs/phase3/scale_transfer/scale_transfer_zero_shot_20260701_210556/combined_summary.csv,scenario=scale_num_gu30_3uav30gu_t250;kind=baseline;method=full_topology_dpp_joint;episode_seed_base=982000,982000,,64,64,64,codex/phase3-scenario-generalization,5da4c19abf148d92655d89a19a7319ec23d77b3c,ok,22.09954539197497,,,0.27806922826337827,,0.6142879608576901,,,,,10.019197005205163,42.05086810266275,601151834.7846367,0.9800625004786997,,0.234375,,0.234375,200.796875,0.27806875320831864,,,,,,,,,,,,,,,,,,,Nearby scale zero-shot; strict load issue rows should remain zero.
phase3_scale_transfer_zero_shot,scale_num_uav2_2uav20gu_t250__learned__phase2_mc_seed45211_u400__982000,evaluation seed row,scale_num_uav2_2uav20gu_t250,learned,phase2_mc_seed45211_u400,learned_policy,45211,bootstrap_gae,400,configs/experiments/phase3_generalization/scale_num_uav2_2uav20gu_t250.yaml,/home/sgy/workspace/sagin_marl/runs/method_validation/horizon_fairness_mc_vs_bootstrap_threshold_u0_rep2_20260625_204118/mc_seed45211/checkpoint_update0400.pt,/home/sgy/workspace/sagin_marl/runs/phase3/scale_transfer/scale_transfer_zero_shot_20260701_210556,/home/sgy/workspace/sagin_marl/runs/phase3/scale_transfer/scale_transfer_zero_shot_20260701_210556/eval_seed982000/phase2_mc_seed45211_u400/scale_num_uav2_2uav20gu_t250,,/home/sgy/workspace/sagin_marl/runs/phase3/scale_transfer/scale_transfer_zero_shot_20260701_210556/combined_summary.csv,scenario=scale_num_uav2_2uav20gu_t250;kind=learned;method=phase2_mc_seed45211_u400;episode_seed_base=982000,982000,,64,64,64,codex/phase3-scenario-generalization,5da4c19abf148d92655d89a19a7319ec23d77b3c,ok,36.96933280583471,,,0.6629249295750634,,0.2886498329296973,,,,,11.182484260126948,20.359393311463297,447299365.1895626,0.86728125,,0.0,,0.0,250.0,0.6630547635722928,,,,,,,,,,,,,,,,,,,Nearby scale zero-shot; strict load issue rows should remain zero.
phase3_scale_transfer_zero_shot,scale_num_uav2_2uav20gu_t250__learned__phase2_bootstrap_seed45211_u575__982000,evaluation seed row,scale_num_uav2_2uav20gu_t250,learned,phase2_bootstrap_seed45211_u575,learned_policy,45211,bootstrap_gae,575,configs/experiments/phase3_generalization/scale_num_uav2_2uav20gu_t250.yaml,/home/sgy/workspace/sagin_marl/runs/method_validation/horizon_fairness_mc_vs_bootstrap_threshold_u0_rep2_20260625_204118/bootstrap_seed45211/checkpoint_update0575.pt,/home/sgy/workspace/sagin_marl/runs/phase3/scale_transfer/scale_transfer_zero_shot_20260701_210556,/home/sgy/workspace/sagin_marl/runs/phase3/scale_transfer/scale_transfer_zero_shot_20260701_210556/eval_seed982000/phase2_bootstrap_seed45211_u575/scale_num_uav2_2uav20gu_t250,,/home/sgy/workspace/sagin_marl/runs/phase3/scale_transfer/scale_transfer_zero_shot_20260701_210556/combined_summary.csv,scenario=scale_num_uav2_2uav20gu_t250;kind=learned;method=phase2_bootstrap_seed45211_u575;episode_seed_base=982000,982000,,64,64,64,codex/phase3-scenario-generalization,5da4c19abf148d92655d89a19a7319ec23d77b3c,ok,36.806845440063626,,,0.6653238717694765,,0.2872280792371266,,,,,11.378950536468997,20.71126573364623,455158015.9453125,0.7656249999999997,,0.0,,0.0,250.0,0.6653225926405286,,,,,,,,,,,,,,,,,,,Nearby scale zero-shot; strict load issue rows should remain zero.
phase3_scale_transfer_zero_shot,scale_num_uav2_2uav20gu_t250__baseline__queue_aware__982000,evaluation seed row,scale_num_uav2_2uav20gu_t250,baseline,queue_aware,non_learning_baseline,,,,configs/experiments/phase3_generalization/scale_num_uav2_2uav20gu_t250.yaml,,/home/sgy/workspace/sagin_marl/runs/phase3/scale_transfer/scale_transfer_zero_shot_20260701_210556,/home/sgy/workspace/sagin_marl/runs/phase3/scale_transfer/scale_transfer_zero_shot_20260701_210556/eval_seed982000/queue_aware/scale_num_uav2_2uav20gu_t250,,/home/sgy/workspace/sagin_marl/runs/phase3/scale_transfer/scale_transfer_zero_shot_20260701_210556/combined_summary.csv,scenario=scale_num_uav2_2uav20gu_t250;kind=baseline;method=queue_aware;episode_seed_base=982000,982000,,64,64,64,codex/phase3-scenario-generalization,5da4c19abf148d92655d89a19a7319ec23d77b3c,ok,26.60750899335835,,,0.4831738065981161,,0.39343936397601675,,,,,13.888063180411109,32.55388037904204,555522520.6201464,0.9762937091503268,,0.3125,,0.3125,200.03125,0.4831735608838101,,,,,,,,,,,,,,,,,,,Nearby scale zero-shot; strict load issue rows should remain zero.
phase3_scale_transfer_zero_shot,scale_num_uav2_2uav20gu_t250__baseline__observable_cluster_queue_aware__982000,evaluation seed row,scale_num_uav2_2uav20gu_t250,baseline,observable_cluster_queue_aware,non_learning_baseline,,,,configs/experiments/phase3_generalization/scale_num_uav2_2uav20gu_t250.yaml,,/home/sgy/workspace/sagin_marl/runs/phase3/scale_transfer/scale_transfer_zero_shot_20260701_210556,/home/sgy/workspace/sagin_marl/runs/phase3/scale_transfer/scale_transfer_zero_shot_20260701_210556/eval_seed982000/observable_cluster_queue_aware/scale_num_uav2_2uav20gu_t250,,/home/sgy/workspace/sagin_marl/runs/phase3/scale_transfer/scale_transfer_zero_shot_20260701_210556/combined_summary.csv,scenario=scale_num_uav2_2uav20gu_t250;kind=baseline;method=observable_cluster_queue_aware;episode_seed_base=982000,982000,,64,64,64,codex/phase3-scenario-generalization,5da4c19abf148d92655d89a19a7319ec23d77b3c,ok,32.93229333276395,,,0.6053252063585807,,0.3295299611104447,,,,,12.934378458527394,24.762906990605895,517375132.5095941,0.8938863146551723,,0.0625,,0.0625,239.21875,0.6053243442593358,,,,,,,,,,,,,,,,,,,Nearby scale zero-shot; strict load issue rows should remain zero.
phase3_scale_transfer_zero_shot,scale_num_uav2_2uav20gu_t250__baseline__cluster_center_queue_aware__982000,evaluation seed row,scale_num_uav2_2uav20gu_t250,baseline,cluster_center_queue_aware,non_learning_baseline,,,,configs/experiments/phase3_generalization/scale_num_uav2_2uav20gu_t250.yaml,,/home/sgy/workspace/sagin_marl/runs/phase3/scale_transfer/scale_transfer_zero_shot_20260701_210556,/home/sgy/workspace/sagin_marl/runs/phase3/scale_transfer/scale_transfer_zero_shot_20260701_210556/eval_seed982000/cluster_center_queue_aware/scale_num_uav2_2uav20gu_t250,,/home/sgy/workspace/sagin_marl/runs/phase3/scale_transfer/scale_transfer_zero_shot_20260701_210556/combined_summary.csv,scenario=scale_num_uav2_2uav20gu_t250;kind=baseline;method=cluster_center_queue_aware;episode_seed_base=982000,982000,,64,64,64,codex/phase3-scenario-generalization,5da4c19abf148d92655d89a19a7319ec23d77b3c,ok,36.158888377132826,,,0.751584279029397,,0.2052159881328615,,,,,10.464408611983059,16.145673385009168,418576339.7400625,0.86025,,0.0,,0.0,250.0,0.7529304427258853,,,,,,,,,,,,,,,,,,,Nearby scale zero-shot; strict load issue rows should remain zero.
phase3_scale_transfer_zero_shot,scale_num_uav2_2uav20gu_t250__baseline__maxweight_lyapunov__982000,evaluation seed row,scale_num_uav2_2uav20gu_t250,baseline,maxweight_lyapunov,non_learning_baseline,,,,configs/experiments/phase3_generalization/scale_num_uav2_2uav20gu_t250.yaml,,/home/sgy/workspace/sagin_marl/runs/phase3/scale_transfer/scale_transfer_zero_shot_20260701_210556,/home/sgy/workspace/sagin_marl/runs/phase3/scale_transfer/scale_transfer_zero_shot_20260701_210556/eval_seed982000/maxweight_lyapunov/scale_num_uav2_2uav20gu_t250,,/home/sgy/workspace/sagin_marl/runs/phase3/scale_transfer/scale_transfer_zero_shot_20260701_210556/combined_summary.csv,scenario=scale_num_uav2_2uav20gu_t250;kind=baseline;method=maxweight_lyapunov;episode_seed_base=982000,982000,,64,64,64,codex/phase3-scenario-generalization,5da4c19abf148d92655d89a19a7319ec23d77b3c,ok,35.635484094615094,,,0.7116825915935915,,0.23918921335503016,,,,,11.949704191595318,19.285458969999105,477988161.92600006,0.9904687499999998,,0.0,,0.0,250.0,0.711781389729952,,,,,,,,,,,,,,,,,,,Nearby scale zero-shot; strict load issue rows should remain zero.
phase3_scale_transfer_zero_shot,scale_num_uav2_2uav20gu_t250__baseline__dpp_resource_hybrid_native__982000,evaluation seed row,scale_num_uav2_2uav20gu_t250,baseline,dpp_resource_hybrid_native,non_learning_baseline,,,,configs/experiments/phase3_generalization/scale_num_uav2_2uav20gu_t250.yaml,,/home/sgy/workspace/sagin_marl/runs/phase3/scale_transfer/scale_transfer_zero_shot_20260701_210556,/home/sgy/workspace/sagin_marl/runs/phase3/scale_transfer/scale_transfer_zero_shot_20260701_210556/eval_seed982000/dpp_resource_hybrid_native/scale_num_uav2_2uav20gu_t250,,/home/sgy/workspace/sagin_marl/runs/phase3/scale_transfer/scale_transfer_zero_shot_20260701_210556/combined_summary.csv,scenario=scale_num_uav2_2uav20gu_t250;kind=baseline;method=dpp_resource_hybrid_native;episode_seed_base=982000,982000,,64,64,64,codex/phase3-scenario-generalization,5da4c19abf148d92655d89a19a7319ec23d77b3c,ok,32.391106044873595,,,0.6681831532807554,,0.27058390221490985,,,,,14.262915758509195,24.946909734915938,570516623.642375,0.86025,,0.0,,0.0,250.0,0.6683223987339042,,,,,,,,,,,,,,,,,,,Nearby scale zero-shot; strict load issue rows should remain zero.
phase3_scale_transfer_zero_shot,scale_num_uav2_2uav20gu_t250__baseline__topology_dpp_native_bw_sat_cached__982000,evaluation seed row,scale_num_uav2_2uav20gu_t250,baseline,topology_dpp_native_bw_sat_cached,non_learning_baseline,,,,configs/experiments/phase3_generalization/scale_num_uav2_2uav20gu_t250.yaml,,/home/sgy/workspace/sagin_marl/runs/phase3/scale_transfer/scale_transfer_zero_shot_20260701_210556,/home/sgy/workspace/sagin_marl/runs/phase3/scale_transfer/scale_transfer_zero_shot_20260701_210556/eval_seed982000/topology_dpp_native_bw_sat_cached/scale_num_uav2_2uav20gu_t250,,/home/sgy/workspace/sagin_marl/runs/phase3/scale_transfer/scale_transfer_zero_shot_20260701_210556/combined_summary.csv,scenario=scale_num_uav2_2uav20gu_t250;kind=baseline;method=topology_dpp_native_bw_sat_cached;episode_seed_base=982000,982000,,64,64,64,codex/phase3-scenario-generalization,5da4c19abf148d92655d89a19a7319ec23d77b3c,ok,32.3859873249894,,,0.6683234155953397,,0.27058390221490985,,,,,14.260899029511961,24.947838756661856,570435954.5283749,0.99575,,0.0,,0.0,250.0,0.6683223987339042,,,,,,,,,,,,,,,,,,,Nearby scale zero-shot; strict load issue rows should remain zero.
phase3_scale_transfer_zero_shot,scale_num_uav2_2uav20gu_t250__baseline__full_topology_dpp_joint__982000,evaluation seed row,scale_num_uav2_2uav20gu_t250,baseline,full_topology_dpp_joint,non_learning_baseline,,,,configs/experiments/phase3_generalization/scale_num_uav2_2uav20gu_t250.yaml,,/home/sgy/workspace/sagin_marl/runs/phase3/scale_transfer/scale_transfer_zero_shot_20260701_210556,/home/sgy/workspace/sagin_marl/runs/phase3/scale_transfer/scale_transfer_zero_shot_20260701_210556/eval_seed982000/full_topology_dpp_joint/scale_num_uav2_2uav20gu_t250,,/home/sgy/workspace/sagin_marl/runs/phase3/scale_transfer/scale_transfer_zero_shot_20260701_210556/combined_summary.csv,scenario=scale_num_uav2_2uav20gu_t250;kind=baseline;method=full_topology_dpp_joint;episode_seed_base=982000,982000,,64,64,64,codex/phase3-scenario-generalization,5da4c19abf148d92655d89a19a7319ec23d77b3c,ok,25.344176038750447,,,0.37975168103589346,,0.488025183348174,,,,,17.66650144270951,50.93147346999546,706660049.289866,0.99575,,0.09375,,0.09375,228.890625,0.37975115859414993,,,,,,,,,,,,,,,,,,,Nearby scale zero-shot; strict load issue rows should remain zero.
phase3_scale_transfer_zero_shot,scale_num_uav4_4uav20gu_t250__learned__phase2_mc_seed45211_u400__982000,evaluation seed row,scale_num_uav4_4uav20gu_t250,learned,phase2_mc_seed45211_u400,learned_policy,45211,bootstrap_gae,400,configs/experiments/phase3_generalization/scale_num_uav4_4uav20gu_t250.yaml,/home/sgy/workspace/sagin_marl/runs/method_validation/horizon_fairness_mc_vs_bootstrap_threshold_u0_rep2_20260625_204118/mc_seed45211/checkpoint_update0400.pt,/home/sgy/workspace/sagin_marl/runs/phase3/scale_transfer/scale_transfer_zero_shot_20260701_210556,/home/sgy/workspace/sagin_marl/runs/phase3/scale_transfer/scale_transfer_zero_shot_20260701_210556/eval_seed982000/phase2_mc_seed45211_u400/scale_num_uav4_4uav20gu_t250,,/home/sgy/workspace/sagin_marl/runs/phase3/scale_transfer/scale_transfer_zero_shot_20260701_210556/combined_summary.csv,scenario=scale_num_uav4_4uav20gu_t250;kind=learned;method=phase2_mc_seed45211_u400;episode_seed_base=982000,982000,,64,64,64,codex/phase3-scenario-generalization,5da4c19abf148d92655d89a19a7319ec23d77b3c,ok,49.94120142515749,,,0.8580809824462631,,0.09556365931508815,,,,,7.9220987706478665,10.763443591626288,316883946.99426955,0.9057760457098483,,0.03125,,0.03125,245.1875,0.8798530761660063,,,,,,,,,,,,,,,,,,,Nearby scale zero-shot; strict load issue rows should remain zero.
phase3_scale_transfer_zero_shot,scale_num_uav4_4uav20gu_t250__learned__phase2_bootstrap_seed45211_u575__982000,evaluation seed row,scale_num_uav4_4uav20gu_t250,learned,phase2_bootstrap_seed45211_u575,learned_policy,45211,bootstrap_gae,575,configs/experiments/phase3_generalization/scale_num_uav4_4uav20gu_t250.yaml,/home/sgy/workspace/sagin_marl/runs/method_validation/horizon_fairness_mc_vs_bootstrap_threshold_u0_rep2_20260625_204118/bootstrap_seed45211/checkpoint_update0575.pt,/home/sgy/workspace/sagin_marl/runs/phase3/scale_transfer/scale_transfer_zero_shot_20260701_210556,/home/sgy/workspace/sagin_marl/runs/phase3/scale_transfer/scale_transfer_zero_shot_20260701_210556/eval_seed982000/phase2_bootstrap_seed45211_u575/scale_num_uav4_4uav20gu_t250,,/home/sgy/workspace/sagin_marl/runs/phase3/scale_transfer/scale_transfer_zero_shot_20260701_210556/combined_summary.csv,scenario=scale_num_uav4_4uav20gu_t250;kind=learned;method=phase2_bootstrap_seed45211_u575;episode_seed_base=982000,982000,,64,64,64,codex/phase3-scenario-generalization,5da4c19abf148d92655d89a19a7319ec23d77b3c,ok,53.668095365632325,,,0.8816860241354441,,0.09624074909465023,,,,,5.554058164519459,7.551817410114001,222162323.39874995,0.7340677192974838,,0.0,,0.0,250.0,0.882908326807972,,,,,,,,,,,,,,,,,,,Nearby scale zero-shot; strict load issue rows should remain zero.
phase3_scale_transfer_zero_shot,scale_num_uav4_4uav20gu_t250__baseline__queue_aware__982000,evaluation seed row,scale_num_uav4_4uav20gu_t250,baseline,queue_aware,non_learning_baseline,,,,configs/experiments/phase3_generalization/scale_num_uav4_4uav20gu_t250.yaml,,/home/sgy/workspace/sagin_marl/runs/phase3/scale_transfer/scale_transfer_zero_shot_20260701_210556,/home/sgy/workspace/sagin_marl/runs/phase3/scale_transfer/scale_transfer_zero_shot_20260701_210556/eval_seed982000/queue_aware/scale_num_uav4_4uav20gu_t250,,/home/sgy/workspace/sagin_marl/runs/phase3/scale_transfer/scale_transfer_zero_shot_20260701_210556/combined_summary.csv,scenario=scale_num_uav4_4uav20gu_t250;kind=baseline;method=queue_aware;episode_seed_base=982000,982000,,64,64,64,codex/phase3-scenario-generalization,5da4c19abf148d92655d89a19a7319ec23d77b3c,ok,12.156658420339227,,,0.47030724562778137,,0.28937552035275155,,,,,9.381071195279468,23.117430927073272,375242843.5730955,0.998916400688404,,0.984375,,0.984375,83.671875,0.4716527291060796,,,,,,,,,,,,,,,,,,,Nearby scale zero-shot; strict load issue rows should remain zero.
phase3_scale_transfer_zero_shot,scale_num_uav4_4uav20gu_t250__baseline__observable_cluster_queue_aware__982000,evaluation seed row,scale_num_uav4_4uav20gu_t250,baseline,observable_cluster_queue_aware,non_learning_baseline,,,,configs/experiments/phase3_generalization/scale_num_uav4_4uav20gu_t250.yaml,,/home/sgy/workspace/sagin_marl/runs/phase3/scale_transfer/scale_transfer_zero_shot_20260701_210556,/home/sgy/workspace/sagin_marl/runs/phase3/scale_transfer/scale_transfer_zero_shot_20260701_210556/eval_seed982000/observable_cluster_queue_aware/scale_num_uav4_4uav20gu_t250,,/home/sgy/workspace/sagin_marl/runs/phase3/scale_transfer/scale_transfer_zero_shot_20260701_210556/combined_summary.csv,scenario=scale_num_uav4_4uav20gu_t250;kind=baseline;method=observable_cluster_queue_aware;episode_seed_base=982000,982000,,64,64,64,codex/phase3-scenario-generalization,5da4c19abf148d92655d89a19a7319ec23d77b3c,ok,27.479595903656445,,,0.6523304111952429,,0.2503257819207336,,,,,9.420749711034176,16.853423149084968,376829984.1708497,0.9739289437507411,,0.5,,0.5,180.625,0.6536757442070551,,,,,,,,,,,,,,,,,,,Nearby scale zero-shot; strict load issue rows should remain zero.
phase3_scale_transfer_zero_shot,scale_num_uav4_4uav20gu_t250__baseline__cluster_center_queue_aware__982000,evaluation seed row,scale_num_uav4_4uav20gu_t250,baseline,cluster_center_queue_aware,non_learning_baseline,,,,configs/experiments/phase3_generalization/scale_num_uav4_4uav20gu_t250.yaml,,/home/sgy/workspace/sagin_marl/runs/phase3/scale_transfer/scale_transfer_zero_shot_20260701_210556,/home/sgy/workspace/sagin_marl/runs/phase3/scale_transfer/scale_transfer_zero_shot_20260701_210556/eval_seed982000/cluster_center_queue_aware/scale_num_uav4_4uav20gu_t250,,/home/sgy/workspace/sagin_marl/runs/phase3/scale_transfer/scale_transfer_zero_shot_20260701_210556/combined_summary.csv,scenario=scale_num_uav4_4uav20gu_t250;kind=baseline;method=cluster_center_queue_aware;episode_seed_base=982000,982000,,64,64,64,codex/phase3-scenario-generalization,5da4c19abf148d92655d89a19a7319ec23d77b3c,ok,9.828062513377517,,,0.6271874189097147,,0.180985960917304,,,,,7.594568955875619,15.337755212841767,303782754.8442206,1.0,,1.0,,1.0,58.5,0.6392662271776685,,,,,,,,,,,,,,,,,,,Nearby scale zero-shot; strict load issue rows should remain zero.
phase3_scale_transfer_zero_shot,scale_num_uav4_4uav20gu_t250__baseline__maxweight_lyapunov__982000,evaluation seed row,scale_num_uav4_4uav20gu_t250,baseline,maxweight_lyapunov,non_learning_baseline,,,,configs/experiments/phase3_generalization/scale_num_uav4_4uav20gu_t250.yaml,,/home/sgy/workspace/sagin_marl/runs/phase3/scale_transfer/scale_transfer_zero_shot_20260701_210556,/home/sgy/workspace/sagin_marl/runs/phase3/scale_transfer/scale_transfer_zero_shot_20260701_210556/eval_seed982000/maxweight_lyapunov/scale_num_uav4_4uav20gu_t250,,/home/sgy/workspace/sagin_marl/runs/phase3/scale_transfer/scale_transfer_zero_shot_20260701_210556/combined_summary.csv,scenario=scale_num_uav4_4uav20gu_t250;kind=baseline;method=maxweight_lyapunov;episode_seed_base=982000,982000,,64,64,64,codex/phase3-scenario-generalization,5da4c19abf148d92655d89a19a7319ec23d77b3c,ok,40.8267119951779,,,0.7781251998051968,,0.18253384611640375,,,,,9.035723482055191,13.617332233504696,361428935.03659827,0.9872708334513008,,0.015625,,0.015625,248.28125,0.7862744489077971,,,,,,,,,,,,,,,,,,,Nearby scale zero-shot; strict load issue rows should remain zero.
phase3_scale_transfer_zero_shot,scale_num_uav4_4uav20gu_t250__baseline__dpp_resource_hybrid_native__982000,evaluation seed row,scale_num_uav4_4uav20gu_t250,baseline,dpp_resource_hybrid_native,non_learning_baseline,,,,configs/experiments/phase3_generalization/scale_num_uav4_4uav20gu_t250.yaml,,/home/sgy/workspace/sagin_marl/runs/phase3/scale_transfer/scale_transfer_zero_shot_20260701_210556,/home/sgy/workspace/sagin_marl/runs/phase3/scale_transfer/scale_transfer_zero_shot_20260701_210556/eval_seed982000/dpp_resource_hybrid_native/scale_num_uav4_4uav20gu_t250,,/home/sgy/workspace/sagin_marl/runs/phase3/scale_transfer/scale_transfer_zero_shot_20260701_210556/combined_summary.csv,scenario=scale_num_uav4_4uav20gu_t250;kind=baseline;method=dpp_resource_hybrid_native;episode_seed_base=982000,982000,,64,64,64,codex/phase3-scenario-generalization,5da4c19abf148d92655d89a19a7319ec23d77b3c,ok,9.40415374666918,,,0.5937139216630603,,0.19858259733477254,,,,,8.29133546691765,18.29659417594429,331653414.6960254,1.0,,1.0,,1.0,58.5,0.5986359527459253,,,,,,,,,,,,,,,,,,,Nearby scale zero-shot; strict load issue rows should remain zero.
phase3_scale_transfer_zero_shot,scale_num_uav4_4uav20gu_t250__baseline__topology_dpp_native_bw_sat_cached__982000,evaluation seed row,scale_num_uav4_4uav20gu_t250,baseline,topology_dpp_native_bw_sat_cached,non_learning_baseline,,,,configs/experiments/phase3_generalization/scale_num_uav4_4uav20gu_t250.yaml,,/home/sgy/workspace/sagin_marl/runs/phase3/scale_transfer/scale_transfer_zero_shot_20260701_210556,/home/sgy/workspace/sagin_marl/runs/phase3/scale_transfer/scale_transfer_zero_shot_20260701_210556/eval_seed982000/topology_dpp_native_bw_sat_cached/scale_num_uav4_4uav20gu_t250,,/home/sgy/workspace/sagin_marl/runs/phase3/scale_transfer/scale_transfer_zero_shot_20260701_210556/combined_summary.csv,scenario=scale_num_uav4_4uav20gu_t250;kind=baseline;method=topology_dpp_native_bw_sat_cached;episode_seed_base=982000,982000,,64,64,64,codex/phase3-scenario-generalization,5da4c19abf148d92655d89a19a7319ec23d77b3c,ok,9.348276391276158,,,0.5442624504399193,,0.20265431260359693,,,,,9.266463086960282,22.864514475002597,370658519.23492616,0.9480219788271574,,1.0,,1.0,58.5,0.5986359527459253,,,,,,,,,,,,,,,,,,,Nearby scale zero-shot; strict load issue rows should remain zero.
phase3_scale_transfer_zero_shot,scale_num_uav4_4uav20gu_t250__baseline__full_topology_dpp_joint__982000,evaluation seed row,scale_num_uav4_4uav20gu_t250,baseline,full_topology_dpp_joint,non_learning_baseline,,,,configs/experiments/phase3_generalization/scale_num_uav4_4uav20gu_t250.yaml,,/home/sgy/workspace/sagin_marl/runs/phase3/scale_transfer/scale_transfer_zero_shot_20260701_210556,/home/sgy/workspace/sagin_marl/runs/phase3/scale_transfer/scale_transfer_zero_shot_20260701_210556/eval_seed982000/full_topology_dpp_joint/scale_num_uav4_4uav20gu_t250,,/home/sgy/workspace/sagin_marl/runs/phase3/scale_transfer/scale_transfer_zero_shot_20260701_210556/combined_summary.csv,scenario=scale_num_uav4_4uav20gu_t250;kind=baseline;method=full_topology_dpp_joint;episode_seed_base=982000,982000,,64,64,64,codex/phase3-scenario-generalization,5da4c19abf148d92655d89a19a7319ec23d77b3c,ok,21.315611735568382,,,0.4024698713856221,,0.38681748482006045,,,,,12.659458284313297,36.536856923124255,506378325.54148376,0.9982638888888888,,0.40625,,0.40625,163.359375,0.4044517657274182,,,,,,,,,,,,,,,,,,,Nearby scale zero-shot; strict load issue rows should remain zero.
phase3_scale_transfer_zero_shot,scale_visible_sats4_3uav20gu_t250__learned__phase2_mc_seed45211_u400__982000,evaluation seed row,scale_visible_sats4_3uav20gu_t250,learned,phase2_mc_seed45211_u400,learned_policy,45211,bootstrap_gae,400,configs/experiments/phase3_generalization/scale_visible_sats4_3uav20gu_t250.yaml,/home/sgy/workspace/sagin_marl/runs/method_validation/horizon_fairness_mc_vs_bootstrap_threshold_u0_rep2_20260625_204118/mc_seed45211/checkpoint_update0400.pt,/home/sgy/workspace/sagin_marl/runs/phase3/scale_transfer/scale_transfer_zero_shot_20260701_210556,/home/sgy/workspace/sagin_marl/runs/phase3/scale_transfer/scale_transfer_zero_shot_20260701_210556/eval_seed982000/phase2_mc_seed45211_u400/scale_visible_sats4_3uav20gu_t250,,/home/sgy/workspace/sagin_marl/runs/phase3/scale_transfer/scale_transfer_zero_shot_20260701_210556/combined_summary.csv,scenario=scale_visible_sats4_3uav20gu_t250;kind=learned;method=phase2_mc_seed45211_u400;episode_seed_base=982000,982000,,64,64,64,codex/phase3-scenario-generalization,5da4c19abf148d92655d89a19a7319ec23d77b3c,ok,58.9767107674852,,,0.9220265864292158,,0.05374938015805054,,,,,5.414049301389899,6.785272347631027,216561969.32687497,0.8995208386071029,,0.0,,0.0,250.0,0.9315787395431965,,,,,,,,,,,,,,,,,,,Nearby scale zero-shot; strict load issue rows should remain zero.
phase3_scale_transfer_zero_shot,scale_visible_sats4_3uav20gu_t250__learned__phase2_bootstrap_seed45211_u575__982000,evaluation seed row,scale_visible_sats4_3uav20gu_t250,learned,phase2_bootstrap_seed45211_u575,learned_policy,45211,bootstrap_gae,575,configs/experiments/phase3_generalization/scale_visible_sats4_3uav20gu_t250.yaml,/home/sgy/workspace/sagin_marl/runs/method_validation/horizon_fairness_mc_vs_bootstrap_threshold_u0_rep2_20260625_204118/bootstrap_seed45211/checkpoint_update0575.pt,/home/sgy/workspace/sagin_marl/runs/phase3/scale_transfer/scale_transfer_zero_shot_20260701_210556,/home/sgy/workspace/sagin_marl/runs/phase3/scale_transfer/scale_transfer_zero_shot_20260701_210556/eval_seed982000/phase2_bootstrap_seed45211_u575/scale_visible_sats4_3uav20gu_t250,,/home/sgy/workspace/sagin_marl/runs/phase3/scale_transfer/scale_transfer_zero_shot_20260701_210556/combined_summary.csv,scenario=scale_visible_sats4_3uav20gu_t250;kind=learned;method=phase2_bootstrap_seed45211_u575;episode_seed_base=982000,982000,,64,64,64,codex/phase3-scenario-generalization,5da4c19abf148d92655d89a19a7319ec23d77b3c,ok,57.8743803454563,,,0.9254930448178204,,0.05932384522697519,,,,,5.011722533088499,6.390908717170872,200468898.67643744,0.7076562636848538,,0.0,,0.0,250.0,0.9256760920384204,,,,,,,,,,,,,,,,,,,Nearby scale zero-shot; strict load issue rows should remain zero.
phase3_scale_transfer_zero_shot,scale_visible_sats4_3uav20gu_t250__baseline__queue_aware__982000,evaluation seed row,scale_visible_sats4_3uav20gu_t250,baseline,queue_aware,non_learning_baseline,,,,configs/experiments/phase3_generalization/scale_visible_sats4_3uav20gu_t250.yaml,,/home/sgy/workspace/sagin_marl/runs/phase3/scale_transfer/scale_transfer_zero_shot_20260701_210556,/home/sgy/workspace/sagin_marl/runs/phase3/scale_transfer/scale_transfer_zero_shot_20260701_210556/eval_seed982000/queue_aware/scale_visible_sats4_3uav20gu_t250,,/home/sgy/workspace/sagin_marl/runs/phase3/scale_transfer/scale_transfer_zero_shot_20260701_210556/combined_summary.csv,scenario=scale_visible_sats4_3uav20gu_t250;kind=baseline;method=queue_aware;episode_seed_base=982000,982000,,64,64,64,codex/phase3-scenario-generalization,5da4c19abf148d92655d89a19a7319ec23d77b3c,ok,20.16624950885307,,,0.49604587416160134,,0.3436346153921788,,,,,11.65775527645359,27.27002894158284,466310205.5708282,0.8903100611470587,,0.765625,,0.765625,145.71875,0.4964376308620223,,,,,,,,,,,,,,,,,,,Nearby scale zero-shot; strict load issue rows should remain zero.
phase3_scale_transfer_zero_shot,scale_visible_sats4_3uav20gu_t250__baseline__observable_cluster_queue_aware__982000,evaluation seed row,scale_visible_sats4_3uav20gu_t250,baseline,observable_cluster_queue_aware,non_learning_baseline,,,,configs/experiments/phase3_generalization/scale_visible_sats4_3uav20gu_t250.yaml,,/home/sgy/workspace/sagin_marl/runs/phase3/scale_transfer/scale_transfer_zero_shot_20260701_210556,/home/sgy/workspace/sagin_marl/runs/phase3/scale_transfer/scale_transfer_zero_shot_20260701_210556/eval_seed982000/observable_cluster_queue_aware/scale_visible_sats4_3uav20gu_t250,,/home/sgy/workspace/sagin_marl/runs/phase3/scale_transfer/scale_transfer_zero_shot_20260701_210556/combined_summary.csv,scenario=scale_visible_sats4_3uav20gu_t250;kind=baseline;method=observable_cluster_queue_aware;episode_seed_base=982000,982000,,64,64,64,codex/phase3-scenario-generalization,5da4c19abf148d92655d89a19a7319ec23d77b3c,ok,29.257285541621968,,,0.6296923229503102,,0.26531915820182805,,,,,10.337001985818196,19.26851695208297,413480074.7575307,0.7538639585738476,,0.328125,,0.328125,200.03125,0.6302689447354102,,,,,,,,,,,,,,,,,,,Nearby scale zero-shot; strict load issue rows should remain zero.
phase3_scale_transfer_zero_shot,scale_visible_sats4_3uav20gu_t250__baseline__cluster_center_queue_aware__982000,evaluation seed row,scale_visible_sats4_3uav20gu_t250,baseline,cluster_center_queue_aware,non_learning_baseline,,,,configs/experiments/phase3_generalization/scale_visible_sats4_3uav20gu_t250.yaml,,/home/sgy/workspace/sagin_marl/runs/phase3/scale_transfer/scale_transfer_zero_shot_20260701_210556,/home/sgy/workspace/sagin_marl/runs/phase3/scale_transfer/scale_transfer_zero_shot_20260701_210556/eval_seed982000/cluster_center_queue_aware/scale_visible_sats4_3uav20gu_t250,,/home/sgy/workspace/sagin_marl/runs/phase3/scale_transfer/scale_transfer_zero_shot_20260701_210556/combined_summary.csv,scenario=scale_visible_sats4_3uav20gu_t250;kind=baseline;method=cluster_center_queue_aware;episode_seed_base=982000,982000,,64,64,64,codex/phase3-scenario-generalization,5da4c19abf148d92655d89a19a7319ec23d77b3c,ok,45.4253163037356,,,0.8852332909952383,,0.07711841082882634,,,,,8.081020692787602,10.941264179212974,323240823.91024995,0.6353645965494216,,0.0,,0.0,250.0,0.9020095824018807,,,,,,,,,,,,,,,,,,,Nearby scale zero-shot; strict load issue rows should remain zero.
phase3_scale_transfer_zero_shot,scale_visible_sats4_3uav20gu_t250__baseline__maxweight_lyapunov__982000,evaluation seed row,scale_visible_sats4_3uav20gu_t250,baseline,maxweight_lyapunov,non_learning_baseline,,,,configs/experiments/phase3_generalization/scale_visible_sats4_3uav20gu_t250.yaml,,/home/sgy/workspace/sagin_marl/runs/phase3/scale_transfer/scale_transfer_zero_shot_20260701_210556,/home/sgy/workspace/sagin_marl/runs/phase3/scale_transfer/scale_transfer_zero_shot_20260701_210556/eval_seed982000/maxweight_lyapunov/scale_visible_sats4_3uav20gu_t250,,/home/sgy/workspace/sagin_marl/runs/phase3/scale_transfer/scale_transfer_zero_shot_20260701_210556/combined_summary.csv,scenario=scale_visible_sats4_3uav20gu_t250;kind=baseline;method=maxweight_lyapunov;episode_seed_base=982000,982000,,64,64,64,codex/phase3-scenario-generalization,5da4c19abf148d92655d89a19a7319ec23d77b3c,ok,42.31540437892545,,,0.8497345609974578,,0.11715247867152885,,,,,7.999204472928541,11.195574200112839,319968175.17481244,0.9717187516205014,,0.0,,0.0,250.0,0.8552076488055617,,,,,,,,,,,,,,,,,,,Nearby scale zero-shot; strict load issue rows should remain zero.
phase3_scale_transfer_zero_shot,scale_visible_sats4_3uav20gu_t250__baseline__dpp_resource_hybrid_native__982000,evaluation seed row,scale_visible_sats4_3uav20gu_t250,baseline,dpp_resource_hybrid_native,non_learning_baseline,,,,configs/experiments/phase3_generalization/scale_visible_sats4_3uav20gu_t250.yaml,,/home/sgy/workspace/sagin_marl/runs/phase3/scale_transfer/scale_transfer_zero_shot_20260701_210556,/home/sgy/workspace/sagin_marl/runs/phase3/scale_transfer/scale_transfer_zero_shot_20260701_210556/eval_seed982000/dpp_resource_hybrid_native/scale_visible_sats4_3uav20gu_t250,,/home/sgy/workspace/sagin_marl/runs/phase3/scale_transfer/scale_transfer_zero_shot_20260701_210556/combined_summary.csv,scenario=scale_visible_sats4_3uav20gu_t250;kind=baseline;method=dpp_resource_hybrid_native;episode_seed_base=982000,982000,,64,64,64,codex/phase3-scenario-generalization,5da4c19abf148d92655d89a19a7319ec23d77b3c,ok,40.57083969342057,,,0.8613459843676539,,0.09832829173274424,,,,,9.28032353585586,12.86969280650094,371212937.1496251,0.6353645965494216,,0.0,,0.0,250.0,0.8713225566042304,,,,,,,,,,,,,,,,,,,Nearby scale zero-shot; strict load issue rows should remain zero.
phase3_scale_transfer_zero_shot,scale_visible_sats4_3uav20gu_t250__baseline__topology_dpp_native_bw_sat_cached__982000,evaluation seed row,scale_visible_sats4_3uav20gu_t250,baseline,topology_dpp_native_bw_sat_cached,non_learning_baseline,,,,configs/experiments/phase3_generalization/scale_visible_sats4_3uav20gu_t250.yaml,,/home/sgy/workspace/sagin_marl/runs/phase3/scale_transfer/scale_transfer_zero_shot_20260701_210556,/home/sgy/workspace/sagin_marl/runs/phase3/scale_transfer/scale_transfer_zero_shot_20260701_210556/eval_seed982000/topology_dpp_native_bw_sat_cached/scale_visible_sats4_3uav20gu_t250,,/home/sgy/workspace/sagin_marl/runs/phase3/scale_transfer/scale_transfer_zero_shot_20260701_210556/combined_summary.csv,scenario=scale_visible_sats4_3uav20gu_t250;kind=baseline;method=topology_dpp_native_bw_sat_cached;episode_seed_base=982000,982000,,64,64,64,codex/phase3-scenario-generalization,5da4c19abf148d92655d89a19a7319ec23d77b3c,ok,40.60582094709389,,,0.8695599539559334,,0.09832829173274424,,,,,8.827647151071579,12.114623645387587,353105881.89312506,0.7954583392702045,,0.0,,0.0,250.0,0.8713225566042304,,,,,,,,,,,,,,,,,,,Nearby scale zero-shot; strict load issue rows should remain zero.
phase3_scale_transfer_zero_shot,scale_visible_sats4_3uav20gu_t250__baseline__full_topology_dpp_joint__982000,evaluation seed row,scale_visible_sats4_3uav20gu_t250,baseline,full_topology_dpp_joint,non_learning_baseline,,,,configs/experiments/phase3_generalization/scale_visible_sats4_3uav20gu_t250.yaml,,/home/sgy/workspace/sagin_marl/runs/phase3/scale_transfer/scale_transfer_zero_shot_20260701_210556,/home/sgy/workspace/sagin_marl/runs/phase3/scale_transfer/scale_transfer_zero_shot_20260701_210556/eval_seed982000/full_topology_dpp_joint/scale_visible_sats4_3uav20gu_t250,,/home/sgy/workspace/sagin_marl/runs/phase3/scale_transfer/scale_transfer_zero_shot_20260701_210556/combined_summary.csv,scenario=scale_visible_sats4_3uav20gu_t250;kind=baseline;method=full_topology_dpp_joint;episode_seed_base=982000,982000,,64,64,64,codex/phase3-scenario-generalization,5da4c19abf148d92655d89a19a7319ec23d77b3c,ok,24.803084030689206,,,0.41136396936759556,,0.43346489703478774,,,,,15.097300739012969,40.74009464383693,603892022.2452404,0.9848750003185123,,0.21875,,0.21875,203.4375,0.411363347338889,,,,,,,,,,,,,,,,,,,Nearby scale zero-shot; strict load issue rows should remain zero.
phase3_scale_transfer_zero_shot,scale_visible_sats8_3uav20gu_t250__learned__phase2_mc_seed45211_u400__982000,evaluation seed row,scale_visible_sats8_3uav20gu_t250,learned,phase2_mc_seed45211_u400,learned_policy,45211,bootstrap_gae,400,configs/experiments/phase3_generalization/scale_visible_sats8_3uav20gu_t250.yaml,/home/sgy/workspace/sagin_marl/runs/method_validation/horizon_fairness_mc_vs_bootstrap_threshold_u0_rep2_20260625_204118/mc_seed45211/checkpoint_update0400.pt,/home/sgy/workspace/sagin_marl/runs/phase3/scale_transfer/scale_transfer_zero_shot_20260701_210556,/home/sgy/workspace/sagin_marl/runs/phase3/scale_transfer/scale_transfer_zero_shot_20260701_210556/eval_seed982000/phase2_mc_seed45211_u400/scale_visible_sats8_3uav20gu_t250,,/home/sgy/workspace/sagin_marl/runs/phase3/scale_transfer/scale_transfer_zero_shot_20260701_210556/combined_summary.csv,scenario=scale_visible_sats8_3uav20gu_t250;kind=learned;method=phase2_mc_seed45211_u400;episode_seed_base=982000,982000,,64,64,64,codex/phase3-scenario-generalization,5da4c19abf148d92655d89a19a7319ec23d77b3c,ok,57.802565129706636,,,0.9161746365930884,,0.059659003261459495,,,,,5.525164309777846,7.052506479950891,221006569.67156252,0.8994166719391944,,0.0,,0.0,250.0,0.9255254855070139,,,,,,,,,,,,,,,,,,,Nearby scale zero-shot; strict load issue rows should remain zero.
phase3_scale_transfer_zero_shot,scale_visible_sats8_3uav20gu_t250__learned__phase2_bootstrap_seed45211_u575__982000,evaluation seed row,scale_visible_sats8_3uav20gu_t250,learned,phase2_bootstrap_seed45211_u575,learned_policy,45211,bootstrap_gae,575,configs/experiments/phase3_generalization/scale_visible_sats8_3uav20gu_t250.yaml,/home/sgy/workspace/sagin_marl/runs/method_validation/horizon_fairness_mc_vs_bootstrap_threshold_u0_rep2_20260625_204118/bootstrap_seed45211/checkpoint_update0575.pt,/home/sgy/workspace/sagin_marl/runs/phase3/scale_transfer/scale_transfer_zero_shot_20260701_210556,/home/sgy/workspace/sagin_marl/runs/phase3/scale_transfer/scale_transfer_zero_shot_20260701_210556/eval_seed982000/phase2_bootstrap_seed45211_u575/scale_visible_sats8_3uav20gu_t250,,/home/sgy/workspace/sagin_marl/runs/phase3/scale_transfer/scale_transfer_zero_shot_20260701_210556/combined_summary.csv,scenario=scale_visible_sats8_3uav20gu_t250;kind=learned;method=phase2_bootstrap_seed45211_u575;episode_seed_base=982000,982000,,64,64,64,codex/phase3-scenario-generalization,5da4c19abf148d92655d89a19a7319ec23d77b3c,ok,57.84958386491053,,,0.925660309505649,,0.05912172404758804,,,,,5.009408977700405,6.380375207112746,200376356.5759375,0.7068541805539276,,0.0,,0.0,250.0,0.9258430266575786,,,,,,,,,,,,,,,,,,,Nearby scale zero-shot; strict load issue rows should remain zero.
phase3_scale_transfer_zero_shot,scale_visible_sats8_3uav20gu_t250__baseline__queue_aware__982000,evaluation seed row,scale_visible_sats8_3uav20gu_t250,baseline,queue_aware,non_learning_baseline,,,,configs/experiments/phase3_generalization/scale_visible_sats8_3uav20gu_t250.yaml,,/home/sgy/workspace/sagin_marl/runs/phase3/scale_transfer/scale_transfer_zero_shot_20260701_210556,/home/sgy/workspace/sagin_marl/runs/phase3/scale_transfer/scale_transfer_zero_shot_20260701_210556/eval_seed982000/queue_aware/scale_visible_sats8_3uav20gu_t250,,/home/sgy/workspace/sagin_marl/runs/phase3/scale_transfer/scale_transfer_zero_shot_20260701_210556/combined_summary.csv,scenario=scale_visible_sats8_3uav20gu_t250;kind=baseline;method=queue_aware;episode_seed_base=982000,982000,,64,64,64,codex/phase3-scenario-generalization,5da4c19abf148d92655d89a19a7319ec23d77b3c,ok,20.166974498075433,,,0.4959572734461915,,0.3436346153921788,,,,,11.635661934717199,27.256149566788583,465426471.87636876,0.9676817919080106,,0.765625,,0.765625,145.71875,0.4964376308620223,,,,,,,,,,,,,,,,,,,Nearby scale zero-shot; strict load issue rows should remain zero.
phase3_scale_transfer_zero_shot,scale_visible_sats8_3uav20gu_t250__baseline__observable_cluster_queue_aware__982000,evaluation seed row,scale_visible_sats8_3uav20gu_t250,baseline,observable_cluster_queue_aware,non_learning_baseline,,,,configs/experiments/phase3_generalization/scale_visible_sats8_3uav20gu_t250.yaml,,/home/sgy/workspace/sagin_marl/runs/phase3/scale_transfer/scale_transfer_zero_shot_20260701_210556,/home/sgy/workspace/sagin_marl/runs/phase3/scale_transfer/scale_transfer_zero_shot_20260701_210556/eval_seed982000/observable_cluster_queue_aware/scale_visible_sats8_3uav20gu_t250,,/home/sgy/workspace/sagin_marl/runs/phase3/scale_transfer/scale_transfer_zero_shot_20260701_210556/combined_summary.csv,scenario=scale_visible_sats8_3uav20gu_t250;kind=baseline;method=observable_cluster_queue_aware;episode_seed_base=982000,982000,,64,64,64,codex/phase3-scenario-generalization,5da4c19abf148d92655d89a19a7319ec23d77b3c,ok,29.260796931106597,,,0.6300480091132326,,0.26531915820182805,,,,,10.2994384949285,19.245875746348567,411977535.18036795,0.8725368773004978,,0.328125,,0.328125,200.03125,0.6302689447354102,,,,,,,,,,,,,,,,,,,Nearby scale zero-shot; strict load issue rows should remain zero.
phase3_scale_transfer_zero_shot,scale_visible_sats8_3uav20gu_t250__baseline__cluster_center_queue_aware__982000,evaluation seed row,scale_visible_sats8_3uav20gu_t250,baseline,cluster_center_queue_aware,non_learning_baseline,,,,configs/experiments/phase3_generalization/scale_visible_sats8_3uav20gu_t250.yaml,,/home/sgy/workspace/sagin_marl/runs/phase3/scale_transfer/scale_transfer_zero_shot_20260701_210556,/home/sgy/workspace/sagin_marl/runs/phase3/scale_transfer/scale_transfer_zero_shot_20260701_210556/eval_seed982000/cluster_center_queue_aware/scale_visible_sats8_3uav20gu_t250,,/home/sgy/workspace/sagin_marl/runs/phase3/scale_transfer/scale_transfer_zero_shot_20260701_210556/combined_summary.csv,scenario=scale_visible_sats8_3uav20gu_t250;kind=baseline;method=cluster_center_queue_aware;episode_seed_base=982000,982000,,64,64,64,codex/phase3-scenario-generalization,5da4c19abf148d92655d89a19a7319ec23d77b3c,ok,45.754206887912005,,,0.8930489480893592,,0.0768797424283231,,,,,6.872613327550002,9.268029951843898,274904530.0195,0.7747395896930251,,0.0,,0.0,250.0,0.9020095824018807,,,,,,,,,,,,,,,,,,,Nearby scale zero-shot; strict load issue rows should remain zero.
phase3_scale_transfer_zero_shot,scale_visible_sats8_3uav20gu_t250__baseline__maxweight_lyapunov__982000,evaluation seed row,scale_visible_sats8_3uav20gu_t250,baseline,maxweight_lyapunov,non_learning_baseline,,,,configs/experiments/phase3_generalization/scale_visible_sats8_3uav20gu_t250.yaml,,/home/sgy/workspace/sagin_marl/runs/phase3/scale_transfer/scale_transfer_zero_shot_20260701_210556,/home/sgy/workspace/sagin_marl/runs/phase3/scale_transfer/scale_transfer_zero_shot_20260701_210556/eval_seed982000/maxweight_lyapunov/scale_visible_sats8_3uav20gu_t250,,/home/sgy/workspace/sagin_marl/runs/phase3/scale_transfer/scale_transfer_zero_shot_20260701_210556/combined_summary.csv,scenario=scale_visible_sats8_3uav20gu_t250;kind=baseline;method=maxweight_lyapunov;episode_seed_base=982000,982000,,64,64,64,codex/phase3-scenario-generalization,5da4c19abf148d92655d89a19a7319ec23d77b3c,ok,42.31540437892545,,,0.8497345609974578,,0.11715247867152885,,,,,7.999204472928541,11.195574200112839,319968175.17481244,0.9717187516205014,,0.0,,0.0,250.0,0.8552076488055617,,,,,,,,,,,,,,,,,,,Nearby scale zero-shot; strict load issue rows should remain zero.
phase3_scale_transfer_zero_shot,scale_visible_sats8_3uav20gu_t250__baseline__dpp_resource_hybrid_native__982000,evaluation seed row,scale_visible_sats8_3uav20gu_t250,baseline,dpp_resource_hybrid_native,non_learning_baseline,,,,configs/experiments/phase3_generalization/scale_visible_sats8_3uav20gu_t250.yaml,,/home/sgy/workspace/sagin_marl/runs/phase3/scale_transfer/scale_transfer_zero_shot_20260701_210556,/home/sgy/workspace/sagin_marl/runs/phase3/scale_transfer/scale_transfer_zero_shot_20260701_210556/eval_seed982000/dpp_resource_hybrid_native/scale_visible_sats8_3uav20gu_t250,,/home/sgy/workspace/sagin_marl/runs/phase3/scale_transfer/scale_transfer_zero_shot_20260701_210556/combined_summary.csv,scenario=scale_visible_sats8_3uav20gu_t250;kind=baseline;method=dpp_resource_hybrid_native;episode_seed_base=982000,982000,,64,64,64,codex/phase3-scenario-generalization,5da4c19abf148d92655d89a19a7319ec23d77b3c,ok,40.67626983567607,,,0.8671606358317657,,0.09832829173274424,,,,,8.506048330586406,11.789315893389288,340241929.27962506,0.7747395896930251,,0.0,,0.0,250.0,0.8713225566042304,,,,,,,,,,,,,,,,,,,Nearby scale zero-shot; strict load issue rows should remain zero.
phase3_scale_transfer_zero_shot,scale_visible_sats8_3uav20gu_t250__baseline__topology_dpp_native_bw_sat_cached__982000,evaluation seed row,scale_visible_sats8_3uav20gu_t250,baseline,topology_dpp_native_bw_sat_cached,non_learning_baseline,,,,configs/experiments/phase3_generalization/scale_visible_sats8_3uav20gu_t250.yaml,,/home/sgy/workspace/sagin_marl/runs/phase3/scale_transfer/scale_transfer_zero_shot_20260701_210556,/home/sgy/workspace/sagin_marl/runs/phase3/scale_transfer/scale_transfer_zero_shot_20260701_210556/eval_seed982000/topology_dpp_native_bw_sat_cached/scale_visible_sats8_3uav20gu_t250,,/home/sgy/workspace/sagin_marl/runs/phase3/scale_transfer/scale_transfer_zero_shot_20260701_210556/combined_summary.csv,scenario=scale_visible_sats8_3uav20gu_t250;kind=baseline;method=topology_dpp_native_bw_sat_cached;episode_seed_base=982000,982000,,64,64,64,codex/phase3-scenario-generalization,5da4c19abf148d92655d89a19a7319ec23d77b3c,ok,40.58515634504147,,,0.8691649057175964,,0.09876645384302447,,,,,9.072314370427282,12.716044337980447,362892570.5641251,0.7847291727904232,,0.0,,0.0,250.0,0.8713225566042304,,,,,,,,,,,,,,,,,,,Nearby scale zero-shot; strict load issue rows should remain zero.
phase3_scale_transfer_zero_shot,scale_visible_sats8_3uav20gu_t250__baseline__full_topology_dpp_joint__982000,evaluation seed row,scale_visible_sats8_3uav20gu_t250,baseline,full_topology_dpp_joint,non_learning_baseline,,,,configs/experiments/phase3_generalization/scale_visible_sats8_3uav20gu_t250.yaml,,/home/sgy/workspace/sagin_marl/runs/phase3/scale_transfer/scale_transfer_zero_shot_20260701_210556,/home/sgy/workspace/sagin_marl/runs/phase3/scale_transfer/scale_transfer_zero_shot_20260701_210556/eval_seed982000/full_topology_dpp_joint/scale_visible_sats8_3uav20gu_t250,,/home/sgy/workspace/sagin_marl/runs/phase3/scale_transfer/scale_transfer_zero_shot_20260701_210556/combined_summary.csv,scenario=scale_visible_sats8_3uav20gu_t250;kind=baseline;method=full_topology_dpp_joint;episode_seed_base=982000,982000,,64,64,64,codex/phase3-scenario-generalization,5da4c19abf148d92655d89a19a7319ec23d77b3c,ok,24.803084030689206,,,0.41136396936759556,,0.43346489703478774,,,,,15.097300739012969,40.74009464383693,603892022.2452404,0.9848750003185123,,0.21875,,0.21875,203.4375,0.411363347338889,,,,,,,,,,,,,,,,,,,Nearby scale zero-shot; strict load issue rows should remain zero.
