table_family,row_id,row_scope,scenario,kind,method,method_role,training_seed,return_target,checkpoint_update,config,checkpoint,remote_run_dir,remote_out_dir,local_metrics_file,remote_metrics_file,metrics_row_selector,eval_seed_base,eval_seed_bases,episodes_per_seed,total_episodes,num_envs,git_branch,git_commit,status,reward_sum,reward_mean,reward_std,processed_ratio_eval,processed_mean,drop_ratio_eval,drop_mean,gu_drop_ratio,uav_drop_ratio,sat_drop_ratio,pre_backlog_steps_eval,D_sys_report,queue_total_mean,sat_overlap_eval,sat_overlap_mean,collision_episode_fraction,collision_mean,terminated_early,episode_length,outflow_arrival_ratio,best_learned,best_learned_checkpoint,best_learned_reward_mean,best_baseline,best_baseline_reward_mean,delta_mean,delta_min_across_seeds,rank_mean,rank_min,rank_max,best_update_validation,best_reward_validation,final_update_validation,final_reward_validation,heldout_best_reward,heldout_final_reward,stop_reason,source_row_count,notes
phase3_boundary_scale_robustness,scale_num_gu30_3uav30gu_t250__learned__phase2_mc_seed45211_u400__980000,evaluation seed row,scale_num_gu30_3uav30gu_t250,learned,phase2_mc_seed45211_u400,learned_policy,45211,bootstrap_gae,400,configs/experiments/phase3_generalization/scale_num_gu30_3uav30gu_t250.yaml,/home/sgy/workspace/sagin_marl/runs/method_validation/horizon_fairness_mc_vs_bootstrap_threshold_u0_rep2_20260625_204118/mc_seed45211/checkpoint_update0400.pt,/home/sgy/workspace/sagin_marl/runs/phase3/scale_transfer/boundary_scale_robustness_20260702_194653,/home/sgy/workspace/sagin_marl/runs/phase3/scale_transfer/scale_transfer_zero_shot_20260701_210556/eval_seed980000/phase2_mc_seed45211_u400/scale_num_gu30_3uav30gu_t250,.local_guidance/phase3/data/boundary_scale_robustness_20260702_194653/combined_with_main_8seed_summary.csv,/home/sgy/workspace/sagin_marl/runs/phase3/scale_transfer/boundary_scale_robustness_20260702_194653/combined_with_main_8seed_summary.csv,scenario=scale_num_gu30_3uav30gu_t250;kind=learned;method=phase2_mc_seed45211_u400;episode_seed_base=980000,980000,,64,64,64,codex/phase3-scenario-generalization,5da4c19abf148d92655d89a19a7319ec23d77b3c,ok,40.61862284701783,,,0.6133760765918996,,0.3510890288659174,,,,,6.753109886860476,12.30521939363889,405186604.0711874,0.9071666719168425,,0.0,,0.0,250.0,0.628367841694508,,,,,,,,,,,,,,,,,,,Boundary cases combine original 3 seed bases with 5 extra seed bases.
phase3_boundary_scale_robustness,scale_num_gu30_3uav30gu_t250__learned__phase2_bootstrap_seed45211_u575__980000,evaluation seed row,scale_num_gu30_3uav30gu_t250,learned,phase2_bootstrap_seed45211_u575,learned_policy,45211,bootstrap_gae,575,configs/experiments/phase3_generalization/scale_num_gu30_3uav30gu_t250.yaml,/home/sgy/workspace/sagin_marl/runs/method_validation/horizon_fairness_mc_vs_bootstrap_threshold_u0_rep2_20260625_204118/bootstrap_seed45211/checkpoint_update0575.pt,/home/sgy/workspace/sagin_marl/runs/phase3/scale_transfer/boundary_scale_robustness_20260702_194653,/home/sgy/workspace/sagin_marl/runs/phase3/scale_transfer/scale_transfer_zero_shot_20260701_210556/eval_seed980000/phase2_bootstrap_seed45211_u575/scale_num_gu30_3uav30gu_t250,.local_guidance/phase3/data/boundary_scale_robustness_20260702_194653/combined_with_main_8seed_summary.csv,/home/sgy/workspace/sagin_marl/runs/phase3/scale_transfer/boundary_scale_robustness_20260702_194653/combined_with_main_8seed_summary.csv,scenario=scale_num_gu30_3uav30gu_t250;kind=learned;method=phase2_bootstrap_seed45211_u575;episode_seed_base=980000,980000,,64,64,64,codex/phase3-scenario-generalization,5da4c19abf148d92655d89a19a7319ec23d77b3c,ok,40.91548558440991,,,0.6412459704119245,,0.3384029332973327,,,,,5.700994175165892,10.679300838038325,342059658.62512505,0.7438125121910125,,0.0,,0.0,250.0,0.6419247933327427,,,,,,,,,,,,,,,,,,,Boundary cases combine original 3 seed bases with 5 extra seed bases.
phase3_boundary_scale_robustness,scale_num_gu30_3uav30gu_t250__baseline__queue_aware__980000,evaluation seed row,scale_num_gu30_3uav30gu_t250,baseline,queue_aware,non_learning_baseline,,,,configs/experiments/phase3_generalization/scale_num_gu30_3uav30gu_t250.yaml,,/home/sgy/workspace/sagin_marl/runs/phase3/scale_transfer/boundary_scale_robustness_20260702_194653,/home/sgy/workspace/sagin_marl/runs/phase3/scale_transfer/scale_transfer_zero_shot_20260701_210556/eval_seed980000/queue_aware/scale_num_gu30_3uav30gu_t250,.local_guidance/phase3/data/boundary_scale_robustness_20260702_194653/combined_with_main_8seed_summary.csv,/home/sgy/workspace/sagin_marl/runs/phase3/scale_transfer/boundary_scale_robustness_20260702_194653/combined_with_main_8seed_summary.csv,scenario=scale_num_gu30_3uav30gu_t250;kind=baseline;method=queue_aware;episode_seed_base=980000,980000,,64,64,64,codex/phase3-scenario-generalization,5da4c19abf148d92655d89a19a7319ec23d77b3c,ok,19.875196125358343,,,0.32921590439884235,,0.5658396697542744,,,,,8.421839714085621,29.887450994601643,505310395.04605895,0.9619724672396638,,0.75,,0.75,151.75,0.3293108713052342,,,,,,,,,,,,,,,,,,,Boundary cases combine original 3 seed bases with 5 extra seed bases.
phase3_boundary_scale_robustness,scale_num_gu30_3uav30gu_t250__baseline__observable_cluster_queue_aware__980000,evaluation seed row,scale_num_gu30_3uav30gu_t250,baseline,observable_cluster_queue_aware,non_learning_baseline,,,,configs/experiments/phase3_generalization/scale_num_gu30_3uav30gu_t250.yaml,,/home/sgy/workspace/sagin_marl/runs/phase3/scale_transfer/boundary_scale_robustness_20260702_194653,/home/sgy/workspace/sagin_marl/runs/phase3/scale_transfer/scale_transfer_zero_shot_20260701_210556/eval_seed980000/observable_cluster_queue_aware/scale_num_gu30_3uav30gu_t250,.local_guidance/phase3/data/boundary_scale_robustness_20260702_194653/combined_with_main_8seed_summary.csv,/home/sgy/workspace/sagin_marl/runs/phase3/scale_transfer/boundary_scale_robustness_20260702_194653/combined_with_main_8seed_summary.csv,scenario=scale_num_gu30_3uav30gu_t250;kind=baseline;method=observable_cluster_queue_aware;episode_seed_base=980000,980000,,64,64,64,codex/phase3-scenario-generalization,5da4c19abf148d92655d89a19a7319ec23d77b3c,ok,29.723567579174414,,,0.42023980532506533,,0.5125743035601342,,,,,7.207877111207669,20.21146827340805,432472636.9351767,0.8776551629977758,,0.3125,,0.3125,212.890625,0.42051483206103757,,,,,,,,,,,,,,,,,,,Boundary cases combine original 3 seed bases with 5 extra seed bases.
phase3_boundary_scale_robustness,scale_num_gu30_3uav30gu_t250__baseline__cluster_center_queue_aware__980000,evaluation seed row,scale_num_gu30_3uav30gu_t250,baseline,cluster_center_queue_aware,non_learning_baseline,,,,configs/experiments/phase3_generalization/scale_num_gu30_3uav30gu_t250.yaml,,/home/sgy/workspace/sagin_marl/runs/phase3/scale_transfer/boundary_scale_robustness_20260702_194653,/home/sgy/workspace/sagin_marl/runs/phase3/scale_transfer/scale_transfer_zero_shot_20260701_210556/eval_seed980000/cluster_center_queue_aware/scale_num_gu30_3uav30gu_t250,.local_guidance/phase3/data/boundary_scale_robustness_20260702_194653/combined_with_main_8seed_summary.csv,/home/sgy/workspace/sagin_marl/runs/phase3/scale_transfer/boundary_scale_robustness_20260702_194653/combined_with_main_8seed_summary.csv,scenario=scale_num_gu30_3uav30gu_t250;kind=baseline;method=cluster_center_queue_aware;episode_seed_base=980000,980000,,64,64,64,codex/phase3-scenario-generalization,5da4c19abf148d92655d89a19a7319ec23d77b3c,ok,39.123340968741104,,,0.5981459387913345,,0.36452598302521627,,,,,6.980096161804163,14.159323857663198,418805779.81268764,0.7568437567725783,,0.0,,0.0,250.0,0.6143091149565968,,,,,,,,,,,,,,,,,,,Boundary cases combine original 3 seed bases with 5 extra seed bases.
phase3_boundary_scale_robustness,scale_num_gu30_3uav30gu_t250__baseline__maxweight_lyapunov__980000,evaluation seed row,scale_num_gu30_3uav30gu_t250,baseline,maxweight_lyapunov,non_learning_baseline,,,,configs/experiments/phase3_generalization/scale_num_gu30_3uav30gu_t250.yaml,,/home/sgy/workspace/sagin_marl/runs/phase3/scale_transfer/boundary_scale_robustness_20260702_194653,/home/sgy/workspace/sagin_marl/runs/phase3/scale_transfer/scale_transfer_zero_shot_20260701_210556/eval_seed980000/maxweight_lyapunov/scale_num_gu30_3uav30gu_t250,.local_guidance/phase3/data/boundary_scale_robustness_20260702_194653/combined_with_main_8seed_summary.csv,/home/sgy/workspace/sagin_marl/runs/phase3/scale_transfer/boundary_scale_robustness_20260702_194653/combined_with_main_8seed_summary.csv,scenario=scale_num_gu30_3uav30gu_t250;kind=baseline;method=maxweight_lyapunov;episode_seed_base=980000,980000,,64,64,64,codex/phase3-scenario-generalization,5da4c19abf148d92655d89a19a7319ec23d77b3c,ok,37.39146349544171,,,0.553079445162206,,0.4111728742449769,,,,,7.289547309830785,15.221313036642966,437372848.97993743,0.9679791684858502,,0.0,,0.0,250.0,0.5654731537354383,,,,,,,,,,,,,,,,,,,Boundary cases combine original 3 seed bases with 5 extra seed bases.
phase3_boundary_scale_robustness,scale_num_gu30_3uav30gu_t250__baseline__dpp_resource_hybrid_native__980000,evaluation seed row,scale_num_gu30_3uav30gu_t250,baseline,dpp_resource_hybrid_native,non_learning_baseline,,,,configs/experiments/phase3_generalization/scale_num_gu30_3uav30gu_t250.yaml,,/home/sgy/workspace/sagin_marl/runs/phase3/scale_transfer/boundary_scale_robustness_20260702_194653,/home/sgy/workspace/sagin_marl/runs/phase3/scale_transfer/scale_transfer_zero_shot_20260701_210556/eval_seed980000/dpp_resource_hybrid_native/scale_num_gu30_3uav30gu_t250,.local_guidance/phase3/data/boundary_scale_robustness_20260702_194653/combined_with_main_8seed_summary.csv,/home/sgy/workspace/sagin_marl/runs/phase3/scale_transfer/boundary_scale_robustness_20260702_194653/combined_with_main_8seed_summary.csv,scenario=scale_num_gu30_3uav30gu_t250;kind=baseline;method=dpp_resource_hybrid_native;episode_seed_base=980000,980000,,64,64,64,codex/phase3-scenario-generalization,5da4c19abf148d92655d89a19a7319ec23d77b3c,ok,33.69903474824969,,,0.5822238441732478,,0.381675714034228,,,,,7.465080899117516,15.56033254336193,447904864.61474997,0.7568437567725783,,0.0,,0.0,250.0,0.5920063212214741,,,,,,,,,,,,,,,,,,,Boundary cases combine original 3 seed bases with 5 extra seed bases.
phase3_boundary_scale_robustness,scale_num_gu30_3uav30gu_t250__baseline__topology_dpp_native_bw_sat_cached__980000,evaluation seed row,scale_num_gu30_3uav30gu_t250,baseline,topology_dpp_native_bw_sat_cached,non_learning_baseline,,,,configs/experiments/phase3_generalization/scale_num_gu30_3uav30gu_t250.yaml,,/home/sgy/workspace/sagin_marl/runs/phase3/scale_transfer/boundary_scale_robustness_20260702_194653,/home/sgy/workspace/sagin_marl/runs/phase3/scale_transfer/scale_transfer_zero_shot_20260701_210556/eval_seed980000/topology_dpp_native_bw_sat_cached/scale_num_gu30_3uav30gu_t250,.local_guidance/phase3/data/boundary_scale_robustness_20260702_194653/combined_with_main_8seed_summary.csv,/home/sgy/workspace/sagin_marl/runs/phase3/scale_transfer/boundary_scale_robustness_20260702_194653/combined_with_main_8seed_summary.csv,scenario=scale_num_gu30_3uav30gu_t250;kind=baseline;method=topology_dpp_native_bw_sat_cached;episode_seed_base=980000,980000,,64,64,64,codex/phase3-scenario-generalization,5da4c19abf148d92655d89a19a7319ec23d77b3c,ok,33.62441711529391,,,0.5833705035288587,,0.38493633544038053,,,,,9.300386677740141,20.02780399893597,558023214.0847502,0.6895208410546185,,0.0,,0.0,250.0,0.5920063212214741,,,,,,,,,,,,,,,,,,,Boundary cases combine original 3 seed bases with 5 extra seed bases.
phase3_boundary_scale_robustness,scale_num_gu30_3uav30gu_t250__baseline__full_topology_dpp_joint__980000,evaluation seed row,scale_num_gu30_3uav30gu_t250,baseline,full_topology_dpp_joint,non_learning_baseline,,,,configs/experiments/phase3_generalization/scale_num_gu30_3uav30gu_t250.yaml,,/home/sgy/workspace/sagin_marl/runs/phase3/scale_transfer/boundary_scale_robustness_20260702_194653,/home/sgy/workspace/sagin_marl/runs/phase3/scale_transfer/scale_transfer_zero_shot_20260701_210556/eval_seed980000/full_topology_dpp_joint/scale_num_gu30_3uav30gu_t250,.local_guidance/phase3/data/boundary_scale_robustness_20260702_194653/combined_with_main_8seed_summary.csv,/home/sgy/workspace/sagin_marl/runs/phase3/scale_transfer/boundary_scale_robustness_20260702_194653/combined_with_main_8seed_summary.csv,scenario=scale_num_gu30_3uav30gu_t250;kind=baseline;method=full_topology_dpp_joint;episode_seed_base=980000,980000,,64,64,64,codex/phase3-scenario-generalization,5da4c19abf148d92655d89a19a7319ec23d77b3c,ok,22.357584396842867,,,0.2669965993689501,,0.6291146002737346,,,,,9.72738782344461,45.347509061226575,583643283.3351508,0.9664583341050894,,0.203125,,0.203125,205.171875,0.26699633318466914,,,,,,,,,,,,,,,,,,,Boundary cases combine original 3 seed bases with 5 extra seed bases.
phase3_boundary_scale_robustness,scale_num_uav2_2uav20gu_t250__learned__phase2_mc_seed45211_u400__980000,evaluation seed row,scale_num_uav2_2uav20gu_t250,learned,phase2_mc_seed45211_u400,learned_policy,45211,bootstrap_gae,400,configs/experiments/phase3_generalization/scale_num_uav2_2uav20gu_t250.yaml,/home/sgy/workspace/sagin_marl/runs/method_validation/horizon_fairness_mc_vs_bootstrap_threshold_u0_rep2_20260625_204118/mc_seed45211/checkpoint_update0400.pt,/home/sgy/workspace/sagin_marl/runs/phase3/scale_transfer/boundary_scale_robustness_20260702_194653,/home/sgy/workspace/sagin_marl/runs/phase3/scale_transfer/scale_transfer_zero_shot_20260701_210556/eval_seed980000/phase2_mc_seed45211_u400/scale_num_uav2_2uav20gu_t250,.local_guidance/phase3/data/boundary_scale_robustness_20260702_194653/combined_with_main_8seed_summary.csv,/home/sgy/workspace/sagin_marl/runs/phase3/scale_transfer/boundary_scale_robustness_20260702_194653/combined_with_main_8seed_summary.csv,scenario=scale_num_uav2_2uav20gu_t250;kind=learned;method=phase2_mc_seed45211_u400;episode_seed_base=980000,980000,,64,64,64,codex/phase3-scenario-generalization,5da4c19abf148d92655d89a19a7319ec23d77b3c,ok,37.22023183607962,,,0.6688732232202308,,0.284878762046872,,,,,10.718006673140453,19.502051035152753,428720261.87887496,0.8646874999999996,,0.0,,0.0,250.0,0.6690112131616869,,,,,,,,,,,,,,,,,,,Boundary cases combine original 3 seed bases with 5 extra seed bases.
phase3_boundary_scale_robustness,scale_num_uav2_2uav20gu_t250__learned__phase2_bootstrap_seed45211_u575__980000,evaluation seed row,scale_num_uav2_2uav20gu_t250,learned,phase2_bootstrap_seed45211_u575,learned_policy,45211,bootstrap_gae,575,configs/experiments/phase3_generalization/scale_num_uav2_2uav20gu_t250.yaml,/home/sgy/workspace/sagin_marl/runs/method_validation/horizon_fairness_mc_vs_bootstrap_threshold_u0_rep2_20260625_204118/bootstrap_seed45211/checkpoint_update0575.pt,/home/sgy/workspace/sagin_marl/runs/phase3/scale_transfer/boundary_scale_robustness_20260702_194653,/home/sgy/workspace/sagin_marl/runs/phase3/scale_transfer/scale_transfer_zero_shot_20260701_210556/eval_seed980000/phase2_bootstrap_seed45211_u575/scale_num_uav2_2uav20gu_t250,.local_guidance/phase3/data/boundary_scale_robustness_20260702_194653/combined_with_main_8seed_summary.csv,/home/sgy/workspace/sagin_marl/runs/phase3/scale_transfer/boundary_scale_robustness_20260702_194653/combined_with_main_8seed_summary.csv,scenario=scale_num_uav2_2uav20gu_t250;kind=learned;method=phase2_bootstrap_seed45211_u575;episode_seed_base=980000,980000,,64,64,64,codex/phase3-scenario-generalization,5da4c19abf148d92655d89a19a7319ec23d77b3c,ok,36.911939452635124,,,0.6496920760560317,,0.3045634132514435,,,,,10.910199329378084,20.615412977509205,436407968.06381243,0.7681250000000002,,0.0,,0.0,250.0,0.6497168985934835,,,,,,,,,,,,,,,,,,,Boundary cases combine original 3 seed bases with 5 extra seed bases.
phase3_boundary_scale_robustness,scale_num_uav2_2uav20gu_t250__baseline__queue_aware__980000,evaluation seed row,scale_num_uav2_2uav20gu_t250,baseline,queue_aware,non_learning_baseline,,,,configs/experiments/phase3_generalization/scale_num_uav2_2uav20gu_t250.yaml,,/home/sgy/workspace/sagin_marl/runs/phase3/scale_transfer/boundary_scale_robustness_20260702_194653,/home/sgy/workspace/sagin_marl/runs/phase3/scale_transfer/scale_transfer_zero_shot_20260701_210556/eval_seed980000/queue_aware/scale_num_uav2_2uav20gu_t250,.local_guidance/phase3/data/boundary_scale_robustness_20260702_194653/combined_with_main_8seed_summary.csv,/home/sgy/workspace/sagin_marl/runs/phase3/scale_transfer/boundary_scale_robustness_20260702_194653/combined_with_main_8seed_summary.csv,scenario=scale_num_uav2_2uav20gu_t250;kind=baseline;method=queue_aware;episode_seed_base=980000,980000,,64,64,64,codex/phase3-scenario-generalization,5da4c19abf148d92655d89a19a7319ec23d77b3c,ok,28.49379259336274,,,0.4615859499387754,,0.4382461308610376,,,,,14.454621660986172,34.87171747190555,578184859.4839894,0.9773125,,0.296875,,0.296875,215.125,0.4615856410616216,,,,,,,,,,,,,,,,,,,Boundary cases combine original 3 seed bases with 5 extra seed bases.
phase3_boundary_scale_robustness,scale_num_uav2_2uav20gu_t250__baseline__observable_cluster_queue_aware__980000,evaluation seed row,scale_num_uav2_2uav20gu_t250,baseline,observable_cluster_queue_aware,non_learning_baseline,,,,configs/experiments/phase3_generalization/scale_num_uav2_2uav20gu_t250.yaml,,/home/sgy/workspace/sagin_marl/runs/phase3/scale_transfer/boundary_scale_robustness_20260702_194653,/home/sgy/workspace/sagin_marl/runs/phase3/scale_transfer/scale_transfer_zero_shot_20260701_210556/eval_seed980000/observable_cluster_queue_aware/scale_num_uav2_2uav20gu_t250,.local_guidance/phase3/data/boundary_scale_robustness_20260702_194653/combined_with_main_8seed_summary.csv,/home/sgy/workspace/sagin_marl/runs/phase3/scale_transfer/boundary_scale_robustness_20260702_194653/combined_with_main_8seed_summary.csv,scenario=scale_num_uav2_2uav20gu_t250;kind=baseline;method=observable_cluster_queue_aware;episode_seed_base=980000,980000,,64,64,64,codex/phase3-scenario-generalization,5da4c19abf148d92655d89a19a7319ec23d77b3c,ok,33.49228248745203,,,0.5952538861204838,,0.33535905839088087,,,,,12.815703568871433,25.008769695817385,512628136.8501809,0.876930788590604,,0.046875,,0.046875,241.890625,0.5952538015548305,,,,,,,,,,,,,,,,,,,Boundary cases combine original 3 seed bases with 5 extra seed bases.
phase3_boundary_scale_robustness,scale_num_uav2_2uav20gu_t250__baseline__cluster_center_queue_aware__980000,evaluation seed row,scale_num_uav2_2uav20gu_t250,baseline,cluster_center_queue_aware,non_learning_baseline,,,,configs/experiments/phase3_generalization/scale_num_uav2_2uav20gu_t250.yaml,,/home/sgy/workspace/sagin_marl/runs/phase3/scale_transfer/boundary_scale_robustness_20260702_194653,/home/sgy/workspace/sagin_marl/runs/phase3/scale_transfer/scale_transfer_zero_shot_20260701_210556/eval_seed980000/cluster_center_queue_aware/scale_num_uav2_2uav20gu_t250,.local_guidance/phase3/data/boundary_scale_robustness_20260702_194653/combined_with_main_8seed_summary.csv,/home/sgy/workspace/sagin_marl/runs/phase3/scale_transfer/boundary_scale_robustness_20260702_194653/combined_with_main_8seed_summary.csv,scenario=scale_num_uav2_2uav20gu_t250;kind=baseline;method=cluster_center_queue_aware;episode_seed_base=980000,980000,,64,64,64,codex/phase3-scenario-generalization,5da4c19abf148d92655d89a19a7319ec23d77b3c,ok,36.14940173935611,,,0.7326731638571363,,0.22560214486105412,,,,,10.40113409908116,17.00414494011551,416045359.1285002,0.8305625,,0.0,,0.0,250.0,0.7338793642201684,,,,,,,,,,,,,,,,,,,Boundary cases combine original 3 seed bases with 5 extra seed bases.
phase3_boundary_scale_robustness,scale_num_uav2_2uav20gu_t250__baseline__maxweight_lyapunov__980000,evaluation seed row,scale_num_uav2_2uav20gu_t250,baseline,maxweight_lyapunov,non_learning_baseline,,,,configs/experiments/phase3_generalization/scale_num_uav2_2uav20gu_t250.yaml,,/home/sgy/workspace/sagin_marl/runs/phase3/scale_transfer/boundary_scale_robustness_20260702_194653,/home/sgy/workspace/sagin_marl/runs/phase3/scale_transfer/scale_transfer_zero_shot_20260701_210556/eval_seed980000/maxweight_lyapunov/scale_num_uav2_2uav20gu_t250,.local_guidance/phase3/data/boundary_scale_robustness_20260702_194653/combined_with_main_8seed_summary.csv,/home/sgy/workspace/sagin_marl/runs/phase3/scale_transfer/boundary_scale_robustness_20260702_194653/combined_with_main_8seed_summary.csv,scenario=scale_num_uav2_2uav20gu_t250;kind=baseline;method=maxweight_lyapunov;episode_seed_base=980000,980000,,64,64,64,codex/phase3-scenario-generalization,5da4c19abf148d92655d89a19a7319ec23d77b3c,ok,35.68640445522033,,,0.7042208334173773,,0.24844210284023596,,,,,11.754089940208944,19.785567161940037,470163592.00743735,0.988,,0.0,,0.0,250.0,0.7042722991372138,,,,,,,,,,,,,,,,,,,Boundary cases combine original 3 seed bases with 5 extra seed bases.
phase3_boundary_scale_robustness,scale_num_uav2_2uav20gu_t250__baseline__dpp_resource_hybrid_native__980000,evaluation seed row,scale_num_uav2_2uav20gu_t250,baseline,dpp_resource_hybrid_native,non_learning_baseline,,,,configs/experiments/phase3_generalization/scale_num_uav2_2uav20gu_t250.yaml,,/home/sgy/workspace/sagin_marl/runs/phase3/scale_transfer/boundary_scale_robustness_20260702_194653,/home/sgy/workspace/sagin_marl/runs/phase3/scale_transfer/scale_transfer_zero_shot_20260701_210556/eval_seed980000/dpp_resource_hybrid_native/scale_num_uav2_2uav20gu_t250,.local_guidance/phase3/data/boundary_scale_robustness_20260702_194653/combined_with_main_8seed_summary.csv,/home/sgy/workspace/sagin_marl/runs/phase3/scale_transfer/boundary_scale_robustness_20260702_194653/combined_with_main_8seed_summary.csv,scenario=scale_num_uav2_2uav20gu_t250;kind=baseline;method=dpp_resource_hybrid_native;episode_seed_base=980000,980000,,64,64,64,codex/phase3-scenario-generalization,5da4c19abf148d92655d89a19a7319ec23d77b3c,ok,32.52128142002039,,,0.6498769097582554,,0.29121690826276825,,,,,13.990415955927222,25.47984798828885,559616631.9377501,0.8305625,,0.0,,0.0,250.0,0.6501161942421524,,,,,,,,,,,,,,,,,,,Boundary cases combine original 3 seed bases with 5 extra seed bases.
phase3_boundary_scale_robustness,scale_num_uav2_2uav20gu_t250__baseline__topology_dpp_native_bw_sat_cached__980000,evaluation seed row,scale_num_uav2_2uav20gu_t250,baseline,topology_dpp_native_bw_sat_cached,non_learning_baseline,,,,configs/experiments/phase3_generalization/scale_num_uav2_2uav20gu_t250.yaml,,/home/sgy/workspace/sagin_marl/runs/phase3/scale_transfer/boundary_scale_robustness_20260702_194653,/home/sgy/workspace/sagin_marl/runs/phase3/scale_transfer/scale_transfer_zero_shot_20260701_210556/eval_seed980000/topology_dpp_native_bw_sat_cached/scale_num_uav2_2uav20gu_t250,.local_guidance/phase3/data/boundary_scale_robustness_20260702_194653/combined_with_main_8seed_summary.csv,/home/sgy/workspace/sagin_marl/runs/phase3/scale_transfer/boundary_scale_robustness_20260702_194653/combined_with_main_8seed_summary.csv,scenario=scale_num_uav2_2uav20gu_t250;kind=baseline;method=topology_dpp_native_bw_sat_cached;episode_seed_base=980000,980000,,64,64,64,codex/phase3-scenario-generalization,5da4c19abf148d92655d89a19a7319ec23d77b3c,ok,32.51482659869362,,,0.6501144344790956,,0.29121690826276825,,,,,13.991817598965019,25.479200718414038,559672697.6617501,0.991125,,0.0,,0.0,250.0,0.6501161942421524,,,,,,,,,,,,,,,,,,,Boundary cases combine original 3 seed bases with 5 extra seed bases.
phase3_boundary_scale_robustness,scale_num_uav2_2uav20gu_t250__baseline__full_topology_dpp_joint__980000,evaluation seed row,scale_num_uav2_2uav20gu_t250,baseline,full_topology_dpp_joint,non_learning_baseline,,,,configs/experiments/phase3_generalization/scale_num_uav2_2uav20gu_t250.yaml,,/home/sgy/workspace/sagin_marl/runs/phase3/scale_transfer/boundary_scale_robustness_20260702_194653,/home/sgy/workspace/sagin_marl/runs/phase3/scale_transfer/scale_transfer_zero_shot_20260701_210556/eval_seed980000/full_topology_dpp_joint/scale_num_uav2_2uav20gu_t250,.local_guidance/phase3/data/boundary_scale_robustness_20260702_194653/combined_with_main_8seed_summary.csv,/home/sgy/workspace/sagin_marl/runs/phase3/scale_transfer/boundary_scale_robustness_20260702_194653/combined_with_main_8seed_summary.csv,scenario=scale_num_uav2_2uav20gu_t250;kind=baseline;method=full_topology_dpp_joint;episode_seed_base=980000,980000,,64,64,64,codex/phase3-scenario-generalization,5da4c19abf148d92655d89a19a7319ec23d77b3c,ok,25.23372644605115,,,0.3623454248449318,,0.5211490737963653,,,,,17.879962866526913,56.82967479350445,715198506.2883849,0.99575,,0.078125,,0.078125,233.0,0.36234530733777315,,,,,,,,,,,,,,,,,,,Boundary cases combine original 3 seed bases with 5 extra seed bases.
phase3_boundary_scale_robustness,scale_num_gu30_3uav30gu_t250__learned__phase2_mc_seed45211_u400__981000,evaluation seed row,scale_num_gu30_3uav30gu_t250,learned,phase2_mc_seed45211_u400,learned_policy,45211,bootstrap_gae,400,configs/experiments/phase3_generalization/scale_num_gu30_3uav30gu_t250.yaml,/home/sgy/workspace/sagin_marl/runs/method_validation/horizon_fairness_mc_vs_bootstrap_threshold_u0_rep2_20260625_204118/mc_seed45211/checkpoint_update0400.pt,/home/sgy/workspace/sagin_marl/runs/phase3/scale_transfer/boundary_scale_robustness_20260702_194653,/home/sgy/workspace/sagin_marl/runs/phase3/scale_transfer/scale_transfer_zero_shot_20260701_210556/eval_seed981000/phase2_mc_seed45211_u400/scale_num_gu30_3uav30gu_t250,.local_guidance/phase3/data/boundary_scale_robustness_20260702_194653/combined_with_main_8seed_summary.csv,/home/sgy/workspace/sagin_marl/runs/phase3/scale_transfer/boundary_scale_robustness_20260702_194653/combined_with_main_8seed_summary.csv,scenario=scale_num_gu30_3uav30gu_t250;kind=learned;method=phase2_mc_seed45211_u400;episode_seed_base=981000,981000,,64,64,64,codex/phase3-scenario-generalization,5da4c19abf148d92655d89a19a7319ec23d77b3c,ok,40.70023284642957,,,0.623468411383219,,0.3409327673952297,,,,,6.7132581600248855,12.022186908773145,402795500.4745,0.9072187552303078,,0.0,,0.0,250.0,0.6387589348700374,,,,,,,,,,,,,,,,,,,Boundary cases combine original 3 seed bases with 5 extra seed bases.
phase3_boundary_scale_robustness,scale_num_gu30_3uav30gu_t250__learned__phase2_bootstrap_seed45211_u575__981000,evaluation seed row,scale_num_gu30_3uav30gu_t250,learned,phase2_bootstrap_seed45211_u575,learned_policy,45211,bootstrap_gae,575,configs/experiments/phase3_generalization/scale_num_gu30_3uav30gu_t250.yaml,/home/sgy/workspace/sagin_marl/runs/method_validation/horizon_fairness_mc_vs_bootstrap_threshold_u0_rep2_20260625_204118/bootstrap_seed45211/checkpoint_update0575.pt,/home/sgy/workspace/sagin_marl/runs/phase3/scale_transfer/boundary_scale_robustness_20260702_194653,/home/sgy/workspace/sagin_marl/runs/phase3/scale_transfer/scale_transfer_zero_shot_20260701_210556/eval_seed981000/phase2_bootstrap_seed45211_u575/scale_num_gu30_3uav30gu_t250,.local_guidance/phase3/data/boundary_scale_robustness_20260702_194653/combined_with_main_8seed_summary.csv,/home/sgy/workspace/sagin_marl/runs/phase3/scale_transfer/boundary_scale_robustness_20260702_194653/combined_with_main_8seed_summary.csv,scenario=scale_num_gu30_3uav30gu_t250;kind=learned;method=phase2_bootstrap_seed45211_u575;episode_seed_base=981000,981000,,64,64,64,codex/phase3-scenario-generalization,5da4c19abf148d92655d89a19a7319ec23d77b3c,ok,40.10933189850766,,,0.6390168272568842,,0.32987228616006153,,,,,5.742868656730275,10.716012238413093,344572127.80525,0.7445312619116158,,0.015625,,0.015625,246.109375,0.6396744763146689,,,,,,,,,,,,,,,,,,,Boundary cases combine original 3 seed bases with 5 extra seed bases.
phase3_boundary_scale_robustness,scale_num_gu30_3uav30gu_t250__baseline__queue_aware__981000,evaluation seed row,scale_num_gu30_3uav30gu_t250,baseline,queue_aware,non_learning_baseline,,,,configs/experiments/phase3_generalization/scale_num_gu30_3uav30gu_t250.yaml,,/home/sgy/workspace/sagin_marl/runs/phase3/scale_transfer/boundary_scale_robustness_20260702_194653,/home/sgy/workspace/sagin_marl/runs/phase3/scale_transfer/scale_transfer_zero_shot_20260701_210556/eval_seed981000/queue_aware/scale_num_gu30_3uav30gu_t250,.local_guidance/phase3/data/boundary_scale_robustness_20260702_194653/combined_with_main_8seed_summary.csv,/home/sgy/workspace/sagin_marl/runs/phase3/scale_transfer/boundary_scale_robustness_20260702_194653/combined_with_main_8seed_summary.csv,scenario=scale_num_gu30_3uav30gu_t250;kind=baseline;method=queue_aware;episode_seed_base=981000,981000,,64,64,64,codex/phase3-scenario-generalization,5da4c19abf148d92655d89a19a7319ec23d77b3c,ok,19.9527805786347,,,0.34747359900000613,,0.5346218744394937,,,,,7.98757557621996,27.37850549072478,479254545.79605335,0.9552379088612243,,0.640625,,0.640625,151.703125,0.34752900742620046,,,,,,,,,,,,,,,,,,,Boundary cases combine original 3 seed bases with 5 extra seed bases.
phase3_boundary_scale_robustness,scale_num_gu30_3uav30gu_t250__baseline__observable_cluster_queue_aware__981000,evaluation seed row,scale_num_gu30_3uav30gu_t250,baseline,observable_cluster_queue_aware,non_learning_baseline,,,,configs/experiments/phase3_generalization/scale_num_gu30_3uav30gu_t250.yaml,,/home/sgy/workspace/sagin_marl/runs/phase3/scale_transfer/boundary_scale_robustness_20260702_194653,/home/sgy/workspace/sagin_marl/runs/phase3/scale_transfer/scale_transfer_zero_shot_20260701_210556/eval_seed981000/observable_cluster_queue_aware/scale_num_gu30_3uav30gu_t250,.local_guidance/phase3/data/boundary_scale_robustness_20260702_194653/combined_with_main_8seed_summary.csv,/home/sgy/workspace/sagin_marl/runs/phase3/scale_transfer/boundary_scale_robustness_20260702_194653/combined_with_main_8seed_summary.csv,scenario=scale_num_gu30_3uav30gu_t250;kind=baseline;method=observable_cluster_queue_aware;episode_seed_base=981000,981000,,64,64,64,codex/phase3-scenario-generalization,5da4c19abf148d92655d89a19a7319ec23d77b3c,ok,29.451362678199075,,,0.43142246757318975,,0.5114280639345767,,,,,7.313374928314568,19.84250534830105,438802506.3734903,0.861636046373778,,0.296875,,0.296875,210.75,0.43185098520181076,,,,,,,,,,,,,,,,,,,Boundary cases combine original 3 seed bases with 5 extra seed bases.
phase3_boundary_scale_robustness,scale_num_gu30_3uav30gu_t250__baseline__cluster_center_queue_aware__981000,evaluation seed row,scale_num_gu30_3uav30gu_t250,baseline,cluster_center_queue_aware,non_learning_baseline,,,,configs/experiments/phase3_generalization/scale_num_gu30_3uav30gu_t250.yaml,,/home/sgy/workspace/sagin_marl/runs/phase3/scale_transfer/boundary_scale_robustness_20260702_194653,/home/sgy/workspace/sagin_marl/runs/phase3/scale_transfer/scale_transfer_zero_shot_20260701_210556/eval_seed981000/cluster_center_queue_aware/scale_num_gu30_3uav30gu_t250,.local_guidance/phase3/data/boundary_scale_robustness_20260702_194653/combined_with_main_8seed_summary.csv,/home/sgy/workspace/sagin_marl/runs/phase3/scale_transfer/boundary_scale_robustness_20260702_194653/combined_with_main_8seed_summary.csv,scenario=scale_num_gu30_3uav30gu_t250;kind=baseline;method=cluster_center_queue_aware;episode_seed_base=981000,981000,,64,64,64,codex/phase3-scenario-generalization,5da4c19abf148d92655d89a19a7319ec23d77b3c,ok,39.40090071049053,,,0.6108829505376052,,0.3495525631966928,,,,,7.141612374146005,13.682722395475022,428496752.8953751,0.7513541735745971,,0.0,,0.0,250.0,0.6287175271478446,,,,,,,,,,,,,,,,,,,Boundary cases combine original 3 seed bases with 5 extra seed bases.
phase3_boundary_scale_robustness,scale_num_gu30_3uav30gu_t250__baseline__maxweight_lyapunov__981000,evaluation seed row,scale_num_gu30_3uav30gu_t250,baseline,maxweight_lyapunov,non_learning_baseline,,,,configs/experiments/phase3_generalization/scale_num_gu30_3uav30gu_t250.yaml,,/home/sgy/workspace/sagin_marl/runs/phase3/scale_transfer/boundary_scale_robustness_20260702_194653,/home/sgy/workspace/sagin_marl/runs/phase3/scale_transfer/scale_transfer_zero_shot_20260701_210556/eval_seed981000/maxweight_lyapunov/scale_num_gu30_3uav30gu_t250,.local_guidance/phase3/data/boundary_scale_robustness_20260702_194653/combined_with_main_8seed_summary.csv,/home/sgy/workspace/sagin_marl/runs/phase3/scale_transfer/boundary_scale_robustness_20260702_194653/combined_with_main_8seed_summary.csv,scenario=scale_num_gu30_3uav30gu_t250;kind=baseline;method=maxweight_lyapunov;episode_seed_base=981000,981000,,64,64,64,codex/phase3-scenario-generalization,5da4c19abf148d92655d89a19a7319ec23d77b3c,ok,37.8252738842275,,,0.5694427145003574,,0.39402575826714364,,,,,7.233376136995385,14.321275555015545,434002578.7841248,0.967166668571532,,0.0,,0.0,250.0,0.5818829633033297,,,,,,,,,,,,,,,,,,,Boundary cases combine original 3 seed bases with 5 extra seed bases.
phase3_boundary_scale_robustness,scale_num_gu30_3uav30gu_t250__baseline__dpp_resource_hybrid_native__981000,evaluation seed row,scale_num_gu30_3uav30gu_t250,baseline,dpp_resource_hybrid_native,non_learning_baseline,,,,configs/experiments/phase3_generalization/scale_num_gu30_3uav30gu_t250.yaml,,/home/sgy/workspace/sagin_marl/runs/phase3/scale_transfer/boundary_scale_robustness_20260702_194653,/home/sgy/workspace/sagin_marl/runs/phase3/scale_transfer/scale_transfer_zero_shot_20260701_210556/eval_seed981000/dpp_resource_hybrid_native/scale_num_gu30_3uav30gu_t250,.local_guidance/phase3/data/boundary_scale_robustness_20260702_194653/combined_with_main_8seed_summary.csv,/home/sgy/workspace/sagin_marl/runs/phase3/scale_transfer/boundary_scale_robustness_20260702_194653/combined_with_main_8seed_summary.csv,scenario=scale_num_gu30_3uav30gu_t250;kind=baseline;method=dpp_resource_hybrid_native;episode_seed_base=981000,981000,,64,64,64,codex/phase3-scenario-generalization,5da4c19abf148d92655d89a19a7319ec23d77b3c,ok,34.29635224409867,,,0.5950699694845825,,0.3674554905506609,,,,,7.533987136762588,14.731101368673144,452039238.997125,0.7513541735745971,,0.0,,0.0,250.0,0.6064304657292757,,,,,,,,,,,,,,,,,,,Boundary cases combine original 3 seed bases with 5 extra seed bases.
phase3_boundary_scale_robustness,scale_num_gu30_3uav30gu_t250__baseline__topology_dpp_native_bw_sat_cached__981000,evaluation seed row,scale_num_gu30_3uav30gu_t250,baseline,topology_dpp_native_bw_sat_cached,non_learning_baseline,,,,configs/experiments/phase3_generalization/scale_num_gu30_3uav30gu_t250.yaml,,/home/sgy/workspace/sagin_marl/runs/phase3/scale_transfer/boundary_scale_robustness_20260702_194653,/home/sgy/workspace/sagin_marl/runs/phase3/scale_transfer/scale_transfer_zero_shot_20260701_210556/eval_seed981000/topology_dpp_native_bw_sat_cached/scale_num_gu30_3uav30gu_t250,.local_guidance/phase3/data/boundary_scale_robustness_20260702_194653/combined_with_main_8seed_summary.csv,/home/sgy/workspace/sagin_marl/runs/phase3/scale_transfer/boundary_scale_robustness_20260702_194653/combined_with_main_8seed_summary.csv,scenario=scale_num_gu30_3uav30gu_t250;kind=baseline;method=topology_dpp_native_bw_sat_cached;episode_seed_base=981000,981000,,64,64,64,codex/phase3-scenario-generalization,5da4c19abf148d92655d89a19a7319ec23d77b3c,ok,34.20944294636138,,,0.5987434123265558,,0.371078227210173,,,,,9.308453514378519,18.946254720412195,558507224.2661251,0.6540104255527257,,0.0,,0.0,250.0,0.6064304657292757,,,,,,,,,,,,,,,,,,,Boundary cases combine original 3 seed bases with 5 extra seed bases.
phase3_boundary_scale_robustness,scale_num_gu30_3uav30gu_t250__baseline__full_topology_dpp_joint__981000,evaluation seed row,scale_num_gu30_3uav30gu_t250,baseline,full_topology_dpp_joint,non_learning_baseline,,,,configs/experiments/phase3_generalization/scale_num_gu30_3uav30gu_t250.yaml,,/home/sgy/workspace/sagin_marl/runs/phase3/scale_transfer/boundary_scale_robustness_20260702_194653,/home/sgy/workspace/sagin_marl/runs/phase3/scale_transfer/scale_transfer_zero_shot_20260701_210556/eval_seed981000/full_topology_dpp_joint/scale_num_gu30_3uav30gu_t250,.local_guidance/phase3/data/boundary_scale_robustness_20260702_194653/combined_with_main_8seed_summary.csv,/home/sgy/workspace/sagin_marl/runs/phase3/scale_transfer/boundary_scale_robustness_20260702_194653/combined_with_main_8seed_summary.csv,scenario=scale_num_gu30_3uav30gu_t250;kind=baseline;method=full_topology_dpp_joint;episode_seed_base=981000,981000,,64,64,64,codex/phase3-scenario-generalization,5da4c19abf148d92655d89a19a7319ec23d77b3c,ok,22.030591251212172,,,0.2825592386462309,,0.6115523968009273,,,,,9.924616503238388,44.073346568357955,595477004.2892491,0.9829791670888663,,0.25,,0.25,197.796875,0.2836480230116445,,,,,,,,,,,,,,,,,,,Boundary cases combine original 3 seed bases with 5 extra seed bases.
phase3_boundary_scale_robustness,scale_num_uav2_2uav20gu_t250__learned__phase2_mc_seed45211_u400__981000,evaluation seed row,scale_num_uav2_2uav20gu_t250,learned,phase2_mc_seed45211_u400,learned_policy,45211,bootstrap_gae,400,configs/experiments/phase3_generalization/scale_num_uav2_2uav20gu_t250.yaml,/home/sgy/workspace/sagin_marl/runs/method_validation/horizon_fairness_mc_vs_bootstrap_threshold_u0_rep2_20260625_204118/mc_seed45211/checkpoint_update0400.pt,/home/sgy/workspace/sagin_marl/runs/phase3/scale_transfer/boundary_scale_robustness_20260702_194653,/home/sgy/workspace/sagin_marl/runs/phase3/scale_transfer/scale_transfer_zero_shot_20260701_210556/eval_seed981000/phase2_mc_seed45211_u400/scale_num_uav2_2uav20gu_t250,.local_guidance/phase3/data/boundary_scale_robustness_20260702_194653/combined_with_main_8seed_summary.csv,/home/sgy/workspace/sagin_marl/runs/phase3/scale_transfer/boundary_scale_robustness_20260702_194653/combined_with_main_8seed_summary.csv,scenario=scale_num_uav2_2uav20gu_t250;kind=learned;method=phase2_mc_seed45211_u400;episode_seed_base=981000,981000,,64,64,64,codex/phase3-scenario-generalization,5da4c19abf148d92655d89a19a7319ec23d77b3c,ok,37.5867120467592,,,0.6734769694169519,,0.27758073192517413,,,,,10.653225690434686,19.042411242424517,426129022.42624974,0.8683124999999997,,0.0,,0.0,250.0,0.6738092876593345,,,,,,,,,,,,,,,,,,,Boundary cases combine original 3 seed bases with 5 extra seed bases.
phase3_boundary_scale_robustness,scale_num_uav2_2uav20gu_t250__learned__phase2_bootstrap_seed45211_u575__981000,evaluation seed row,scale_num_uav2_2uav20gu_t250,learned,phase2_bootstrap_seed45211_u575,learned_policy,45211,bootstrap_gae,575,configs/experiments/phase3_generalization/scale_num_uav2_2uav20gu_t250.yaml,/home/sgy/workspace/sagin_marl/runs/method_validation/horizon_fairness_mc_vs_bootstrap_threshold_u0_rep2_20260625_204118/bootstrap_seed45211/checkpoint_update0575.pt,/home/sgy/workspace/sagin_marl/runs/phase3/scale_transfer/boundary_scale_robustness_20260702_194653,/home/sgy/workspace/sagin_marl/runs/phase3/scale_transfer/scale_transfer_zero_shot_20260701_210556/eval_seed981000/phase2_bootstrap_seed45211_u575/scale_num_uav2_2uav20gu_t250,.local_guidance/phase3/data/boundary_scale_robustness_20260702_194653/combined_with_main_8seed_summary.csv,/home/sgy/workspace/sagin_marl/runs/phase3/scale_transfer/boundary_scale_robustness_20260702_194653/combined_with_main_8seed_summary.csv,scenario=scale_num_uav2_2uav20gu_t250;kind=learned;method=phase2_bootstrap_seed45211_u575;episode_seed_base=981000,981000,,64,64,64,codex/phase3-scenario-generalization,5da4c19abf148d92655d89a19a7319ec23d77b3c,ok,37.58181455009617,,,0.67910205625277,,0.2739308977368345,,,,,10.681226359113122,19.161273293271663,427249049.24406254,0.7495937500000002,,0.0,,0.0,250.0,0.6791197757780456,,,,,,,,,,,,,,,,,,,Boundary cases combine original 3 seed bases with 5 extra seed bases.
phase3_boundary_scale_robustness,scale_num_uav2_2uav20gu_t250__baseline__queue_aware__981000,evaluation seed row,scale_num_uav2_2uav20gu_t250,baseline,queue_aware,non_learning_baseline,,,,configs/experiments/phase3_generalization/scale_num_uav2_2uav20gu_t250.yaml,,/home/sgy/workspace/sagin_marl/runs/phase3/scale_transfer/boundary_scale_robustness_20260702_194653,/home/sgy/workspace/sagin_marl/runs/phase3/scale_transfer/scale_transfer_zero_shot_20260701_210556/eval_seed981000/queue_aware/scale_num_uav2_2uav20gu_t250,.local_guidance/phase3/data/boundary_scale_robustness_20260702_194653/combined_with_main_8seed_summary.csv,/home/sgy/workspace/sagin_marl/runs/phase3/scale_transfer/boundary_scale_robustness_20260702_194653/combined_with_main_8seed_summary.csv,scenario=scale_num_uav2_2uav20gu_t250;kind=baseline;method=queue_aware;episode_seed_base=981000,981000,,64,64,64,codex/phase3-scenario-generalization,5da4c19abf148d92655d89a19a7319ec23d77b3c,ok,29.98859609430656,,,0.4778711189923045,,0.42647072699720917,,,,,14.242857756946858,33.67671863788356,569714303.6569569,0.9669786324786325,,0.203125,,0.203125,225.390625,0.47795948399995863,,,,,,,,,,,,,,,,,,,Boundary cases combine original 3 seed bases with 5 extra seed bases.
phase3_boundary_scale_robustness,scale_num_uav2_2uav20gu_t250__baseline__observable_cluster_queue_aware__981000,evaluation seed row,scale_num_uav2_2uav20gu_t250,baseline,observable_cluster_queue_aware,non_learning_baseline,,,,configs/experiments/phase3_generalization/scale_num_uav2_2uav20gu_t250.yaml,,/home/sgy/workspace/sagin_marl/runs/phase3/scale_transfer/boundary_scale_robustness_20260702_194653,/home/sgy/workspace/sagin_marl/runs/phase3/scale_transfer/scale_transfer_zero_shot_20260701_210556/eval_seed981000/observable_cluster_queue_aware/scale_num_uav2_2uav20gu_t250,.local_guidance/phase3/data/boundary_scale_robustness_20260702_194653/combined_with_main_8seed_summary.csv,/home/sgy/workspace/sagin_marl/runs/phase3/scale_transfer/boundary_scale_robustness_20260702_194653/combined_with_main_8seed_summary.csv,scenario=scale_num_uav2_2uav20gu_t250;kind=baseline;method=observable_cluster_queue_aware;episode_seed_base=981000,981000,,64,64,64,codex/phase3-scenario-generalization,5da4c19abf148d92655d89a19a7319ec23d77b3c,ok,34.56633632967714,,,0.6143309283550265,,0.32671552969374046,,,,,12.579879450119817,24.039315053489172,503195171.9547799,0.8601562500000001,,0.03125,,0.03125,246.734375,0.6143484545212039,,,,,,,,,,,,,,,,,,,Boundary cases combine original 3 seed bases with 5 extra seed bases.
phase3_boundary_scale_robustness,scale_num_uav2_2uav20gu_t250__baseline__cluster_center_queue_aware__981000,evaluation seed row,scale_num_uav2_2uav20gu_t250,baseline,cluster_center_queue_aware,non_learning_baseline,,,,configs/experiments/phase3_generalization/scale_num_uav2_2uav20gu_t250.yaml,,/home/sgy/workspace/sagin_marl/runs/phase3/scale_transfer/boundary_scale_robustness_20260702_194653,/home/sgy/workspace/sagin_marl/runs/phase3/scale_transfer/scale_transfer_zero_shot_20260701_210556/eval_seed981000/cluster_center_queue_aware/scale_num_uav2_2uav20gu_t250,.local_guidance/phase3/data/boundary_scale_robustness_20260702_194653/combined_with_main_8seed_summary.csv,/home/sgy/workspace/sagin_marl/runs/phase3/scale_transfer/boundary_scale_robustness_20260702_194653/combined_with_main_8seed_summary.csv,scenario=scale_num_uav2_2uav20gu_t250;kind=baseline;method=cluster_center_queue_aware;episode_seed_base=981000,981000,,64,64,64,codex/phase3-scenario-generalization,5da4c19abf148d92655d89a19a7319ec23d77b3c,ok,36.938381992746145,,,0.770092867478961,,0.18679137382663827,,,,,9.990920361656697,14.941983725863503,399636809.7853749,0.8935625000000001,,0.0,,0.0,250.0,0.7719800880779945,,,,,,,,,,,,,,,,,,,Boundary cases combine original 3 seed bases with 5 extra seed bases.
phase3_boundary_scale_robustness,scale_num_uav2_2uav20gu_t250__baseline__maxweight_lyapunov__981000,evaluation seed row,scale_num_uav2_2uav20gu_t250,baseline,maxweight_lyapunov,non_learning_baseline,,,,configs/experiments/phase3_generalization/scale_num_uav2_2uav20gu_t250.yaml,,/home/sgy/workspace/sagin_marl/runs/phase3/scale_transfer/boundary_scale_robustness_20260702_194653,/home/sgy/workspace/sagin_marl/runs/phase3/scale_transfer/scale_transfer_zero_shot_20260701_210556/eval_seed981000/maxweight_lyapunov/scale_num_uav2_2uav20gu_t250,.local_guidance/phase3/data/boundary_scale_robustness_20260702_194653/combined_with_main_8seed_summary.csv,/home/sgy/workspace/sagin_marl/runs/phase3/scale_transfer/boundary_scale_robustness_20260702_194653/combined_with_main_8seed_summary.csv,scenario=scale_num_uav2_2uav20gu_t250;kind=baseline;method=maxweight_lyapunov;episode_seed_base=981000,981000,,64,64,64,codex/phase3-scenario-generalization,5da4c19abf148d92655d89a19a7319ec23d77b3c,ok,36.20692561904434,,,0.733315557617694,,0.2165510372099862,,,,,11.528964856439272,18.818910377604894,461158588.83256245,0.9837187500000001,,0.0,,0.0,250.0,0.7337631498050995,,,,,,,,,,,,,,,,,,,Boundary cases combine original 3 seed bases with 5 extra seed bases.
phase3_boundary_scale_robustness,scale_num_uav2_2uav20gu_t250__baseline__dpp_resource_hybrid_native__981000,evaluation seed row,scale_num_uav2_2uav20gu_t250,baseline,dpp_resource_hybrid_native,non_learning_baseline,,,,configs/experiments/phase3_generalization/scale_num_uav2_2uav20gu_t250.yaml,,/home/sgy/workspace/sagin_marl/runs/phase3/scale_transfer/boundary_scale_robustness_20260702_194653,/home/sgy/workspace/sagin_marl/runs/phase3/scale_transfer/scale_transfer_zero_shot_20260701_210556/eval_seed981000/dpp_resource_hybrid_native/scale_num_uav2_2uav20gu_t250,.local_guidance/phase3/data/boundary_scale_robustness_20260702_194653/combined_with_main_8seed_summary.csv,/home/sgy/workspace/sagin_marl/runs/phase3/scale_transfer/boundary_scale_robustness_20260702_194653/combined_with_main_8seed_summary.csv,scenario=scale_num_uav2_2uav20gu_t250;kind=baseline;method=dpp_resource_hybrid_native;episode_seed_base=981000,981000,,64,64,64,codex/phase3-scenario-generalization,5da4c19abf148d92655d89a19a7319ec23d77b3c,ok,32.767657052958384,,,0.6938558350069215,,0.2461991558917522,,,,,13.835051264135164,23.21619644456357,553402044.021125,0.8935625000000001,,0.0,,0.0,250.0,0.6941145710152994,,,,,,,,,,,,,,,,,,,Boundary cases combine original 3 seed bases with 5 extra seed bases.
phase3_boundary_scale_robustness,scale_num_uav2_2uav20gu_t250__baseline__topology_dpp_native_bw_sat_cached__981000,evaluation seed row,scale_num_uav2_2uav20gu_t250,baseline,topology_dpp_native_bw_sat_cached,non_learning_baseline,,,,configs/experiments/phase3_generalization/scale_num_uav2_2uav20gu_t250.yaml,,/home/sgy/workspace/sagin_marl/runs/phase3/scale_transfer/boundary_scale_robustness_20260702_194653,/home/sgy/workspace/sagin_marl/runs/phase3/scale_transfer/scale_transfer_zero_shot_20260701_210556/eval_seed981000/topology_dpp_native_bw_sat_cached/scale_num_uav2_2uav20gu_t250,.local_guidance/phase3/data/boundary_scale_robustness_20260702_194653/combined_with_main_8seed_summary.csv,/home/sgy/workspace/sagin_marl/runs/phase3/scale_transfer/boundary_scale_robustness_20260702_194653/combined_with_main_8seed_summary.csv,scenario=scale_num_uav2_2uav20gu_t250;kind=baseline;method=topology_dpp_native_bw_sat_cached;episode_seed_base=981000,981000,,64,64,64,codex/phase3-scenario-generalization,5da4c19abf148d92655d89a19a7319ec23d77b3c,ok,32.76029123098124,,,0.6937735669690883,,0.2461991558917522,,,,,13.850792748121547,23.25195616929979,554031703.3791251,0.99575,,0.0,,0.0,250.0,0.6941145710152994,,,,,,,,,,,,,,,,,,,Boundary cases combine original 3 seed bases with 5 extra seed bases.
phase3_boundary_scale_robustness,scale_num_uav2_2uav20gu_t250__baseline__full_topology_dpp_joint__981000,evaluation seed row,scale_num_uav2_2uav20gu_t250,baseline,full_topology_dpp_joint,non_learning_baseline,,,,configs/experiments/phase3_generalization/scale_num_uav2_2uav20gu_t250.yaml,,/home/sgy/workspace/sagin_marl/runs/phase3/scale_transfer/boundary_scale_robustness_20260702_194653,/home/sgy/workspace/sagin_marl/runs/phase3/scale_transfer/scale_transfer_zero_shot_20260701_210556/eval_seed981000/full_topology_dpp_joint/scale_num_uav2_2uav20gu_t250,.local_guidance/phase3/data/boundary_scale_robustness_20260702_194653/combined_with_main_8seed_summary.csv,/home/sgy/workspace/sagin_marl/runs/phase3/scale_transfer/boundary_scale_robustness_20260702_194653/combined_with_main_8seed_summary.csv,scenario=scale_num_uav2_2uav20gu_t250;kind=baseline;method=full_topology_dpp_joint;episode_seed_base=981000,981000,,64,64,64,codex/phase3-scenario-generalization,5da4c19abf148d92655d89a19a7319ec23d77b3c,ok,25.379520672024228,,,0.3955910818578564,,0.4805288125514161,,,,,17.138535969476877,47.86889367411792,685541430.4840761,0.99575,,0.125,,0.125,225.140625,0.3956075609302627,,,,,,,,,,,,,,,,,,,Boundary cases combine original 3 seed bases with 5 extra seed bases.
phase3_boundary_scale_robustness,scale_num_gu30_3uav30gu_t250__learned__phase2_mc_seed45211_u400__982000,evaluation seed row,scale_num_gu30_3uav30gu_t250,learned,phase2_mc_seed45211_u400,learned_policy,45211,bootstrap_gae,400,configs/experiments/phase3_generalization/scale_num_gu30_3uav30gu_t250.yaml,/home/sgy/workspace/sagin_marl/runs/method_validation/horizon_fairness_mc_vs_bootstrap_threshold_u0_rep2_20260625_204118/mc_seed45211/checkpoint_update0400.pt,/home/sgy/workspace/sagin_marl/runs/phase3/scale_transfer/boundary_scale_robustness_20260702_194653,/home/sgy/workspace/sagin_marl/runs/phase3/scale_transfer/scale_transfer_zero_shot_20260701_210556/eval_seed982000/phase2_mc_seed45211_u400/scale_num_gu30_3uav30gu_t250,.local_guidance/phase3/data/boundary_scale_robustness_20260702_194653/combined_with_main_8seed_summary.csv,/home/sgy/workspace/sagin_marl/runs/phase3/scale_transfer/boundary_scale_robustness_20260702_194653/combined_with_main_8seed_summary.csv,scenario=scale_num_gu30_3uav30gu_t250;kind=learned;method=phase2_mc_seed45211_u400;episode_seed_base=982000,982000,,64,64,64,codex/phase3-scenario-generalization,5da4c19abf148d92655d89a19a7319ec23d77b3c,ok,40.47788549424149,,,0.6188147895419972,,0.3475284192597804,,,,,6.6356279257191355,11.709223634249533,398137686.3116875,0.9038125054016708,,0.0,,0.0,250.0,0.6316347800357127,,,,,,,,,,,,,,,,,,,Boundary cases combine original 3 seed bases with 5 extra seed bases.
phase3_boundary_scale_robustness,scale_num_gu30_3uav30gu_t250__learned__phase2_bootstrap_seed45211_u575__982000,evaluation seed row,scale_num_gu30_3uav30gu_t250,learned,phase2_bootstrap_seed45211_u575,learned_policy,45211,bootstrap_gae,575,configs/experiments/phase3_generalization/scale_num_gu30_3uav30gu_t250.yaml,/home/sgy/workspace/sagin_marl/runs/method_validation/horizon_fairness_mc_vs_bootstrap_threshold_u0_rep2_20260625_204118/bootstrap_seed45211/checkpoint_update0575.pt,/home/sgy/workspace/sagin_marl/runs/phase3/scale_transfer/boundary_scale_robustness_20260702_194653,/home/sgy/workspace/sagin_marl/runs/phase3/scale_transfer/scale_transfer_zero_shot_20260701_210556/eval_seed982000/phase2_bootstrap_seed45211_u575/scale_num_gu30_3uav30gu_t250,.local_guidance/phase3/data/boundary_scale_robustness_20260702_194653/combined_with_main_8seed_summary.csv,/home/sgy/workspace/sagin_marl/runs/phase3/scale_transfer/boundary_scale_robustness_20260702_194653/combined_with_main_8seed_summary.csv,scenario=scale_num_gu30_3uav30gu_t250;kind=learned;method=phase2_bootstrap_seed45211_u575;episode_seed_base=982000,982000,,64,64,64,codex/phase3-scenario-generalization,5da4c19abf148d92655d89a19a7319ec23d77b3c,ok,39.29820926301181,,,0.6266666245967029,,0.3343605860005679,,,,,5.832663379590029,11.042792306575215,349959811.18740463,0.750449912926182,,0.03125,,0.03125,242.640625,0.6275693045294618,,,,,,,,,,,,,,,,,,,Boundary cases combine original 3 seed bases with 5 extra seed bases.
phase3_boundary_scale_robustness,scale_num_gu30_3uav30gu_t250__baseline__queue_aware__982000,evaluation seed row,scale_num_gu30_3uav30gu_t250,baseline,queue_aware,non_learning_baseline,,,,configs/experiments/phase3_generalization/scale_num_gu30_3uav30gu_t250.yaml,,/home/sgy/workspace/sagin_marl/runs/phase3/scale_transfer/boundary_scale_robustness_20260702_194653,/home/sgy/workspace/sagin_marl/runs/phase3/scale_transfer/scale_transfer_zero_shot_20260701_210556/eval_seed982000/queue_aware/scale_num_gu30_3uav30gu_t250,.local_guidance/phase3/data/boundary_scale_robustness_20260702_194653/combined_with_main_8seed_summary.csv,/home/sgy/workspace/sagin_marl/runs/phase3/scale_transfer/boundary_scale_robustness_20260702_194653/combined_with_main_8seed_summary.csv,scenario=scale_num_gu30_3uav30gu_t250;kind=baseline;method=queue_aware;episode_seed_base=982000,982000,,64,64,64,codex/phase3-scenario-generalization,5da4c19abf148d92655d89a19a7319ec23d77b3c,ok,17.48451266589109,,,0.34757828359272797,,0.5184723749805275,,,,,7.616889439858332,25.202353852105883,457013377.0870246,0.9760421907117023,,0.703125,,0.703125,131.703125,0.3480355784789294,,,,,,,,,,,,,,,,,,,Boundary cases combine original 3 seed bases with 5 extra seed bases.
phase3_boundary_scale_robustness,scale_num_gu30_3uav30gu_t250__baseline__observable_cluster_queue_aware__982000,evaluation seed row,scale_num_gu30_3uav30gu_t250,baseline,observable_cluster_queue_aware,non_learning_baseline,,,,configs/experiments/phase3_generalization/scale_num_gu30_3uav30gu_t250.yaml,,/home/sgy/workspace/sagin_marl/runs/phase3/scale_transfer/boundary_scale_robustness_20260702_194653,/home/sgy/workspace/sagin_marl/runs/phase3/scale_transfer/scale_transfer_zero_shot_20260701_210556/eval_seed982000/observable_cluster_queue_aware/scale_num_gu30_3uav30gu_t250,.local_guidance/phase3/data/boundary_scale_robustness_20260702_194653/combined_with_main_8seed_summary.csv,/home/sgy/workspace/sagin_marl/runs/phase3/scale_transfer/boundary_scale_robustness_20260702_194653/combined_with_main_8seed_summary.csv,scenario=scale_num_gu30_3uav30gu_t250;kind=baseline;method=observable_cluster_queue_aware;episode_seed_base=982000,982000,,64,64,64,codex/phase3-scenario-generalization,5da4c19abf148d92655d89a19a7319ec23d77b3c,ok,30.803500923211686,,,0.4329728060785383,,0.5155459056320895,,,,,7.485509640876976,20.087358188711665,449130589.308069,0.8599090102691154,,0.234375,,0.21875,222.4375,0.4334364150529287,,,,,,,,,,,,,,,,,,,Boundary cases combine original 3 seed bases with 5 extra seed bases.
phase3_boundary_scale_robustness,scale_num_gu30_3uav30gu_t250__baseline__cluster_center_queue_aware__982000,evaluation seed row,scale_num_gu30_3uav30gu_t250,baseline,cluster_center_queue_aware,non_learning_baseline,,,,configs/experiments/phase3_generalization/scale_num_gu30_3uav30gu_t250.yaml,,/home/sgy/workspace/sagin_marl/runs/phase3/scale_transfer/boundary_scale_robustness_20260702_194653,/home/sgy/workspace/sagin_marl/runs/phase3/scale_transfer/scale_transfer_zero_shot_20260701_210556/eval_seed982000/cluster_center_queue_aware/scale_num_gu30_3uav30gu_t250,.local_guidance/phase3/data/boundary_scale_robustness_20260702_194653/combined_with_main_8seed_summary.csv,/home/sgy/workspace/sagin_marl/runs/phase3/scale_transfer/boundary_scale_robustness_20260702_194653/combined_with_main_8seed_summary.csv,scenario=scale_num_gu30_3uav30gu_t250;kind=baseline;method=cluster_center_queue_aware;episode_seed_base=982000,982000,,64,64,64,codex/phase3-scenario-generalization,5da4c19abf148d92655d89a19a7319ec23d77b3c,ok,39.164450747775845,,,0.6052771058240906,,0.3560897143536258,,,,,7.158818915403445,13.618228860178958,429529145.1390626,0.774854173054919,,0.0,,0.0,250.0,0.6217970915967419,,,,,,,,,,,,,,,,,,,Boundary cases combine original 3 seed bases with 5 extra seed bases.
phase3_boundary_scale_robustness,scale_num_gu30_3uav30gu_t250__baseline__maxweight_lyapunov__982000,evaluation seed row,scale_num_gu30_3uav30gu_t250,baseline,maxweight_lyapunov,non_learning_baseline,,,,configs/experiments/phase3_generalization/scale_num_gu30_3uav30gu_t250.yaml,,/home/sgy/workspace/sagin_marl/runs/phase3/scale_transfer/boundary_scale_robustness_20260702_194653,/home/sgy/workspace/sagin_marl/runs/phase3/scale_transfer/scale_transfer_zero_shot_20260701_210556/eval_seed982000/maxweight_lyapunov/scale_num_gu30_3uav30gu_t250,.local_guidance/phase3/data/boundary_scale_robustness_20260702_194653/combined_with_main_8seed_summary.csv,/home/sgy/workspace/sagin_marl/runs/phase3/scale_transfer/boundary_scale_robustness_20260702_194653/combined_with_main_8seed_summary.csv,scenario=scale_num_gu30_3uav30gu_t250;kind=baseline;method=maxweight_lyapunov;episode_seed_base=982000,982000,,64,64,64,codex/phase3-scenario-generalization,5da4c19abf148d92655d89a19a7319ec23d77b3c,ok,37.5698909976054,,,0.5636776382636745,,0.40047371989766545,,,,,7.23987100850325,14.340394587378018,434392270.8493123,0.9672500019185245,,0.0,,0.0,250.0,0.5747036168244202,,,,,,,,,,,,,,,,,,,Boundary cases combine original 3 seed bases with 5 extra seed bases.
phase3_boundary_scale_robustness,scale_num_gu30_3uav30gu_t250__baseline__dpp_resource_hybrid_native__982000,evaluation seed row,scale_num_gu30_3uav30gu_t250,baseline,dpp_resource_hybrid_native,non_learning_baseline,,,,configs/experiments/phase3_generalization/scale_num_gu30_3uav30gu_t250.yaml,,/home/sgy/workspace/sagin_marl/runs/phase3/scale_transfer/boundary_scale_robustness_20260702_194653,/home/sgy/workspace/sagin_marl/runs/phase3/scale_transfer/scale_transfer_zero_shot_20260701_210556/eval_seed982000/dpp_resource_hybrid_native/scale_num_gu30_3uav30gu_t250,.local_guidance/phase3/data/boundary_scale_robustness_20260702_194653/combined_with_main_8seed_summary.csv,/home/sgy/workspace/sagin_marl/runs/phase3/scale_transfer/boundary_scale_robustness_20260702_194653/combined_with_main_8seed_summary.csv,scenario=scale_num_gu30_3uav30gu_t250;kind=baseline;method=dpp_resource_hybrid_native;episode_seed_base=982000,982000,,64,64,64,codex/phase3-scenario-generalization,5da4c19abf148d92655d89a19a7319ec23d77b3c,ok,34.26134587568231,,,0.5894653471286874,,0.3729997836328674,,,,,7.562338635511697,14.780498306747518,453740328.84087515,0.774854173054919,,0.0,,0.0,250.0,0.600293796122667,,,,,,,,,,,,,,,,,,,Boundary cases combine original 3 seed bases with 5 extra seed bases.
phase3_boundary_scale_robustness,scale_num_gu30_3uav30gu_t250__baseline__topology_dpp_native_bw_sat_cached__982000,evaluation seed row,scale_num_gu30_3uav30gu_t250,baseline,topology_dpp_native_bw_sat_cached,non_learning_baseline,,,,configs/experiments/phase3_generalization/scale_num_gu30_3uav30gu_t250.yaml,,/home/sgy/workspace/sagin_marl/runs/phase3/scale_transfer/boundary_scale_robustness_20260702_194653,/home/sgy/workspace/sagin_marl/runs/phase3/scale_transfer/scale_transfer_zero_shot_20260701_210556/eval_seed982000/topology_dpp_native_bw_sat_cached/scale_num_gu30_3uav30gu_t250,.local_guidance/phase3/data/boundary_scale_robustness_20260702_194653/combined_with_main_8seed_summary.csv,/home/sgy/workspace/sagin_marl/runs/phase3/scale_transfer/boundary_scale_robustness_20260702_194653/combined_with_main_8seed_summary.csv,scenario=scale_num_gu30_3uav30gu_t250;kind=baseline;method=topology_dpp_native_bw_sat_cached;episode_seed_base=982000,982000,,64,64,64,codex/phase3-scenario-generalization,5da4c19abf148d92655d89a19a7319ec23d77b3c,ok,34.2082056485815,,,0.595292007930344,,0.3760185100108036,,,,,8.976690576530991,18.41890942050144,538601447.289875,0.6506770918201658,,0.0,,0.0,250.0,0.600293796122667,,,,,,,,,,,,,,,,,,,Boundary cases combine original 3 seed bases with 5 extra seed bases.
phase3_boundary_scale_robustness,scale_num_gu30_3uav30gu_t250__baseline__full_topology_dpp_joint__982000,evaluation seed row,scale_num_gu30_3uav30gu_t250,baseline,full_topology_dpp_joint,non_learning_baseline,,,,configs/experiments/phase3_generalization/scale_num_gu30_3uav30gu_t250.yaml,,/home/sgy/workspace/sagin_marl/runs/phase3/scale_transfer/boundary_scale_robustness_20260702_194653,/home/sgy/workspace/sagin_marl/runs/phase3/scale_transfer/scale_transfer_zero_shot_20260701_210556/eval_seed982000/full_topology_dpp_joint/scale_num_gu30_3uav30gu_t250,.local_guidance/phase3/data/boundary_scale_robustness_20260702_194653/combined_with_main_8seed_summary.csv,/home/sgy/workspace/sagin_marl/runs/phase3/scale_transfer/boundary_scale_robustness_20260702_194653/combined_with_main_8seed_summary.csv,scenario=scale_num_gu30_3uav30gu_t250;kind=baseline;method=full_topology_dpp_joint;episode_seed_base=982000,982000,,64,64,64,codex/phase3-scenario-generalization,5da4c19abf148d92655d89a19a7319ec23d77b3c,ok,22.09954539197497,,,0.27806922826337827,,0.6142879608576901,,,,,10.019197005205163,42.05086810266275,601151834.7846367,0.9800625004786997,,0.234375,,0.234375,200.796875,0.27806875320831864,,,,,,,,,,,,,,,,,,,Boundary cases combine original 3 seed bases with 5 extra seed bases.
phase3_boundary_scale_robustness,scale_num_uav2_2uav20gu_t250__learned__phase2_mc_seed45211_u400__982000,evaluation seed row,scale_num_uav2_2uav20gu_t250,learned,phase2_mc_seed45211_u400,learned_policy,45211,bootstrap_gae,400,configs/experiments/phase3_generalization/scale_num_uav2_2uav20gu_t250.yaml,/home/sgy/workspace/sagin_marl/runs/method_validation/horizon_fairness_mc_vs_bootstrap_threshold_u0_rep2_20260625_204118/mc_seed45211/checkpoint_update0400.pt,/home/sgy/workspace/sagin_marl/runs/phase3/scale_transfer/boundary_scale_robustness_20260702_194653,/home/sgy/workspace/sagin_marl/runs/phase3/scale_transfer/scale_transfer_zero_shot_20260701_210556/eval_seed982000/phase2_mc_seed45211_u400/scale_num_uav2_2uav20gu_t250,.local_guidance/phase3/data/boundary_scale_robustness_20260702_194653/combined_with_main_8seed_summary.csv,/home/sgy/workspace/sagin_marl/runs/phase3/scale_transfer/boundary_scale_robustness_20260702_194653/combined_with_main_8seed_summary.csv,scenario=scale_num_uav2_2uav20gu_t250;kind=learned;method=phase2_mc_seed45211_u400;episode_seed_base=982000,982000,,64,64,64,codex/phase3-scenario-generalization,5da4c19abf148d92655d89a19a7319ec23d77b3c,ok,36.96933280583471,,,0.6629249295750634,,0.2886498329296973,,,,,11.182484260126948,20.359393311463297,447299365.1895626,0.86728125,,0.0,,0.0,250.0,0.6630547635722928,,,,,,,,,,,,,,,,,,,Boundary cases combine original 3 seed bases with 5 extra seed bases.
phase3_boundary_scale_robustness,scale_num_uav2_2uav20gu_t250__learned__phase2_bootstrap_seed45211_u575__982000,evaluation seed row,scale_num_uav2_2uav20gu_t250,learned,phase2_bootstrap_seed45211_u575,learned_policy,45211,bootstrap_gae,575,configs/experiments/phase3_generalization/scale_num_uav2_2uav20gu_t250.yaml,/home/sgy/workspace/sagin_marl/runs/method_validation/horizon_fairness_mc_vs_bootstrap_threshold_u0_rep2_20260625_204118/bootstrap_seed45211/checkpoint_update0575.pt,/home/sgy/workspace/sagin_marl/runs/phase3/scale_transfer/boundary_scale_robustness_20260702_194653,/home/sgy/workspace/sagin_marl/runs/phase3/scale_transfer/scale_transfer_zero_shot_20260701_210556/eval_seed982000/phase2_bootstrap_seed45211_u575/scale_num_uav2_2uav20gu_t250,.local_guidance/phase3/data/boundary_scale_robustness_20260702_194653/combined_with_main_8seed_summary.csv,/home/sgy/workspace/sagin_marl/runs/phase3/scale_transfer/boundary_scale_robustness_20260702_194653/combined_with_main_8seed_summary.csv,scenario=scale_num_uav2_2uav20gu_t250;kind=learned;method=phase2_bootstrap_seed45211_u575;episode_seed_base=982000,982000,,64,64,64,codex/phase3-scenario-generalization,5da4c19abf148d92655d89a19a7319ec23d77b3c,ok,36.806845440063626,,,0.6653238717694765,,0.2872280792371266,,,,,11.378950536468997,20.71126573364623,455158015.9453125,0.7656249999999997,,0.0,,0.0,250.0,0.6653225926405286,,,,,,,,,,,,,,,,,,,Boundary cases combine original 3 seed bases with 5 extra seed bases.
phase3_boundary_scale_robustness,scale_num_uav2_2uav20gu_t250__baseline__queue_aware__982000,evaluation seed row,scale_num_uav2_2uav20gu_t250,baseline,queue_aware,non_learning_baseline,,,,configs/experiments/phase3_generalization/scale_num_uav2_2uav20gu_t250.yaml,,/home/sgy/workspace/sagin_marl/runs/phase3/scale_transfer/boundary_scale_robustness_20260702_194653,/home/sgy/workspace/sagin_marl/runs/phase3/scale_transfer/scale_transfer_zero_shot_20260701_210556/eval_seed982000/queue_aware/scale_num_uav2_2uav20gu_t250,.local_guidance/phase3/data/boundary_scale_robustness_20260702_194653/combined_with_main_8seed_summary.csv,/home/sgy/workspace/sagin_marl/runs/phase3/scale_transfer/boundary_scale_robustness_20260702_194653/combined_with_main_8seed_summary.csv,scenario=scale_num_uav2_2uav20gu_t250;kind=baseline;method=queue_aware;episode_seed_base=982000,982000,,64,64,64,codex/phase3-scenario-generalization,5da4c19abf148d92655d89a19a7319ec23d77b3c,ok,26.60750899335835,,,0.4831738065981161,,0.39343936397601675,,,,,13.888063180411109,32.55388037904204,555522520.6201464,0.9762937091503268,,0.3125,,0.3125,200.03125,0.4831735608838101,,,,,,,,,,,,,,,,,,,Boundary cases combine original 3 seed bases with 5 extra seed bases.
phase3_boundary_scale_robustness,scale_num_uav2_2uav20gu_t250__baseline__observable_cluster_queue_aware__982000,evaluation seed row,scale_num_uav2_2uav20gu_t250,baseline,observable_cluster_queue_aware,non_learning_baseline,,,,configs/experiments/phase3_generalization/scale_num_uav2_2uav20gu_t250.yaml,,/home/sgy/workspace/sagin_marl/runs/phase3/scale_transfer/boundary_scale_robustness_20260702_194653,/home/sgy/workspace/sagin_marl/runs/phase3/scale_transfer/scale_transfer_zero_shot_20260701_210556/eval_seed982000/observable_cluster_queue_aware/scale_num_uav2_2uav20gu_t250,.local_guidance/phase3/data/boundary_scale_robustness_20260702_194653/combined_with_main_8seed_summary.csv,/home/sgy/workspace/sagin_marl/runs/phase3/scale_transfer/boundary_scale_robustness_20260702_194653/combined_with_main_8seed_summary.csv,scenario=scale_num_uav2_2uav20gu_t250;kind=baseline;method=observable_cluster_queue_aware;episode_seed_base=982000,982000,,64,64,64,codex/phase3-scenario-generalization,5da4c19abf148d92655d89a19a7319ec23d77b3c,ok,32.93229333276395,,,0.6053252063585807,,0.3295299611104447,,,,,12.934378458527394,24.762906990605895,517375132.5095941,0.8938863146551723,,0.0625,,0.0625,239.21875,0.6053243442593358,,,,,,,,,,,,,,,,,,,Boundary cases combine original 3 seed bases with 5 extra seed bases.
phase3_boundary_scale_robustness,scale_num_uav2_2uav20gu_t250__baseline__cluster_center_queue_aware__982000,evaluation seed row,scale_num_uav2_2uav20gu_t250,baseline,cluster_center_queue_aware,non_learning_baseline,,,,configs/experiments/phase3_generalization/scale_num_uav2_2uav20gu_t250.yaml,,/home/sgy/workspace/sagin_marl/runs/phase3/scale_transfer/boundary_scale_robustness_20260702_194653,/home/sgy/workspace/sagin_marl/runs/phase3/scale_transfer/scale_transfer_zero_shot_20260701_210556/eval_seed982000/cluster_center_queue_aware/scale_num_uav2_2uav20gu_t250,.local_guidance/phase3/data/boundary_scale_robustness_20260702_194653/combined_with_main_8seed_summary.csv,/home/sgy/workspace/sagin_marl/runs/phase3/scale_transfer/boundary_scale_robustness_20260702_194653/combined_with_main_8seed_summary.csv,scenario=scale_num_uav2_2uav20gu_t250;kind=baseline;method=cluster_center_queue_aware;episode_seed_base=982000,982000,,64,64,64,codex/phase3-scenario-generalization,5da4c19abf148d92655d89a19a7319ec23d77b3c,ok,36.158888377132826,,,0.751584279029397,,0.2052159881328615,,,,,10.464408611983059,16.145673385009168,418576339.7400625,0.86025,,0.0,,0.0,250.0,0.7529304427258853,,,,,,,,,,,,,,,,,,,Boundary cases combine original 3 seed bases with 5 extra seed bases.
phase3_boundary_scale_robustness,scale_num_uav2_2uav20gu_t250__baseline__maxweight_lyapunov__982000,evaluation seed row,scale_num_uav2_2uav20gu_t250,baseline,maxweight_lyapunov,non_learning_baseline,,,,configs/experiments/phase3_generalization/scale_num_uav2_2uav20gu_t250.yaml,,/home/sgy/workspace/sagin_marl/runs/phase3/scale_transfer/boundary_scale_robustness_20260702_194653,/home/sgy/workspace/sagin_marl/runs/phase3/scale_transfer/scale_transfer_zero_shot_20260701_210556/eval_seed982000/maxweight_lyapunov/scale_num_uav2_2uav20gu_t250,.local_guidance/phase3/data/boundary_scale_robustness_20260702_194653/combined_with_main_8seed_summary.csv,/home/sgy/workspace/sagin_marl/runs/phase3/scale_transfer/boundary_scale_robustness_20260702_194653/combined_with_main_8seed_summary.csv,scenario=scale_num_uav2_2uav20gu_t250;kind=baseline;method=maxweight_lyapunov;episode_seed_base=982000,982000,,64,64,64,codex/phase3-scenario-generalization,5da4c19abf148d92655d89a19a7319ec23d77b3c,ok,35.635484094615094,,,0.7116825915935915,,0.23918921335503016,,,,,11.949704191595318,19.285458969999105,477988161.92600006,0.9904687499999998,,0.0,,0.0,250.0,0.711781389729952,,,,,,,,,,,,,,,,,,,Boundary cases combine original 3 seed bases with 5 extra seed bases.
phase3_boundary_scale_robustness,scale_num_uav2_2uav20gu_t250__baseline__dpp_resource_hybrid_native__982000,evaluation seed row,scale_num_uav2_2uav20gu_t250,baseline,dpp_resource_hybrid_native,non_learning_baseline,,,,configs/experiments/phase3_generalization/scale_num_uav2_2uav20gu_t250.yaml,,/home/sgy/workspace/sagin_marl/runs/phase3/scale_transfer/boundary_scale_robustness_20260702_194653,/home/sgy/workspace/sagin_marl/runs/phase3/scale_transfer/scale_transfer_zero_shot_20260701_210556/eval_seed982000/dpp_resource_hybrid_native/scale_num_uav2_2uav20gu_t250,.local_guidance/phase3/data/boundary_scale_robustness_20260702_194653/combined_with_main_8seed_summary.csv,/home/sgy/workspace/sagin_marl/runs/phase3/scale_transfer/boundary_scale_robustness_20260702_194653/combined_with_main_8seed_summary.csv,scenario=scale_num_uav2_2uav20gu_t250;kind=baseline;method=dpp_resource_hybrid_native;episode_seed_base=982000,982000,,64,64,64,codex/phase3-scenario-generalization,5da4c19abf148d92655d89a19a7319ec23d77b3c,ok,32.391106044873595,,,0.6681831532807554,,0.27058390221490985,,,,,14.262915758509195,24.946909734915938,570516623.642375,0.86025,,0.0,,0.0,250.0,0.6683223987339042,,,,,,,,,,,,,,,,,,,Boundary cases combine original 3 seed bases with 5 extra seed bases.
phase3_boundary_scale_robustness,scale_num_uav2_2uav20gu_t250__baseline__topology_dpp_native_bw_sat_cached__982000,evaluation seed row,scale_num_uav2_2uav20gu_t250,baseline,topology_dpp_native_bw_sat_cached,non_learning_baseline,,,,configs/experiments/phase3_generalization/scale_num_uav2_2uav20gu_t250.yaml,,/home/sgy/workspace/sagin_marl/runs/phase3/scale_transfer/boundary_scale_robustness_20260702_194653,/home/sgy/workspace/sagin_marl/runs/phase3/scale_transfer/scale_transfer_zero_shot_20260701_210556/eval_seed982000/topology_dpp_native_bw_sat_cached/scale_num_uav2_2uav20gu_t250,.local_guidance/phase3/data/boundary_scale_robustness_20260702_194653/combined_with_main_8seed_summary.csv,/home/sgy/workspace/sagin_marl/runs/phase3/scale_transfer/boundary_scale_robustness_20260702_194653/combined_with_main_8seed_summary.csv,scenario=scale_num_uav2_2uav20gu_t250;kind=baseline;method=topology_dpp_native_bw_sat_cached;episode_seed_base=982000,982000,,64,64,64,codex/phase3-scenario-generalization,5da4c19abf148d92655d89a19a7319ec23d77b3c,ok,32.3859873249894,,,0.6683234155953397,,0.27058390221490985,,,,,14.260899029511961,24.947838756661856,570435954.5283749,0.99575,,0.0,,0.0,250.0,0.6683223987339042,,,,,,,,,,,,,,,,,,,Boundary cases combine original 3 seed bases with 5 extra seed bases.
phase3_boundary_scale_robustness,scale_num_uav2_2uav20gu_t250__baseline__full_topology_dpp_joint__982000,evaluation seed row,scale_num_uav2_2uav20gu_t250,baseline,full_topology_dpp_joint,non_learning_baseline,,,,configs/experiments/phase3_generalization/scale_num_uav2_2uav20gu_t250.yaml,,/home/sgy/workspace/sagin_marl/runs/phase3/scale_transfer/boundary_scale_robustness_20260702_194653,/home/sgy/workspace/sagin_marl/runs/phase3/scale_transfer/scale_transfer_zero_shot_20260701_210556/eval_seed982000/full_topology_dpp_joint/scale_num_uav2_2uav20gu_t250,.local_guidance/phase3/data/boundary_scale_robustness_20260702_194653/combined_with_main_8seed_summary.csv,/home/sgy/workspace/sagin_marl/runs/phase3/scale_transfer/boundary_scale_robustness_20260702_194653/combined_with_main_8seed_summary.csv,scenario=scale_num_uav2_2uav20gu_t250;kind=baseline;method=full_topology_dpp_joint;episode_seed_base=982000,982000,,64,64,64,codex/phase3-scenario-generalization,5da4c19abf148d92655d89a19a7319ec23d77b3c,ok,25.344176038750447,,,0.37975168103589346,,0.488025183348174,,,,,17.66650144270951,50.93147346999546,706660049.289866,0.99575,,0.09375,,0.09375,228.890625,0.37975115859414993,,,,,,,,,,,,,,,,,,,Boundary cases combine original 3 seed bases with 5 extra seed bases.
phase3_boundary_scale_robustness,scale_num_gu30_3uav30gu_t250__learned__phase2_mc_seed45211_u400__983000,evaluation seed row,scale_num_gu30_3uav30gu_t250,learned,phase2_mc_seed45211_u400,learned_policy,45211,bootstrap_gae,400,configs/experiments/phase3_generalization/scale_num_gu30_3uav30gu_t250.yaml,/home/sgy/workspace/sagin_marl/runs/method_validation/horizon_fairness_mc_vs_bootstrap_threshold_u0_rep2_20260625_204118/mc_seed45211/checkpoint_update0400.pt,/home/sgy/workspace/sagin_marl/runs/phase3/scale_transfer/boundary_scale_robustness_20260702_194653,/home/sgy/workspace/sagin_marl/runs/phase3/scale_transfer/boundary_scale_robustness_20260702_194653/eval_seed983000/phase2_mc_seed45211_u400/scale_num_gu30_3uav30gu_t250,.local_guidance/phase3/data/boundary_scale_robustness_20260702_194653/combined_with_main_8seed_summary.csv,/home/sgy/workspace/sagin_marl/runs/phase3/scale_transfer/boundary_scale_robustness_20260702_194653/combined_with_main_8seed_summary.csv,scenario=scale_num_gu30_3uav30gu_t250;kind=learned;method=phase2_mc_seed45211_u400;episode_seed_base=983000,983000,,64,64,64,codex/phase3-scenario-generalization,5da4c19abf148d92655d89a19a7319ec23d77b3c,ok,40.73304549942259,,,0.6284443916960156,,0.3369381060227051,,,,,6.645239894760306,11.688087179865217,398714404.28193736,0.9070625052452093,,0.0,,0.0,250.0,0.6416589754980785,,,,,,,,,,,,,,,,,,,Boundary cases combine original 3 seed bases with 5 extra seed bases.
phase3_boundary_scale_robustness,scale_num_gu30_3uav30gu_t250__learned__phase2_bootstrap_seed45211_u575__983000,evaluation seed row,scale_num_gu30_3uav30gu_t250,learned,phase2_bootstrap_seed45211_u575,learned_policy,45211,bootstrap_gae,575,configs/experiments/phase3_generalization/scale_num_gu30_3uav30gu_t250.yaml,/home/sgy/workspace/sagin_marl/runs/method_validation/horizon_fairness_mc_vs_bootstrap_threshold_u0_rep2_20260625_204118/bootstrap_seed45211/checkpoint_update0575.pt,/home/sgy/workspace/sagin_marl/runs/phase3/scale_transfer/boundary_scale_robustness_20260702_194653,/home/sgy/workspace/sagin_marl/runs/phase3/scale_transfer/boundary_scale_robustness_20260702_194653/eval_seed983000/phase2_bootstrap_seed45211_u575/scale_num_gu30_3uav30gu_t250,.local_guidance/phase3/data/boundary_scale_robustness_20260702_194653/combined_with_main_8seed_summary.csv,/home/sgy/workspace/sagin_marl/runs/phase3/scale_transfer/boundary_scale_robustness_20260702_194653/combined_with_main_8seed_summary.csv,scenario=scale_num_gu30_3uav30gu_t250;kind=learned;method=phase2_bootstrap_seed45211_u575;episode_seed_base=983000,983000,,64,64,64,codex/phase3-scenario-generalization,5da4c19abf148d92655d89a19a7319ec23d77b3c,ok,40.834268348058686,,,0.6488096823813393,,0.3291788344054928,,,,,5.803406246807427,10.517229758657514,348204383.3340624,0.7409270949624477,,0.0,,0.0,250.0,0.6493183851593453,,,,,,,,,,,,,,,,,,,Boundary cases combine original 3 seed bases with 5 extra seed bases.
phase3_boundary_scale_robustness,scale_num_gu30_3uav30gu_t250__baseline__queue_aware__983000,evaluation seed row,scale_num_gu30_3uav30gu_t250,baseline,queue_aware,non_learning_baseline,,,,configs/experiments/phase3_generalization/scale_num_gu30_3uav30gu_t250.yaml,,/home/sgy/workspace/sagin_marl/runs/phase3/scale_transfer/boundary_scale_robustness_20260702_194653,/home/sgy/workspace/sagin_marl/runs/phase3/scale_transfer/boundary_scale_robustness_20260702_194653/eval_seed983000/queue_aware/scale_num_gu30_3uav30gu_t250,.local_guidance/phase3/data/boundary_scale_robustness_20260702_194653/combined_with_main_8seed_summary.csv,/home/sgy/workspace/sagin_marl/runs/phase3/scale_transfer/boundary_scale_robustness_20260702_194653/combined_with_main_8seed_summary.csv,scenario=scale_num_gu30_3uav30gu_t250;kind=baseline;method=queue_aware;episode_seed_base=983000,983000,,64,64,64,codex/phase3-scenario-generalization,5da4c19abf148d92655d89a19a7319ec23d77b3c,ok,18.39337036490906,,,0.3410125545866594,,0.5450295528685225,,,,,8.32894398193947,28.705141293606832,499736651.19964254,0.9711115723340481,,0.78125,,0.78125,140.734375,0.3411449126912142,,,,,,,,,,,,,,,,,,,Boundary cases combine original 3 seed bases with 5 extra seed bases.
phase3_boundary_scale_robustness,scale_num_gu30_3uav30gu_t250__baseline__observable_cluster_queue_aware__983000,evaluation seed row,scale_num_gu30_3uav30gu_t250,baseline,observable_cluster_queue_aware,non_learning_baseline,,,,configs/experiments/phase3_generalization/scale_num_gu30_3uav30gu_t250.yaml,,/home/sgy/workspace/sagin_marl/runs/phase3/scale_transfer/boundary_scale_robustness_20260702_194653,/home/sgy/workspace/sagin_marl/runs/phase3/scale_transfer/boundary_scale_robustness_20260702_194653/eval_seed983000/observable_cluster_queue_aware/scale_num_gu30_3uav30gu_t250,.local_guidance/phase3/data/boundary_scale_robustness_20260702_194653/combined_with_main_8seed_summary.csv,/home/sgy/workspace/sagin_marl/runs/phase3/scale_transfer/boundary_scale_robustness_20260702_194653/combined_with_main_8seed_summary.csv,scenario=scale_num_gu30_3uav30gu_t250;kind=baseline;method=observable_cluster_queue_aware;episode_seed_base=983000,983000,,64,64,64,codex/phase3-scenario-generalization,5da4c19abf148d92655d89a19a7319ec23d77b3c,ok,28.87096566706896,,,0.4355883815598568,,0.5034002182363565,,,,,7.124318787787047,19.397150829403092,427459137.5356493,0.8828598582767648,,0.375,,0.375,205.359375,0.4363110579514433,,,,,,,,,,,,,,,,,,,Boundary cases combine original 3 seed bases with 5 extra seed bases.
phase3_boundary_scale_robustness,scale_num_gu30_3uav30gu_t250__baseline__cluster_center_queue_aware__983000,evaluation seed row,scale_num_gu30_3uav30gu_t250,baseline,cluster_center_queue_aware,non_learning_baseline,,,,configs/experiments/phase3_generalization/scale_num_gu30_3uav30gu_t250.yaml,,/home/sgy/workspace/sagin_marl/runs/phase3/scale_transfer/boundary_scale_robustness_20260702_194653,/home/sgy/workspace/sagin_marl/runs/phase3/scale_transfer/boundary_scale_robustness_20260702_194653/eval_seed983000/cluster_center_queue_aware/scale_num_gu30_3uav30gu_t250,.local_guidance/phase3/data/boundary_scale_robustness_20260702_194653/combined_with_main_8seed_summary.csv,/home/sgy/workspace/sagin_marl/runs/phase3/scale_transfer/boundary_scale_robustness_20260702_194653/combined_with_main_8seed_summary.csv,scenario=scale_num_gu30_3uav30gu_t250;kind=baseline;method=cluster_center_queue_aware;episode_seed_base=983000,983000,,64,64,64,codex/phase3-scenario-generalization,5da4c19abf148d92655d89a19a7319ec23d77b3c,ok,39.29362475278322,,,0.6154918437585001,,0.3455472462661878,,,,,7.0578094233344295,13.415143470763228,423468575.5781875,0.7679375064913188,,0.0,,0.0,250.0,0.6317730501378331,,,,,,,,,,,,,,,,,,,Boundary cases combine original 3 seed bases with 5 extra seed bases.
phase3_boundary_scale_robustness,scale_num_gu30_3uav30gu_t250__baseline__maxweight_lyapunov__983000,evaluation seed row,scale_num_gu30_3uav30gu_t250,baseline,maxweight_lyapunov,non_learning_baseline,,,,configs/experiments/phase3_generalization/scale_num_gu30_3uav30gu_t250.yaml,,/home/sgy/workspace/sagin_marl/runs/phase3/scale_transfer/boundary_scale_robustness_20260702_194653,/home/sgy/workspace/sagin_marl/runs/phase3/scale_transfer/boundary_scale_robustness_20260702_194653/eval_seed983000/maxweight_lyapunov/scale_num_gu30_3uav30gu_t250,.local_guidance/phase3/data/boundary_scale_robustness_20260702_194653/combined_with_main_8seed_summary.csv,/home/sgy/workspace/sagin_marl/runs/phase3/scale_transfer/boundary_scale_robustness_20260702_194653/combined_with_main_8seed_summary.csv,scenario=scale_num_gu30_3uav30gu_t250;kind=baseline;method=maxweight_lyapunov;episode_seed_base=983000,983000,,64,64,64,codex/phase3-scenario-generalization,5da4c19abf148d92655d89a19a7319ec23d77b3c,ok,37.52100395213347,,,0.5624935094312531,,0.4024828861395534,,,,,7.082545361596624,14.1747424422875,424952731.8073124,0.9692083351165058,,0.0,,0.0,250.0,0.5732377020710887,,,,,,,,,,,,,,,,,,,Boundary cases combine original 3 seed bases with 5 extra seed bases.
phase3_boundary_scale_robustness,scale_num_gu30_3uav30gu_t250__baseline__dpp_resource_hybrid_native__983000,evaluation seed row,scale_num_gu30_3uav30gu_t250,baseline,dpp_resource_hybrid_native,non_learning_baseline,,,,configs/experiments/phase3_generalization/scale_num_gu30_3uav30gu_t250.yaml,,/home/sgy/workspace/sagin_marl/runs/phase3/scale_transfer/boundary_scale_robustness_20260702_194653,/home/sgy/workspace/sagin_marl/runs/phase3/scale_transfer/boundary_scale_robustness_20260702_194653/eval_seed983000/dpp_resource_hybrid_native/scale_num_gu30_3uav30gu_t250,.local_guidance/phase3/data/boundary_scale_robustness_20260702_194653/combined_with_main_8seed_summary.csv,/home/sgy/workspace/sagin_marl/runs/phase3/scale_transfer/boundary_scale_robustness_20260702_194653/combined_with_main_8seed_summary.csv,scenario=scale_num_gu30_3uav30gu_t250;kind=baseline;method=dpp_resource_hybrid_native;episode_seed_base=983000,983000,,64,64,64,codex/phase3-scenario-generalization,5da4c19abf148d92655d89a19a7319ec23d77b3c,ok,34.55140599992592,,,0.5990123841309686,,0.3642854924477572,,,,,7.496058911118657,14.585178510885687,449763545.2832501,0.7679375064913188,,0.0,,0.0,250.0,0.6098905438180633,,,,,,,,,,,,,,,,,,,Boundary cases combine original 3 seed bases with 5 extra seed bases.
phase3_boundary_scale_robustness,scale_num_gu30_3uav30gu_t250__baseline__topology_dpp_native_bw_sat_cached__983000,evaluation seed row,scale_num_gu30_3uav30gu_t250,baseline,topology_dpp_native_bw_sat_cached,non_learning_baseline,,,,configs/experiments/phase3_generalization/scale_num_gu30_3uav30gu_t250.yaml,,/home/sgy/workspace/sagin_marl/runs/phase3/scale_transfer/boundary_scale_robustness_20260702_194653,/home/sgy/workspace/sagin_marl/runs/phase3/scale_transfer/boundary_scale_robustness_20260702_194653/eval_seed983000/topology_dpp_native_bw_sat_cached/scale_num_gu30_3uav30gu_t250,.local_guidance/phase3/data/boundary_scale_robustness_20260702_194653/combined_with_main_8seed_summary.csv,/home/sgy/workspace/sagin_marl/runs/phase3/scale_transfer/boundary_scale_robustness_20260702_194653/combined_with_main_8seed_summary.csv,scenario=scale_num_gu30_3uav30gu_t250;kind=baseline;method=topology_dpp_native_bw_sat_cached;episode_seed_base=983000,983000,,64,64,64,codex/phase3-scenario-generalization,5da4c19abf148d92655d89a19a7319ec23d77b3c,ok,34.46627417241689,,,0.6028893223548075,,0.36787441889918343,,,,,9.200469049442555,18.644583121668546,552028155.9692498,0.658947924932465,,0.0,,0.0,250.0,0.6098905438180633,,,,,,,,,,,,,,,,,,,Boundary cases combine original 3 seed bases with 5 extra seed bases.
phase3_boundary_scale_robustness,scale_num_gu30_3uav30gu_t250__baseline__full_topology_dpp_joint__983000,evaluation seed row,scale_num_gu30_3uav30gu_t250,baseline,full_topology_dpp_joint,non_learning_baseline,,,,configs/experiments/phase3_generalization/scale_num_gu30_3uav30gu_t250.yaml,,/home/sgy/workspace/sagin_marl/runs/phase3/scale_transfer/boundary_scale_robustness_20260702_194653,/home/sgy/workspace/sagin_marl/runs/phase3/scale_transfer/boundary_scale_robustness_20260702_194653/eval_seed983000/full_topology_dpp_joint/scale_num_gu30_3uav30gu_t250,.local_guidance/phase3/data/boundary_scale_robustness_20260702_194653/combined_with_main_8seed_summary.csv,/home/sgy/workspace/sagin_marl/runs/phase3/scale_transfer/boundary_scale_robustness_20260702_194653/combined_with_main_8seed_summary.csv,scenario=scale_num_gu30_3uav30gu_t250;kind=baseline;method=full_topology_dpp_joint;episode_seed_base=983000,983000,,64,64,64,codex/phase3-scenario-generalization,5da4c19abf148d92655d89a19a7319ec23d77b3c,ok,20.071980625682045,,,0.2784719891447912,,0.5968656229606853,,,,,9.635500420833292,42.22709706291418,578130038.856174,0.9825625005308538,,0.328125,,0.328125,180.125,0.2788114508654328,,,,,,,,,,,,,,,,,,,Boundary cases combine original 3 seed bases with 5 extra seed bases.
phase3_boundary_scale_robustness,scale_num_uav2_2uav20gu_t250__learned__phase2_mc_seed45211_u400__983000,evaluation seed row,scale_num_uav2_2uav20gu_t250,learned,phase2_mc_seed45211_u400,learned_policy,45211,bootstrap_gae,400,configs/experiments/phase3_generalization/scale_num_uav2_2uav20gu_t250.yaml,/home/sgy/workspace/sagin_marl/runs/method_validation/horizon_fairness_mc_vs_bootstrap_threshold_u0_rep2_20260625_204118/mc_seed45211/checkpoint_update0400.pt,/home/sgy/workspace/sagin_marl/runs/phase3/scale_transfer/boundary_scale_robustness_20260702_194653,/home/sgy/workspace/sagin_marl/runs/phase3/scale_transfer/boundary_scale_robustness_20260702_194653/eval_seed983000/phase2_mc_seed45211_u400/scale_num_uav2_2uav20gu_t250,.local_guidance/phase3/data/boundary_scale_robustness_20260702_194653/combined_with_main_8seed_summary.csv,/home/sgy/workspace/sagin_marl/runs/phase3/scale_transfer/boundary_scale_robustness_20260702_194653/combined_with_main_8seed_summary.csv,scenario=scale_num_uav2_2uav20gu_t250;kind=learned;method=phase2_mc_seed45211_u400;episode_seed_base=983000,983000,,64,64,64,codex/phase3-scenario-generalization,5da4c19abf148d92655d89a19a7319ec23d77b3c,ok,37.238116309046745,,,0.6826637873327128,,0.2718998629934631,,,,,10.628027023915202,18.532112637629734,425121075.9545625,0.8632812499999994,,0.0,,0.0,250.0,0.6826645181211104,,,,,,,,,,,,,,,,,,,Boundary cases combine original 3 seed bases with 5 extra seed bases.
phase3_boundary_scale_robustness,scale_num_uav2_2uav20gu_t250__learned__phase2_bootstrap_seed45211_u575__983000,evaluation seed row,scale_num_uav2_2uav20gu_t250,learned,phase2_bootstrap_seed45211_u575,learned_policy,45211,bootstrap_gae,575,configs/experiments/phase3_generalization/scale_num_uav2_2uav20gu_t250.yaml,/home/sgy/workspace/sagin_marl/runs/method_validation/horizon_fairness_mc_vs_bootstrap_threshold_u0_rep2_20260625_204118/bootstrap_seed45211/checkpoint_update0575.pt,/home/sgy/workspace/sagin_marl/runs/phase3/scale_transfer/boundary_scale_robustness_20260702_194653,/home/sgy/workspace/sagin_marl/runs/phase3/scale_transfer/boundary_scale_robustness_20260702_194653/eval_seed983000/phase2_bootstrap_seed45211_u575/scale_num_uav2_2uav20gu_t250,.local_guidance/phase3/data/boundary_scale_robustness_20260702_194653/combined_with_main_8seed_summary.csv,/home/sgy/workspace/sagin_marl/runs/phase3/scale_transfer/boundary_scale_robustness_20260702_194653/combined_with_main_8seed_summary.csv,scenario=scale_num_uav2_2uav20gu_t250;kind=learned;method=phase2_bootstrap_seed45211_u575;episode_seed_base=983000,983000,,64,64,64,codex/phase3-scenario-generalization,5da4c19abf148d92655d89a19a7319ec23d77b3c,ok,37.04090831731446,,,0.6792337173005798,,0.27493720432614793,,,,,10.867688770167524,19.45696654842422,434707545.84906256,0.7260624999999998,,0.0,,0.0,250.0,0.6792344336095869,,,,,,,,,,,,,,,,,,,Boundary cases combine original 3 seed bases with 5 extra seed bases.
phase3_boundary_scale_robustness,scale_num_uav2_2uav20gu_t250__baseline__queue_aware__983000,evaluation seed row,scale_num_uav2_2uav20gu_t250,baseline,queue_aware,non_learning_baseline,,,,configs/experiments/phase3_generalization/scale_num_uav2_2uav20gu_t250.yaml,,/home/sgy/workspace/sagin_marl/runs/phase3/scale_transfer/boundary_scale_robustness_20260702_194653,/home/sgy/workspace/sagin_marl/runs/phase3/scale_transfer/boundary_scale_robustness_20260702_194653/eval_seed983000/queue_aware/scale_num_uav2_2uav20gu_t250,.local_guidance/phase3/data/boundary_scale_robustness_20260702_194653/combined_with_main_8seed_summary.csv,/home/sgy/workspace/sagin_marl/runs/phase3/scale_transfer/boundary_scale_robustness_20260702_194653/combined_with_main_8seed_summary.csv,scenario=scale_num_uav2_2uav20gu_t250;kind=baseline;method=queue_aware;episode_seed_base=983000,983000,,64,64,64,codex/phase3-scenario-generalization,5da4c19abf148d92655d89a19a7319ec23d77b3c,ok,29.19161915802397,,,0.4709812219692735,,0.433633842490036,,,,,14.987646613172124,35.671848529222515,599505857.5909715,0.9820736682046981,,0.265625,,0.25,221.734375,0.4709820816062226,,,,,,,,,,,,,,,,,,,Boundary cases combine original 3 seed bases with 5 extra seed bases.
phase3_boundary_scale_robustness,scale_num_uav2_2uav20gu_t250__baseline__observable_cluster_queue_aware__983000,evaluation seed row,scale_num_uav2_2uav20gu_t250,baseline,observable_cluster_queue_aware,non_learning_baseline,,,,configs/experiments/phase3_generalization/scale_num_uav2_2uav20gu_t250.yaml,,/home/sgy/workspace/sagin_marl/runs/phase3/scale_transfer/boundary_scale_robustness_20260702_194653,/home/sgy/workspace/sagin_marl/runs/phase3/scale_transfer/boundary_scale_robustness_20260702_194653/eval_seed983000/observable_cluster_queue_aware/scale_num_uav2_2uav20gu_t250,.local_guidance/phase3/data/boundary_scale_robustness_20260702_194653/combined_with_main_8seed_summary.csv,/home/sgy/workspace/sagin_marl/runs/phase3/scale_transfer/boundary_scale_robustness_20260702_194653/combined_with_main_8seed_summary.csv,scenario=scale_num_uav2_2uav20gu_t250;kind=baseline;method=observable_cluster_queue_aware;episode_seed_base=983000,983000,,64,64,64,codex/phase3-scenario-generalization,5da4c19abf148d92655d89a19a7319ec23d77b3c,ok,34.686525447061285,,,0.6184775241964964,,0.3240582927301621,,,,,12.830082271414804,23.93488996693585,513203284.82412493,0.87415625,,0.0,,0.0,250.0,0.6184786895462684,,,,,,,,,,,,,,,,,,,Boundary cases combine original 3 seed bases with 5 extra seed bases.
phase3_boundary_scale_robustness,scale_num_uav2_2uav20gu_t250__baseline__cluster_center_queue_aware__983000,evaluation seed row,scale_num_uav2_2uav20gu_t250,baseline,cluster_center_queue_aware,non_learning_baseline,,,,configs/experiments/phase3_generalization/scale_num_uav2_2uav20gu_t250.yaml,,/home/sgy/workspace/sagin_marl/runs/phase3/scale_transfer/boundary_scale_robustness_20260702_194653,/home/sgy/workspace/sagin_marl/runs/phase3/scale_transfer/boundary_scale_robustness_20260702_194653/eval_seed983000/cluster_center_queue_aware/scale_num_uav2_2uav20gu_t250,.local_guidance/phase3/data/boundary_scale_robustness_20260702_194653/combined_with_main_8seed_summary.csv,/home/sgy/workspace/sagin_marl/runs/phase3/scale_transfer/boundary_scale_robustness_20260702_194653/combined_with_main_8seed_summary.csv,scenario=scale_num_uav2_2uav20gu_t250;kind=baseline;method=cluster_center_queue_aware;episode_seed_base=983000,983000,,64,64,64,codex/phase3-scenario-generalization,5da4c19abf148d92655d89a19a7319ec23d77b3c,ok,35.904496225644834,,,0.7418038865628189,,0.2168516614932724,,,,,10.423723841266709,17.049277422192503,416948948.7233125,0.9021250000000001,,0.0,,0.0,250.0,0.7421125359588933,,,,,,,,,,,,,,,,,,,Boundary cases combine original 3 seed bases with 5 extra seed bases.
phase3_boundary_scale_robustness,scale_num_uav2_2uav20gu_t250__baseline__maxweight_lyapunov__983000,evaluation seed row,scale_num_uav2_2uav20gu_t250,baseline,maxweight_lyapunov,non_learning_baseline,,,,configs/experiments/phase3_generalization/scale_num_uav2_2uav20gu_t250.yaml,,/home/sgy/workspace/sagin_marl/runs/phase3/scale_transfer/boundary_scale_robustness_20260702_194653,/home/sgy/workspace/sagin_marl/runs/phase3/scale_transfer/boundary_scale_robustness_20260702_194653/eval_seed983000/maxweight_lyapunov/scale_num_uav2_2uav20gu_t250,.local_guidance/phase3/data/boundary_scale_robustness_20260702_194653/combined_with_main_8seed_summary.csv,/home/sgy/workspace/sagin_marl/runs/phase3/scale_transfer/boundary_scale_robustness_20260702_194653/combined_with_main_8seed_summary.csv,scenario=scale_num_uav2_2uav20gu_t250;kind=baseline;method=maxweight_lyapunov;episode_seed_base=983000,983000,,64,64,64,codex/phase3-scenario-generalization,5da4c19abf148d92655d89a19a7319ec23d77b3c,ok,35.53816197544802,,,0.7099780523030788,,0.23983082355744081,,,,,11.984352744960225,19.63219422445074,479374104.05056256,0.9932812499999998,,0.0,,0.0,250.0,0.7099789235768355,,,,,,,,,,,,,,,,,,,Boundary cases combine original 3 seed bases with 5 extra seed bases.
phase3_boundary_scale_robustness,scale_num_uav2_2uav20gu_t250__baseline__dpp_resource_hybrid_native__983000,evaluation seed row,scale_num_uav2_2uav20gu_t250,baseline,dpp_resource_hybrid_native,non_learning_baseline,,,,configs/experiments/phase3_generalization/scale_num_uav2_2uav20gu_t250.yaml,,/home/sgy/workspace/sagin_marl/runs/phase3/scale_transfer/boundary_scale_robustness_20260702_194653,/home/sgy/workspace/sagin_marl/runs/phase3/scale_transfer/boundary_scale_robustness_20260702_194653/eval_seed983000/dpp_resource_hybrid_native/scale_num_uav2_2uav20gu_t250,.local_guidance/phase3/data/boundary_scale_robustness_20260702_194653/combined_with_main_8seed_summary.csv,/home/sgy/workspace/sagin_marl/runs/phase3/scale_transfer/boundary_scale_robustness_20260702_194653/combined_with_main_8seed_summary.csv,scenario=scale_num_uav2_2uav20gu_t250;kind=baseline;method=dpp_resource_hybrid_native;episode_seed_base=983000,983000,,64,64,64,codex/phase3-scenario-generalization,5da4c19abf148d92655d89a19a7319ec23d77b3c,ok,32.3241183150094,,,0.6534732880215451,,0.2853017093729496,,,,,14.277953666737304,26.6581879930906,571118139.936,0.9021250000000001,,0.0,,0.0,250.0,0.6534958634827225,,,,,,,,,,,,,,,,,,,Boundary cases combine original 3 seed bases with 5 extra seed bases.
phase3_boundary_scale_robustness,scale_num_uav2_2uav20gu_t250__baseline__topology_dpp_native_bw_sat_cached__983000,evaluation seed row,scale_num_uav2_2uav20gu_t250,baseline,topology_dpp_native_bw_sat_cached,non_learning_baseline,,,,configs/experiments/phase3_generalization/scale_num_uav2_2uav20gu_t250.yaml,,/home/sgy/workspace/sagin_marl/runs/phase3/scale_transfer/boundary_scale_robustness_20260702_194653,/home/sgy/workspace/sagin_marl/runs/phase3/scale_transfer/boundary_scale_robustness_20260702_194653/eval_seed983000/topology_dpp_native_bw_sat_cached/scale_num_uav2_2uav20gu_t250,.local_guidance/phase3/data/boundary_scale_robustness_20260702_194653/combined_with_main_8seed_summary.csv,/home/sgy/workspace/sagin_marl/runs/phase3/scale_transfer/boundary_scale_robustness_20260702_194653/combined_with_main_8seed_summary.csv,scenario=scale_num_uav2_2uav20gu_t250;kind=baseline;method=topology_dpp_native_bw_sat_cached;episode_seed_base=983000,983000,,64,64,64,codex/phase3-scenario-generalization,5da4c19abf148d92655d89a19a7319ec23d77b3c,ok,32.3192490512738,,,0.653495163787651,,0.2853017093729496,,,,,14.281445139279588,26.664777104776352,571257798.8620001,1.0,,0.0,,0.0,250.0,0.6534958634827225,,,,,,,,,,,,,,,,,,,Boundary cases combine original 3 seed bases with 5 extra seed bases.
phase3_boundary_scale_robustness,scale_num_uav2_2uav20gu_t250__baseline__full_topology_dpp_joint__983000,evaluation seed row,scale_num_uav2_2uav20gu_t250,baseline,full_topology_dpp_joint,non_learning_baseline,,,,configs/experiments/phase3_generalization/scale_num_uav2_2uav20gu_t250.yaml,,/home/sgy/workspace/sagin_marl/runs/phase3/scale_transfer/boundary_scale_robustness_20260702_194653,/home/sgy/workspace/sagin_marl/runs/phase3/scale_transfer/boundary_scale_robustness_20260702_194653/eval_seed983000/full_topology_dpp_joint/scale_num_uav2_2uav20gu_t250,.local_guidance/phase3/data/boundary_scale_robustness_20260702_194653/combined_with_main_8seed_summary.csv,/home/sgy/workspace/sagin_marl/runs/phase3/scale_transfer/boundary_scale_robustness_20260702_194653/combined_with_main_8seed_summary.csv,scenario=scale_num_uav2_2uav20gu_t250;kind=baseline;method=full_topology_dpp_joint;episode_seed_base=983000,983000,,64,64,64,codex/phase3-scenario-generalization,5da4c19abf148d92655d89a19a7319ec23d77b3c,ok,26.84431004326325,,,0.3911585923064704,,0.5006393671659729,,,,,17.934922485462,53.684306315662496,717396891.1349674,1.0,,0.0625,,0.0625,236.84375,0.39115932337887044,,,,,,,,,,,,,,,,,,,Boundary cases combine original 3 seed bases with 5 extra seed bases.
phase3_boundary_scale_robustness,scale_num_gu30_3uav30gu_t250__learned__phase2_mc_seed45211_u400__984000,evaluation seed row,scale_num_gu30_3uav30gu_t250,learned,phase2_mc_seed45211_u400,learned_policy,45211,bootstrap_gae,400,configs/experiments/phase3_generalization/scale_num_gu30_3uav30gu_t250.yaml,/home/sgy/workspace/sagin_marl/runs/method_validation/horizon_fairness_mc_vs_bootstrap_threshold_u0_rep2_20260625_204118/mc_seed45211/checkpoint_update0400.pt,/home/sgy/workspace/sagin_marl/runs/phase3/scale_transfer/boundary_scale_robustness_20260702_194653,/home/sgy/workspace/sagin_marl/runs/phase3/scale_transfer/boundary_scale_robustness_20260702_194653/eval_seed984000/phase2_mc_seed45211_u400/scale_num_gu30_3uav30gu_t250,.local_guidance/phase3/data/boundary_scale_robustness_20260702_194653/combined_with_main_8seed_summary.csv,/home/sgy/workspace/sagin_marl/runs/phase3/scale_transfer/boundary_scale_robustness_20260702_194653/combined_with_main_8seed_summary.csv,scenario=scale_num_gu30_3uav30gu_t250;kind=learned;method=phase2_mc_seed45211_u400;episode_seed_base=984000,984000,,64,64,64,codex/phase3-scenario-generalization,5da4c19abf148d92655d89a19a7319ec23d77b3c,ok,40.94002028135583,,,0.632456799982581,,0.3345213567986575,,,,,6.4480320797510196,11.367669285417533,386881935.3462499,0.9076770884655415,,0.0,,0.0,250.0,0.644470898335722,,,,,,,,,,,,,,,,,,,Boundary cases combine original 3 seed bases with 5 extra seed bases.
phase3_boundary_scale_robustness,scale_num_gu30_3uav30gu_t250__learned__phase2_bootstrap_seed45211_u575__984000,evaluation seed row,scale_num_gu30_3uav30gu_t250,learned,phase2_bootstrap_seed45211_u575,learned_policy,45211,bootstrap_gae,575,configs/experiments/phase3_generalization/scale_num_gu30_3uav30gu_t250.yaml,/home/sgy/workspace/sagin_marl/runs/method_validation/horizon_fairness_mc_vs_bootstrap_threshold_u0_rep2_20260625_204118/bootstrap_seed45211/checkpoint_update0575.pt,/home/sgy/workspace/sagin_marl/runs/phase3/scale_transfer/boundary_scale_robustness_20260702_194653,/home/sgy/workspace/sagin_marl/runs/phase3/scale_transfer/boundary_scale_robustness_20260702_194653/eval_seed984000/phase2_bootstrap_seed45211_u575/scale_num_gu30_3uav30gu_t250,.local_guidance/phase3/data/boundary_scale_robustness_20260702_194653/combined_with_main_8seed_summary.csv,/home/sgy/workspace/sagin_marl/runs/phase3/scale_transfer/boundary_scale_robustness_20260702_194653/combined_with_main_8seed_summary.csv,scenario=scale_num_gu30_3uav30gu_t250;kind=learned;method=phase2_bootstrap_seed45211_u575;episode_seed_base=984000,984000,,64,64,64,codex/phase3-scenario-generalization,5da4c19abf148d92655d89a19a7319ec23d77b3c,ok,40.437076762202196,,,0.647933088933385,,0.32636044373064255,,,,,5.676541432506853,10.493640675235609,340592494.3344977,0.7489047180126525,,0.03125,,0.03125,245.953125,0.6487755017867741,,,,,,,,,,,,,,,,,,,Boundary cases combine original 3 seed bases with 5 extra seed bases.
phase3_boundary_scale_robustness,scale_num_gu30_3uav30gu_t250__baseline__queue_aware__984000,evaluation seed row,scale_num_gu30_3uav30gu_t250,baseline,queue_aware,non_learning_baseline,,,,configs/experiments/phase3_generalization/scale_num_gu30_3uav30gu_t250.yaml,,/home/sgy/workspace/sagin_marl/runs/phase3/scale_transfer/boundary_scale_robustness_20260702_194653,/home/sgy/workspace/sagin_marl/runs/phase3/scale_transfer/boundary_scale_robustness_20260702_194653/eval_seed984000/queue_aware/scale_num_gu30_3uav30gu_t250,.local_guidance/phase3/data/boundary_scale_robustness_20260702_194653/combined_with_main_8seed_summary.csv,/home/sgy/workspace/sagin_marl/runs/phase3/scale_transfer/boundary_scale_robustness_20260702_194653/combined_with_main_8seed_summary.csv,scenario=scale_num_gu30_3uav30gu_t250;kind=baseline;method=queue_aware;episode_seed_base=984000,984000,,64,64,64,codex/phase3-scenario-generalization,5da4c19abf148d92655d89a19a7319ec23d77b3c,ok,18.60737467301078,,,0.3447370593735453,,0.534807280541605,,,,,7.8863729745423266,26.23826125106491,473182390.0739367,0.9634656228867442,,0.703125,,0.703125,141.015625,0.34504090246779434,,,,,,,,,,,,,,,,,,,Boundary cases combine original 3 seed bases with 5 extra seed bases.
phase3_boundary_scale_robustness,scale_num_gu30_3uav30gu_t250__baseline__observable_cluster_queue_aware__984000,evaluation seed row,scale_num_gu30_3uav30gu_t250,baseline,observable_cluster_queue_aware,non_learning_baseline,,,,configs/experiments/phase3_generalization/scale_num_gu30_3uav30gu_t250.yaml,,/home/sgy/workspace/sagin_marl/runs/phase3/scale_transfer/boundary_scale_robustness_20260702_194653,/home/sgy/workspace/sagin_marl/runs/phase3/scale_transfer/boundary_scale_robustness_20260702_194653/eval_seed984000/observable_cluster_queue_aware/scale_num_gu30_3uav30gu_t250,.local_guidance/phase3/data/boundary_scale_robustness_20260702_194653/combined_with_main_8seed_summary.csv,/home/sgy/workspace/sagin_marl/runs/phase3/scale_transfer/boundary_scale_robustness_20260702_194653/combined_with_main_8seed_summary.csv,scenario=scale_num_gu30_3uav30gu_t250;kind=baseline;method=observable_cluster_queue_aware;episode_seed_base=984000,984000,,64,64,64,codex/phase3-scenario-generalization,5da4c19abf148d92655d89a19a7319ec23d77b3c,ok,30.148221392882988,,,0.4289853001402381,,0.5106680916080069,,,,,7.433993765801959,20.800181905796627,446039636.55598474,0.8704604806018693,,0.25,,0.25,217.71875,0.42931160008744773,,,,,,,,,,,,,,,,,,,Boundary cases combine original 3 seed bases with 5 extra seed bases.
phase3_boundary_scale_robustness,scale_num_gu30_3uav30gu_t250__baseline__cluster_center_queue_aware__984000,evaluation seed row,scale_num_gu30_3uav30gu_t250,baseline,cluster_center_queue_aware,non_learning_baseline,,,,configs/experiments/phase3_generalization/scale_num_gu30_3uav30gu_t250.yaml,,/home/sgy/workspace/sagin_marl/runs/phase3/scale_transfer/boundary_scale_robustness_20260702_194653,/home/sgy/workspace/sagin_marl/runs/phase3/scale_transfer/boundary_scale_robustness_20260702_194653/eval_seed984000/cluster_center_queue_aware/scale_num_gu30_3uav30gu_t250,.local_guidance/phase3/data/boundary_scale_robustness_20260702_194653/combined_with_main_8seed_summary.csv,/home/sgy/workspace/sagin_marl/runs/phase3/scale_transfer/boundary_scale_robustness_20260702_194653/combined_with_main_8seed_summary.csv,scenario=scale_num_gu30_3uav30gu_t250;kind=baseline;method=cluster_center_queue_aware;episode_seed_base=984000,984000,,64,64,64,codex/phase3-scenario-generalization,5da4c19abf148d92655d89a19a7319ec23d77b3c,ok,39.33844159648288,,,0.6161238812275696,,0.3468430445412592,,,,,6.997578607227653,13.424861342987043,419854726.49412507,0.7673541731424633,,0.0,,0.0,250.0,0.630098550319189,,,,,,,,,,,,,,,,,,,Boundary cases combine original 3 seed bases with 5 extra seed bases.
phase3_boundary_scale_robustness,scale_num_gu30_3uav30gu_t250__baseline__maxweight_lyapunov__984000,evaluation seed row,scale_num_gu30_3uav30gu_t250,baseline,maxweight_lyapunov,non_learning_baseline,,,,configs/experiments/phase3_generalization/scale_num_gu30_3uav30gu_t250.yaml,,/home/sgy/workspace/sagin_marl/runs/phase3/scale_transfer/boundary_scale_robustness_20260702_194653,/home/sgy/workspace/sagin_marl/runs/phase3/scale_transfer/boundary_scale_robustness_20260702_194653/eval_seed984000/maxweight_lyapunov/scale_num_gu30_3uav30gu_t250,.local_guidance/phase3/data/boundary_scale_robustness_20260702_194653/combined_with_main_8seed_summary.csv,/home/sgy/workspace/sagin_marl/runs/phase3/scale_transfer/boundary_scale_robustness_20260702_194653/combined_with_main_8seed_summary.csv,scenario=scale_num_gu30_3uav30gu_t250;kind=baseline;method=maxweight_lyapunov;episode_seed_base=984000,984000,,64,64,64,codex/phase3-scenario-generalization,5da4c19abf148d92655d89a19a7319ec23d77b3c,ok,37.82757635554299,,,0.5726541651124135,,0.3914437879074802,,,,,7.071859833231192,14.149388442086174,424311600.09575,0.9669895852208139,,0.0,,0.0,250.0,0.5838792599357675,,,,,,,,,,,,,,,,,,,Boundary cases combine original 3 seed bases with 5 extra seed bases.
phase3_boundary_scale_robustness,scale_num_gu30_3uav30gu_t250__baseline__dpp_resource_hybrid_native__984000,evaluation seed row,scale_num_gu30_3uav30gu_t250,baseline,dpp_resource_hybrid_native,non_learning_baseline,,,,configs/experiments/phase3_generalization/scale_num_gu30_3uav30gu_t250.yaml,,/home/sgy/workspace/sagin_marl/runs/phase3/scale_transfer/boundary_scale_robustness_20260702_194653,/home/sgy/workspace/sagin_marl/runs/phase3/scale_transfer/boundary_scale_robustness_20260702_194653/eval_seed984000/dpp_resource_hybrid_native/scale_num_gu30_3uav30gu_t250,.local_guidance/phase3/data/boundary_scale_robustness_20260702_194653/combined_with_main_8seed_summary.csv,/home/sgy/workspace/sagin_marl/runs/phase3/scale_transfer/boundary_scale_robustness_20260702_194653/combined_with_main_8seed_summary.csv,scenario=scale_num_gu30_3uav30gu_t250;kind=baseline;method=dpp_resource_hybrid_native;episode_seed_base=984000,984000,,64,64,64,codex/phase3-scenario-generalization,5da4c19abf148d92655d89a19a7319ec23d77b3c,ok,34.070819267304614,,,0.5998455774823668,,0.36378458458281937,,,,,7.542444731583817,14.738259323328736,452546694.5618749,0.7673541731424633,,0.0,,0.0,250.0,0.609263432309747,,,,,,,,,,,,,,,,,,,Boundary cases combine original 3 seed bases with 5 extra seed bases.
phase3_boundary_scale_robustness,scale_num_gu30_3uav30gu_t250__baseline__topology_dpp_native_bw_sat_cached__984000,evaluation seed row,scale_num_gu30_3uav30gu_t250,baseline,topology_dpp_native_bw_sat_cached,non_learning_baseline,,,,configs/experiments/phase3_generalization/scale_num_gu30_3uav30gu_t250.yaml,,/home/sgy/workspace/sagin_marl/runs/phase3/scale_transfer/boundary_scale_robustness_20260702_194653,/home/sgy/workspace/sagin_marl/runs/phase3/scale_transfer/boundary_scale_robustness_20260702_194653/eval_seed984000/topology_dpp_native_bw_sat_cached/scale_num_gu30_3uav30gu_t250,.local_guidance/phase3/data/boundary_scale_robustness_20260702_194653/combined_with_main_8seed_summary.csv,/home/sgy/workspace/sagin_marl/runs/phase3/scale_transfer/boundary_scale_robustness_20260702_194653/combined_with_main_8seed_summary.csv,scenario=scale_num_gu30_3uav30gu_t250;kind=baseline;method=topology_dpp_native_bw_sat_cached;episode_seed_base=984000,984000,,64,64,64,codex/phase3-scenario-generalization,5da4c19abf148d92655d89a19a7319ec23d77b3c,ok,34.012980663217604,,,0.6029208941536492,,0.3658139461339812,,,,,8.789306317245586,17.6943313602209,527358391.52387506,0.6759687577821317,,0.0,,0.0,250.0,0.609263432309747,,,,,,,,,,,,,,,,,,,Boundary cases combine original 3 seed bases with 5 extra seed bases.
phase3_boundary_scale_robustness,scale_num_gu30_3uav30gu_t250__baseline__full_topology_dpp_joint__984000,evaluation seed row,scale_num_gu30_3uav30gu_t250,baseline,full_topology_dpp_joint,non_learning_baseline,,,,configs/experiments/phase3_generalization/scale_num_gu30_3uav30gu_t250.yaml,,/home/sgy/workspace/sagin_marl/runs/phase3/scale_transfer/boundary_scale_robustness_20260702_194653,/home/sgy/workspace/sagin_marl/runs/phase3/scale_transfer/boundary_scale_robustness_20260702_194653/eval_seed984000/full_topology_dpp_joint/scale_num_gu30_3uav30gu_t250,.local_guidance/phase3/data/boundary_scale_robustness_20260702_194653/combined_with_main_8seed_summary.csv,/home/sgy/workspace/sagin_marl/runs/phase3/scale_transfer/boundary_scale_robustness_20260702_194653/combined_with_main_8seed_summary.csv,scenario=scale_num_gu30_3uav30gu_t250;kind=baseline;method=full_topology_dpp_joint;episode_seed_base=984000,984000,,64,64,64,codex/phase3-scenario-generalization,5da4c19abf148d92655d89a19a7319ec23d77b3c,ok,21.551812181947753,,,0.27806262599454906,,0.6060513897713137,,,,,9.685924242999668,41.47508400132274,581155468.2610475,0.9791875004582107,,0.265625,,0.265625,192.203125,0.2787050793433238,,,,,,,,,,,,,,,,,,,Boundary cases combine original 3 seed bases with 5 extra seed bases.
phase3_boundary_scale_robustness,scale_num_uav2_2uav20gu_t250__learned__phase2_mc_seed45211_u400__984000,evaluation seed row,scale_num_uav2_2uav20gu_t250,learned,phase2_mc_seed45211_u400,learned_policy,45211,bootstrap_gae,400,configs/experiments/phase3_generalization/scale_num_uav2_2uav20gu_t250.yaml,/home/sgy/workspace/sagin_marl/runs/method_validation/horizon_fairness_mc_vs_bootstrap_threshold_u0_rep2_20260625_204118/mc_seed45211/checkpoint_update0400.pt,/home/sgy/workspace/sagin_marl/runs/phase3/scale_transfer/boundary_scale_robustness_20260702_194653,/home/sgy/workspace/sagin_marl/runs/phase3/scale_transfer/boundary_scale_robustness_20260702_194653/eval_seed984000/phase2_mc_seed45211_u400/scale_num_uav2_2uav20gu_t250,.local_guidance/phase3/data/boundary_scale_robustness_20260702_194653/combined_with_main_8seed_summary.csv,/home/sgy/workspace/sagin_marl/runs/phase3/scale_transfer/boundary_scale_robustness_20260702_194653/combined_with_main_8seed_summary.csv,scenario=scale_num_uav2_2uav20gu_t250;kind=learned;method=phase2_mc_seed45211_u400;episode_seed_base=984000,984000,,64,64,64,codex/phase3-scenario-generalization,5da4c19abf148d92655d89a19a7319ec23d77b3c,ok,37.029055250342935,,,0.6613173182422759,,0.28900974602006635,,,,,11.020001086296514,19.70087445319816,440800038.2633124,0.86696875,,0.0,,0.0,250.0,0.6614382999386337,,,,,,,,,,,,,,,,,,,Boundary cases combine original 3 seed bases with 5 extra seed bases.
phase3_boundary_scale_robustness,scale_num_uav2_2uav20gu_t250__learned__phase2_bootstrap_seed45211_u575__984000,evaluation seed row,scale_num_uav2_2uav20gu_t250,learned,phase2_bootstrap_seed45211_u575,learned_policy,45211,bootstrap_gae,575,configs/experiments/phase3_generalization/scale_num_uav2_2uav20gu_t250.yaml,/home/sgy/workspace/sagin_marl/runs/method_validation/horizon_fairness_mc_vs_bootstrap_threshold_u0_rep2_20260625_204118/bootstrap_seed45211/checkpoint_update0575.pt,/home/sgy/workspace/sagin_marl/runs/phase3/scale_transfer/boundary_scale_robustness_20260702_194653,/home/sgy/workspace/sagin_marl/runs/phase3/scale_transfer/boundary_scale_robustness_20260702_194653/eval_seed984000/phase2_bootstrap_seed45211_u575/scale_num_uav2_2uav20gu_t250,.local_guidance/phase3/data/boundary_scale_robustness_20260702_194653/combined_with_main_8seed_summary.csv,/home/sgy/workspace/sagin_marl/runs/phase3/scale_transfer/boundary_scale_robustness_20260702_194653/combined_with_main_8seed_summary.csv,scenario=scale_num_uav2_2uav20gu_t250;kind=learned;method=phase2_bootstrap_seed45211_u575;episode_seed_base=984000,984000,,64,64,64,codex/phase3-scenario-generalization,5da4c19abf148d92655d89a19a7319ec23d77b3c,ok,37.10883086291142,,,0.6750570742427954,,0.2768695157373304,,,,,11.021083209172822,19.476699626842507,440843323.2818752,0.7485625,,0.0,,0.0,250.0,0.6750720608933757,,,,,,,,,,,,,,,,,,,Boundary cases combine original 3 seed bases with 5 extra seed bases.
phase3_boundary_scale_robustness,scale_num_uav2_2uav20gu_t250__baseline__queue_aware__984000,evaluation seed row,scale_num_uav2_2uav20gu_t250,baseline,queue_aware,non_learning_baseline,,,,configs/experiments/phase3_generalization/scale_num_uav2_2uav20gu_t250.yaml,,/home/sgy/workspace/sagin_marl/runs/phase3/scale_transfer/boundary_scale_robustness_20260702_194653,/home/sgy/workspace/sagin_marl/runs/phase3/scale_transfer/boundary_scale_robustness_20260702_194653/eval_seed984000/queue_aware/scale_num_uav2_2uav20gu_t250,.local_guidance/phase3/data/boundary_scale_robustness_20260702_194653/combined_with_main_8seed_summary.csv,/home/sgy/workspace/sagin_marl/runs/phase3/scale_transfer/boundary_scale_robustness_20260702_194653/combined_with_main_8seed_summary.csv,scenario=scale_num_uav2_2uav20gu_t250;kind=baseline;method=queue_aware;episode_seed_base=984000,984000,,64,64,64,codex/phase3-scenario-generalization,5da4c19abf148d92655d89a19a7319ec23d77b3c,ok,27.85013632243499,,,0.492150757934538,,0.402481954679413,,,,,14.028927491815097,32.440387928651504,561157092.9915035,0.9510333646616542,,0.28125,,0.28125,208.09375,0.4922010082573416,,,,,,,,,,,,,,,,,,,Boundary cases combine original 3 seed bases with 5 extra seed bases.
phase3_boundary_scale_robustness,scale_num_uav2_2uav20gu_t250__baseline__observable_cluster_queue_aware__984000,evaluation seed row,scale_num_uav2_2uav20gu_t250,baseline,observable_cluster_queue_aware,non_learning_baseline,,,,configs/experiments/phase3_generalization/scale_num_uav2_2uav20gu_t250.yaml,,/home/sgy/workspace/sagin_marl/runs/phase3/scale_transfer/boundary_scale_robustness_20260702_194653,/home/sgy/workspace/sagin_marl/runs/phase3/scale_transfer/boundary_scale_robustness_20260702_194653/eval_seed984000/observable_cluster_queue_aware/scale_num_uav2_2uav20gu_t250,.local_guidance/phase3/data/boundary_scale_robustness_20260702_194653/combined_with_main_8seed_summary.csv,/home/sgy/workspace/sagin_marl/runs/phase3/scale_transfer/boundary_scale_robustness_20260702_194653/combined_with_main_8seed_summary.csv,scenario=scale_num_uav2_2uav20gu_t250;kind=baseline;method=observable_cluster_queue_aware;episode_seed_base=984000,984000,,64,64,64,codex/phase3-scenario-generalization,5da4c19abf148d92655d89a19a7319ec23d77b3c,ok,33.92281962081324,,,0.5991189755309341,,0.3366012373695707,,,,,12.838409995421284,26.55994587248874,513536393.84088665,0.8356874999999999,,0.046875,,0.046875,245.359375,0.5991190003998926,,,,,,,,,,,,,,,,,,,Boundary cases combine original 3 seed bases with 5 extra seed bases.
phase3_boundary_scale_robustness,scale_num_uav2_2uav20gu_t250__baseline__cluster_center_queue_aware__984000,evaluation seed row,scale_num_uav2_2uav20gu_t250,baseline,cluster_center_queue_aware,non_learning_baseline,,,,configs/experiments/phase3_generalization/scale_num_uav2_2uav20gu_t250.yaml,,/home/sgy/workspace/sagin_marl/runs/phase3/scale_transfer/boundary_scale_robustness_20260702_194653,/home/sgy/workspace/sagin_marl/runs/phase3/scale_transfer/boundary_scale_robustness_20260702_194653/eval_seed984000/cluster_center_queue_aware/scale_num_uav2_2uav20gu_t250,.local_guidance/phase3/data/boundary_scale_robustness_20260702_194653/combined_with_main_8seed_summary.csv,/home/sgy/workspace/sagin_marl/runs/phase3/scale_transfer/boundary_scale_robustness_20260702_194653/combined_with_main_8seed_summary.csv,scenario=scale_num_uav2_2uav20gu_t250;kind=baseline;method=cluster_center_queue_aware;episode_seed_base=984000,984000,,64,64,64,codex/phase3-scenario-generalization,5da4c19abf148d92655d89a19a7319ec23d77b3c,ok,36.38547570281662,,,0.7621941653621906,,0.19364126791778974,,,,,10.467573911204932,16.432391142852605,418702951.62093747,0.81465625,,0.0,,0.0,250.0,0.7639456322324798,,,,,,,,,,,,,,,,,,,Boundary cases combine original 3 seed bases with 5 extra seed bases.
phase3_boundary_scale_robustness,scale_num_uav2_2uav20gu_t250__baseline__maxweight_lyapunov__984000,evaluation seed row,scale_num_uav2_2uav20gu_t250,baseline,maxweight_lyapunov,non_learning_baseline,,,,configs/experiments/phase3_generalization/scale_num_uav2_2uav20gu_t250.yaml,,/home/sgy/workspace/sagin_marl/runs/phase3/scale_transfer/boundary_scale_robustness_20260702_194653,/home/sgy/workspace/sagin_marl/runs/phase3/scale_transfer/boundary_scale_robustness_20260702_194653/eval_seed984000/maxweight_lyapunov/scale_num_uav2_2uav20gu_t250,.local_guidance/phase3/data/boundary_scale_robustness_20260702_194653/combined_with_main_8seed_summary.csv,/home/sgy/workspace/sagin_marl/runs/phase3/scale_transfer/boundary_scale_robustness_20260702_194653/combined_with_main_8seed_summary.csv,scenario=scale_num_uav2_2uav20gu_t250;kind=baseline;method=maxweight_lyapunov;episode_seed_base=984000,984000,,64,64,64,codex/phase3-scenario-generalization,5da4c19abf148d92655d89a19a7319ec23d77b3c,ok,35.79319351655431,,,0.7080741367845914,,0.24068696887412047,,,,,11.831504018207083,19.973716507527044,473260155.2066875,0.97815625,,0.0,,0.0,250.0,0.7083120808021991,,,,,,,,,,,,,,,,,,,Boundary cases combine original 3 seed bases with 5 extra seed bases.
phase3_boundary_scale_robustness,scale_num_uav2_2uav20gu_t250__baseline__dpp_resource_hybrid_native__984000,evaluation seed row,scale_num_uav2_2uav20gu_t250,baseline,dpp_resource_hybrid_native,non_learning_baseline,,,,configs/experiments/phase3_generalization/scale_num_uav2_2uav20gu_t250.yaml,,/home/sgy/workspace/sagin_marl/runs/phase3/scale_transfer/boundary_scale_robustness_20260702_194653,/home/sgy/workspace/sagin_marl/runs/phase3/scale_transfer/boundary_scale_robustness_20260702_194653/eval_seed984000/dpp_resource_hybrid_native/scale_num_uav2_2uav20gu_t250,.local_guidance/phase3/data/boundary_scale_robustness_20260702_194653/combined_with_main_8seed_summary.csv,/home/sgy/workspace/sagin_marl/runs/phase3/scale_transfer/boundary_scale_robustness_20260702_194653/combined_with_main_8seed_summary.csv,scenario=scale_num_uav2_2uav20gu_t250;kind=baseline;method=dpp_resource_hybrid_native;episode_seed_base=984000,984000,,64,64,64,codex/phase3-scenario-generalization,5da4c19abf148d92655d89a19a7319ec23d77b3c,ok,32.589171854779124,,,0.6792501382709017,,0.25880855343978604,,,,,14.269745614115148,24.771304387751965,570789817.8528751,0.81465625,,0.0,,0.0,250.0,0.6795806902835556,,,,,,,,,,,,,,,,,,,Boundary cases combine original 3 seed bases with 5 extra seed bases.
phase3_boundary_scale_robustness,scale_num_uav2_2uav20gu_t250__baseline__topology_dpp_native_bw_sat_cached__984000,evaluation seed row,scale_num_uav2_2uav20gu_t250,baseline,topology_dpp_native_bw_sat_cached,non_learning_baseline,,,,configs/experiments/phase3_generalization/scale_num_uav2_2uav20gu_t250.yaml,,/home/sgy/workspace/sagin_marl/runs/phase3/scale_transfer/boundary_scale_robustness_20260702_194653,/home/sgy/workspace/sagin_marl/runs/phase3/scale_transfer/boundary_scale_robustness_20260702_194653/eval_seed984000/topology_dpp_native_bw_sat_cached/scale_num_uav2_2uav20gu_t250,.local_guidance/phase3/data/boundary_scale_robustness_20260702_194653/combined_with_main_8seed_summary.csv,/home/sgy/workspace/sagin_marl/runs/phase3/scale_transfer/boundary_scale_robustness_20260702_194653/combined_with_main_8seed_summary.csv,scenario=scale_num_uav2_2uav20gu_t250;kind=baseline;method=topology_dpp_native_bw_sat_cached;episode_seed_base=984000,984000,,64,64,64,codex/phase3-scenario-generalization,5da4c19abf148d92655d89a19a7319ec23d77b3c,ok,32.582887735334225,,,0.6793451563038398,,0.25880855343978604,,,,,14.260130568388846,24.767143229279675,570405216.048875,0.9889062500000001,,0.0,,0.0,250.0,0.6795806902835556,,,,,,,,,,,,,,,,,,,Boundary cases combine original 3 seed bases with 5 extra seed bases.
phase3_boundary_scale_robustness,scale_num_uav2_2uav20gu_t250__baseline__full_topology_dpp_joint__984000,evaluation seed row,scale_num_uav2_2uav20gu_t250,baseline,full_topology_dpp_joint,non_learning_baseline,,,,configs/experiments/phase3_generalization/scale_num_uav2_2uav20gu_t250.yaml,,/home/sgy/workspace/sagin_marl/runs/phase3/scale_transfer/boundary_scale_robustness_20260702_194653,/home/sgy/workspace/sagin_marl/runs/phase3/scale_transfer/boundary_scale_robustness_20260702_194653/eval_seed984000/full_topology_dpp_joint/scale_num_uav2_2uav20gu_t250,.local_guidance/phase3/data/boundary_scale_robustness_20260702_194653/combined_with_main_8seed_summary.csv,/home/sgy/workspace/sagin_marl/runs/phase3/scale_transfer/boundary_scale_robustness_20260702_194653/combined_with_main_8seed_summary.csv,scenario=scale_num_uav2_2uav20gu_t250;kind=baseline;method=full_topology_dpp_joint;episode_seed_base=984000,984000,,64,64,64,codex/phase3-scenario-generalization,5da4c19abf148d92655d89a19a7319ec23d77b3c,ok,24.83971336093964,,,0.36460671375334713,,0.4907852928025961,,,,,17.35889056919208,56.264643982087414,694355614.5933295,0.9889062500000001,,0.125,,0.125,222.515625,0.364606759417232,,,,,,,,,,,,,,,,,,,Boundary cases combine original 3 seed bases with 5 extra seed bases.
phase3_boundary_scale_robustness,scale_num_gu30_3uav30gu_t250__learned__phase2_mc_seed45211_u400__985000,evaluation seed row,scale_num_gu30_3uav30gu_t250,learned,phase2_mc_seed45211_u400,learned_policy,45211,bootstrap_gae,400,configs/experiments/phase3_generalization/scale_num_gu30_3uav30gu_t250.yaml,/home/sgy/workspace/sagin_marl/runs/method_validation/horizon_fairness_mc_vs_bootstrap_threshold_u0_rep2_20260625_204118/mc_seed45211/checkpoint_update0400.pt,/home/sgy/workspace/sagin_marl/runs/phase3/scale_transfer/boundary_scale_robustness_20260702_194653,/home/sgy/workspace/sagin_marl/runs/phase3/scale_transfer/boundary_scale_robustness_20260702_194653/eval_seed985000/phase2_mc_seed45211_u400/scale_num_gu30_3uav30gu_t250,.local_guidance/phase3/data/boundary_scale_robustness_20260702_194653/combined_with_main_8seed_summary.csv,/home/sgy/workspace/sagin_marl/runs/phase3/scale_transfer/boundary_scale_robustness_20260702_194653/combined_with_main_8seed_summary.csv,scenario=scale_num_gu30_3uav30gu_t250;kind=learned;method=phase2_mc_seed45211_u400;episode_seed_base=985000,985000,,64,64,64,codex/phase3-scenario-generalization,5da4c19abf148d92655d89a19a7319ec23d77b3c,ok,40.817235914291814,,,0.6239474923801608,,0.34206454030696665,,,,,6.612980080651118,11.686656342356468,396778815.51312506,0.9057395885512236,,0.0,,0.0,250.0,0.6370918214708621,,,,,,,,,,,,,,,,,,,Boundary cases combine original 3 seed bases with 5 extra seed bases.
phase3_boundary_scale_robustness,scale_num_gu30_3uav30gu_t250__learned__phase2_bootstrap_seed45211_u575__985000,evaluation seed row,scale_num_gu30_3uav30gu_t250,learned,phase2_bootstrap_seed45211_u575,learned_policy,45211,bootstrap_gae,575,configs/experiments/phase3_generalization/scale_num_gu30_3uav30gu_t250.yaml,/home/sgy/workspace/sagin_marl/runs/method_validation/horizon_fairness_mc_vs_bootstrap_threshold_u0_rep2_20260625_204118/bootstrap_seed45211/checkpoint_update0575.pt,/home/sgy/workspace/sagin_marl/runs/phase3/scale_transfer/boundary_scale_robustness_20260702_194653,/home/sgy/workspace/sagin_marl/runs/phase3/scale_transfer/boundary_scale_robustness_20260702_194653/eval_seed985000/phase2_bootstrap_seed45211_u575/scale_num_gu30_3uav30gu_t250,.local_guidance/phase3/data/boundary_scale_robustness_20260702_194653/combined_with_main_8seed_summary.csv,/home/sgy/workspace/sagin_marl/runs/phase3/scale_transfer/boundary_scale_robustness_20260702_194653/combined_with_main_8seed_summary.csv,scenario=scale_num_gu30_3uav30gu_t250;kind=learned;method=phase2_bootstrap_seed45211_u575;episode_seed_base=985000,985000,,64,64,64,codex/phase3-scenario-generalization,5da4c19abf148d92655d89a19a7319ec23d77b3c,ok,40.62764792260714,,,0.6360453138644807,,0.34224324182520915,,,,,5.875279618317264,10.961804926563055,352516785.73081255,0.7372812622506172,,0.0,,0.0,250.0,0.6364298472421456,,,,,,,,,,,,,,,,,,,Boundary cases combine original 3 seed bases with 5 extra seed bases.
phase3_boundary_scale_robustness,scale_num_gu30_3uav30gu_t250__baseline__queue_aware__985000,evaluation seed row,scale_num_gu30_3uav30gu_t250,baseline,queue_aware,non_learning_baseline,,,,configs/experiments/phase3_generalization/scale_num_gu30_3uav30gu_t250.yaml,,/home/sgy/workspace/sagin_marl/runs/phase3/scale_transfer/boundary_scale_robustness_20260702_194653,/home/sgy/workspace/sagin_marl/runs/phase3/scale_transfer/boundary_scale_robustness_20260702_194653/eval_seed985000/queue_aware/scale_num_gu30_3uav30gu_t250,.local_guidance/phase3/data/boundary_scale_robustness_20260702_194653/combined_with_main_8seed_summary.csv,/home/sgy/workspace/sagin_marl/runs/phase3/scale_transfer/boundary_scale_robustness_20260702_194653/combined_with_main_8seed_summary.csv,scenario=scale_num_gu30_3uav30gu_t250;kind=baseline;method=queue_aware;episode_seed_base=985000,985000,,64,64,64,codex/phase3-scenario-generalization,5da4c19abf148d92655d89a19a7319ec23d77b3c,ok,19.125688251457177,,,0.34383532160318414,,0.5453172394146704,,,,,8.1212042687326,27.178705771857572,487272267.56742215,0.9740612383032725,,0.71875,,0.703125,145.5625,0.3441945935171218,,,,,,,,,,,,,,,,,,,Boundary cases combine original 3 seed bases with 5 extra seed bases.
phase3_boundary_scale_robustness,scale_num_gu30_3uav30gu_t250__baseline__observable_cluster_queue_aware__985000,evaluation seed row,scale_num_gu30_3uav30gu_t250,baseline,observable_cluster_queue_aware,non_learning_baseline,,,,configs/experiments/phase3_generalization/scale_num_gu30_3uav30gu_t250.yaml,,/home/sgy/workspace/sagin_marl/runs/phase3/scale_transfer/boundary_scale_robustness_20260702_194653,/home/sgy/workspace/sagin_marl/runs/phase3/scale_transfer/boundary_scale_robustness_20260702_194653/eval_seed985000/observable_cluster_queue_aware/scale_num_gu30_3uav30gu_t250,.local_guidance/phase3/data/boundary_scale_robustness_20260702_194653/combined_with_main_8seed_summary.csv,/home/sgy/workspace/sagin_marl/runs/phase3/scale_transfer/boundary_scale_robustness_20260702_194653/combined_with_main_8seed_summary.csv,scenario=scale_num_gu30_3uav30gu_t250;kind=baseline;method=observable_cluster_queue_aware;episode_seed_base=985000,985000,,64,64,64,codex/phase3-scenario-generalization,5da4c19abf148d92655d89a19a7319ec23d77b3c,ok,29.629592937068082,,,0.4268785008430867,,0.5179446320730203,,,,,7.1410922236557095,19.90410352393782,428465543.7140631,0.8729025059320483,,0.34375,,0.34375,211.03125,0.4273011257500543,,,,,,,,,,,,,,,,,,,Boundary cases combine original 3 seed bases with 5 extra seed bases.
phase3_boundary_scale_robustness,scale_num_gu30_3uav30gu_t250__baseline__cluster_center_queue_aware__985000,evaluation seed row,scale_num_gu30_3uav30gu_t250,baseline,cluster_center_queue_aware,non_learning_baseline,,,,configs/experiments/phase3_generalization/scale_num_gu30_3uav30gu_t250.yaml,,/home/sgy/workspace/sagin_marl/runs/phase3/scale_transfer/boundary_scale_robustness_20260702_194653,/home/sgy/workspace/sagin_marl/runs/phase3/scale_transfer/boundary_scale_robustness_20260702_194653/eval_seed985000/cluster_center_queue_aware/scale_num_gu30_3uav30gu_t250,.local_guidance/phase3/data/boundary_scale_robustness_20260702_194653/combined_with_main_8seed_summary.csv,/home/sgy/workspace/sagin_marl/runs/phase3/scale_transfer/boundary_scale_robustness_20260702_194653/combined_with_main_8seed_summary.csv,scenario=scale_num_gu30_3uav30gu_t250;kind=baseline;method=cluster_center_queue_aware;episode_seed_base=985000,985000,,64,64,64,codex/phase3-scenario-generalization,5da4c19abf148d92655d89a19a7319ec23d77b3c,ok,39.21151065768208,,,0.6037883257601645,,0.3596012655602978,,,,,7.040020706512967,13.864762477952056,422401252.44143736,0.7556354233939206,,0.0,,0.0,250.0,0.6179473082043668,,,,,,,,,,,,,,,,,,,Boundary cases combine original 3 seed bases with 5 extra seed bases.
phase3_boundary_scale_robustness,scale_num_gu30_3uav30gu_t250__baseline__maxweight_lyapunov__985000,evaluation seed row,scale_num_gu30_3uav30gu_t250,baseline,maxweight_lyapunov,non_learning_baseline,,,,configs/experiments/phase3_generalization/scale_num_gu30_3uav30gu_t250.yaml,,/home/sgy/workspace/sagin_marl/runs/phase3/scale_transfer/boundary_scale_robustness_20260702_194653,/home/sgy/workspace/sagin_marl/runs/phase3/scale_transfer/boundary_scale_robustness_20260702_194653/eval_seed985000/maxweight_lyapunov/scale_num_gu30_3uav30gu_t250,.local_guidance/phase3/data/boundary_scale_robustness_20260702_194653/combined_with_main_8seed_summary.csv,/home/sgy/workspace/sagin_marl/runs/phase3/scale_transfer/boundary_scale_robustness_20260702_194653/combined_with_main_8seed_summary.csv,scenario=scale_num_gu30_3uav30gu_t250;kind=baseline;method=maxweight_lyapunov;episode_seed_base=985000,985000,,64,64,64,codex/phase3-scenario-generalization,5da4c19abf148d92655d89a19a7319ec23d77b3c,ok,37.39106867054943,,,0.5524991593495361,,0.4140000735951216,,,,,7.091074640891515,14.732477172198701,425464488.68943745,0.969979168396443,,0.0,,0.0,250.0,0.5622321015116698,,,,,,,,,,,,,,,,,,,Boundary cases combine original 3 seed bases with 5 extra seed bases.
phase3_boundary_scale_robustness,scale_num_gu30_3uav30gu_t250__baseline__dpp_resource_hybrid_native__985000,evaluation seed row,scale_num_gu30_3uav30gu_t250,baseline,dpp_resource_hybrid_native,non_learning_baseline,,,,configs/experiments/phase3_generalization/scale_num_gu30_3uav30gu_t250.yaml,,/home/sgy/workspace/sagin_marl/runs/phase3/scale_transfer/boundary_scale_robustness_20260702_194653,/home/sgy/workspace/sagin_marl/runs/phase3/scale_transfer/boundary_scale_robustness_20260702_194653/eval_seed985000/dpp_resource_hybrid_native/scale_num_gu30_3uav30gu_t250,.local_guidance/phase3/data/boundary_scale_robustness_20260702_194653/combined_with_main_8seed_summary.csv,/home/sgy/workspace/sagin_marl/runs/phase3/scale_transfer/boundary_scale_robustness_20260702_194653/combined_with_main_8seed_summary.csv,scenario=scale_num_gu30_3uav30gu_t250;kind=baseline;method=dpp_resource_hybrid_native;episode_seed_base=985000,985000,,64,64,64,codex/phase3-scenario-generalization,5da4c19abf148d92655d89a19a7319ec23d77b3c,ok,33.80621066765161,,,0.5881674600369299,,0.3761852181061239,,,,,7.54646754353121,15.068886521380398,452788063.4321251,0.7556354233939206,,0.0,,0.0,250.0,0.5972014098279854,,,,,,,,,,,,,,,,,,,Boundary cases combine original 3 seed bases with 5 extra seed bases.
phase3_boundary_scale_robustness,scale_num_gu30_3uav30gu_t250__baseline__topology_dpp_native_bw_sat_cached__985000,evaluation seed row,scale_num_gu30_3uav30gu_t250,baseline,topology_dpp_native_bw_sat_cached,non_learning_baseline,,,,configs/experiments/phase3_generalization/scale_num_gu30_3uav30gu_t250.yaml,,/home/sgy/workspace/sagin_marl/runs/phase3/scale_transfer/boundary_scale_robustness_20260702_194653,/home/sgy/workspace/sagin_marl/runs/phase3/scale_transfer/boundary_scale_robustness_20260702_194653/eval_seed985000/topology_dpp_native_bw_sat_cached/scale_num_gu30_3uav30gu_t250,.local_guidance/phase3/data/boundary_scale_robustness_20260702_194653/combined_with_main_8seed_summary.csv,/home/sgy/workspace/sagin_marl/runs/phase3/scale_transfer/boundary_scale_robustness_20260702_194653/combined_with_main_8seed_summary.csv,scenario=scale_num_gu30_3uav30gu_t250;kind=baseline;method=topology_dpp_native_bw_sat_cached;episode_seed_base=985000,985000,,64,64,64,codex/phase3-scenario-generalization,5da4c19abf148d92655d89a19a7319ec23d77b3c,ok,33.73930078127887,,,0.5916867093723267,,0.3779457172893579,,,,,9.000798467431219,18.3766520438157,540047920.9701251,0.6841250080782921,,0.0,,0.0,250.0,0.5972014098279854,,,,,,,,,,,,,,,,,,,Boundary cases combine original 3 seed bases with 5 extra seed bases.
phase3_boundary_scale_robustness,scale_num_gu30_3uav30gu_t250__baseline__full_topology_dpp_joint__985000,evaluation seed row,scale_num_gu30_3uav30gu_t250,baseline,full_topology_dpp_joint,non_learning_baseline,,,,configs/experiments/phase3_generalization/scale_num_gu30_3uav30gu_t250.yaml,,/home/sgy/workspace/sagin_marl/runs/phase3/scale_transfer/boundary_scale_robustness_20260702_194653,/home/sgy/workspace/sagin_marl/runs/phase3/scale_transfer/boundary_scale_robustness_20260702_194653/eval_seed985000/full_topology_dpp_joint/scale_num_gu30_3uav30gu_t250,.local_guidance/phase3/data/boundary_scale_robustness_20260702_194653/combined_with_main_8seed_summary.csv,/home/sgy/workspace/sagin_marl/runs/phase3/scale_transfer/boundary_scale_robustness_20260702_194653/combined_with_main_8seed_summary.csv,scenario=scale_num_gu30_3uav30gu_t250;kind=baseline;method=full_topology_dpp_joint;episode_seed_base=985000,985000,,64,64,64,codex/phase3-scenario-generalization,5da4c19abf148d92655d89a19a7319ec23d77b3c,ok,19.90573888202198,,,0.27814810824411407,,0.5802359434585871,,,,,9.345640811087241,41.08854105337323,560738461.9708976,0.9859791670534761,,0.328125,,0.328125,179.515625,0.27816569209026454,,,,,,,,,,,,,,,,,,,Boundary cases combine original 3 seed bases with 5 extra seed bases.
phase3_boundary_scale_robustness,scale_num_uav2_2uav20gu_t250__learned__phase2_mc_seed45211_u400__985000,evaluation seed row,scale_num_uav2_2uav20gu_t250,learned,phase2_mc_seed45211_u400,learned_policy,45211,bootstrap_gae,400,configs/experiments/phase3_generalization/scale_num_uav2_2uav20gu_t250.yaml,/home/sgy/workspace/sagin_marl/runs/method_validation/horizon_fairness_mc_vs_bootstrap_threshold_u0_rep2_20260625_204118/mc_seed45211/checkpoint_update0400.pt,/home/sgy/workspace/sagin_marl/runs/phase3/scale_transfer/boundary_scale_robustness_20260702_194653,/home/sgy/workspace/sagin_marl/runs/phase3/scale_transfer/boundary_scale_robustness_20260702_194653/eval_seed985000/phase2_mc_seed45211_u400/scale_num_uav2_2uav20gu_t250,.local_guidance/phase3/data/boundary_scale_robustness_20260702_194653/combined_with_main_8seed_summary.csv,/home/sgy/workspace/sagin_marl/runs/phase3/scale_transfer/boundary_scale_robustness_20260702_194653/combined_with_main_8seed_summary.csv,scenario=scale_num_uav2_2uav20gu_t250;kind=learned;method=phase2_mc_seed45211_u400;episode_seed_base=985000,985000,,64,64,64,codex/phase3-scenario-generalization,5da4c19abf148d92655d89a19a7319ec23d77b3c,ok,37.70737553737126,,,0.691008661907399,,0.26283026257058156,,,,,10.63016461176332,18.287183481426908,425206579.51943743,0.8687499999999995,,0.0,,0.0,250.0,0.6913138173278509,,,,,,,,,,,,,,,,,,,Boundary cases combine original 3 seed bases with 5 extra seed bases.
phase3_boundary_scale_robustness,scale_num_uav2_2uav20gu_t250__learned__phase2_bootstrap_seed45211_u575__985000,evaluation seed row,scale_num_uav2_2uav20gu_t250,learned,phase2_bootstrap_seed45211_u575,learned_policy,45211,bootstrap_gae,575,configs/experiments/phase3_generalization/scale_num_uav2_2uav20gu_t250.yaml,/home/sgy/workspace/sagin_marl/runs/method_validation/horizon_fairness_mc_vs_bootstrap_threshold_u0_rep2_20260625_204118/bootstrap_seed45211/checkpoint_update0575.pt,/home/sgy/workspace/sagin_marl/runs/phase3/scale_transfer/boundary_scale_robustness_20260702_194653,/home/sgy/workspace/sagin_marl/runs/phase3/scale_transfer/boundary_scale_robustness_20260702_194653/eval_seed985000/phase2_bootstrap_seed45211_u575/scale_num_uav2_2uav20gu_t250,.local_guidance/phase3/data/boundary_scale_robustness_20260702_194653/combined_with_main_8seed_summary.csv,/home/sgy/workspace/sagin_marl/runs/phase3/scale_transfer/boundary_scale_robustness_20260702_194653/combined_with_main_8seed_summary.csv,scenario=scale_num_uav2_2uav20gu_t250;kind=learned;method=phase2_bootstrap_seed45211_u575;episode_seed_base=985000,985000,,64,64,64,codex/phase3-scenario-generalization,5da4c19abf148d92655d89a19a7319ec23d77b3c,ok,37.51367535756435,,,0.6951150054498578,,0.25959319855140006,,,,,10.834183386160062,18.61756181335216,433367330.28087497,0.75075,,0.0,,0.0,250.0,0.695156796431722,,,,,,,,,,,,,,,,,,,Boundary cases combine original 3 seed bases with 5 extra seed bases.
phase3_boundary_scale_robustness,scale_num_uav2_2uav20gu_t250__baseline__queue_aware__985000,evaluation seed row,scale_num_uav2_2uav20gu_t250,baseline,queue_aware,non_learning_baseline,,,,configs/experiments/phase3_generalization/scale_num_uav2_2uav20gu_t250.yaml,,/home/sgy/workspace/sagin_marl/runs/phase3/scale_transfer/boundary_scale_robustness_20260702_194653,/home/sgy/workspace/sagin_marl/runs/phase3/scale_transfer/boundary_scale_robustness_20260702_194653/eval_seed985000/queue_aware/scale_num_uav2_2uav20gu_t250,.local_guidance/phase3/data/boundary_scale_robustness_20260702_194653/combined_with_main_8seed_summary.csv,/home/sgy/workspace/sagin_marl/runs/phase3/scale_transfer/boundary_scale_robustness_20260702_194653/combined_with_main_8seed_summary.csv,scenario=scale_num_uav2_2uav20gu_t250;kind=baseline;method=queue_aware;episode_seed_base=985000,985000,,64,64,64,codex/phase3-scenario-generalization,5da4c19abf148d92655d89a19a7319ec23d77b3c,ok,29.68527936236933,,,0.47430078216377075,,0.43833940346207084,,,,,14.824915153101514,35.559833453103394,592996599.2861707,0.9453228478023197,,0.265625,,0.265625,224.46875,0.4743012772094087,,,,,,,,,,,,,,,,,,,Boundary cases combine original 3 seed bases with 5 extra seed bases.
phase3_boundary_scale_robustness,scale_num_uav2_2uav20gu_t250__baseline__observable_cluster_queue_aware__985000,evaluation seed row,scale_num_uav2_2uav20gu_t250,baseline,observable_cluster_queue_aware,non_learning_baseline,,,,configs/experiments/phase3_generalization/scale_num_uav2_2uav20gu_t250.yaml,,/home/sgy/workspace/sagin_marl/runs/phase3/scale_transfer/boundary_scale_robustness_20260702_194653,/home/sgy/workspace/sagin_marl/runs/phase3/scale_transfer/boundary_scale_robustness_20260702_194653/eval_seed985000/observable_cluster_queue_aware/scale_num_uav2_2uav20gu_t250,.local_guidance/phase3/data/boundary_scale_robustness_20260702_194653/combined_with_main_8seed_summary.csv,/home/sgy/workspace/sagin_marl/runs/phase3/scale_transfer/boundary_scale_robustness_20260702_194653/combined_with_main_8seed_summary.csv,scenario=scale_num_uav2_2uav20gu_t250;kind=baseline;method=observable_cluster_queue_aware;episode_seed_base=985000,985000,,64,64,64,codex/phase3-scenario-generalization,5da4c19abf148d92655d89a19a7319ec23d77b3c,ok,33.98730036534835,,,0.6041740056280064,,0.3345219558681097,,,,,12.908913646011282,24.877180563436287,516356539.8430608,0.8901950431034483,,0.0625,,0.0625,246.125,0.6042027446367162,,,,,,,,,,,,,,,,,,,Boundary cases combine original 3 seed bases with 5 extra seed bases.
phase3_boundary_scale_robustness,scale_num_uav2_2uav20gu_t250__baseline__cluster_center_queue_aware__985000,evaluation seed row,scale_num_uav2_2uav20gu_t250,baseline,cluster_center_queue_aware,non_learning_baseline,,,,configs/experiments/phase3_generalization/scale_num_uav2_2uav20gu_t250.yaml,,/home/sgy/workspace/sagin_marl/runs/phase3/scale_transfer/boundary_scale_robustness_20260702_194653,/home/sgy/workspace/sagin_marl/runs/phase3/scale_transfer/boundary_scale_robustness_20260702_194653/eval_seed985000/cluster_center_queue_aware/scale_num_uav2_2uav20gu_t250,.local_guidance/phase3/data/boundary_scale_robustness_20260702_194653/combined_with_main_8seed_summary.csv,/home/sgy/workspace/sagin_marl/runs/phase3/scale_transfer/boundary_scale_robustness_20260702_194653/combined_with_main_8seed_summary.csv,scenario=scale_num_uav2_2uav20gu_t250;kind=baseline;method=cluster_center_queue_aware;episode_seed_base=985000,985000,,64,64,64,codex/phase3-scenario-generalization,5da4c19abf148d92655d89a19a7319ec23d77b3c,ok,36.10521557065658,,,0.7316149983555076,,0.22352154083873735,,,,,10.597719408790583,16.597923051051797,423908771.37287515,0.8251562499999999,,0.0,,0.0,250.0,0.7331272726943546,,,,,,,,,,,,,,,,,,,Boundary cases combine original 3 seed bases with 5 extra seed bases.
phase3_boundary_scale_robustness,scale_num_uav2_2uav20gu_t250__baseline__maxweight_lyapunov__985000,evaluation seed row,scale_num_uav2_2uav20gu_t250,baseline,maxweight_lyapunov,non_learning_baseline,,,,configs/experiments/phase3_generalization/scale_num_uav2_2uav20gu_t250.yaml,,/home/sgy/workspace/sagin_marl/runs/phase3/scale_transfer/boundary_scale_robustness_20260702_194653,/home/sgy/workspace/sagin_marl/runs/phase3/scale_transfer/boundary_scale_robustness_20260702_194653/eval_seed985000/maxweight_lyapunov/scale_num_uav2_2uav20gu_t250,.local_guidance/phase3/data/boundary_scale_robustness_20260702_194653/combined_with_main_8seed_summary.csv,/home/sgy/workspace/sagin_marl/runs/phase3/scale_transfer/boundary_scale_robustness_20260702_194653/combined_with_main_8seed_summary.csv,scenario=scale_num_uav2_2uav20gu_t250;kind=baseline;method=maxweight_lyapunov;episode_seed_base=985000,985000,,64,64,64,codex/phase3-scenario-generalization,5da4c19abf148d92655d89a19a7319ec23d77b3c,ok,35.786033397656865,,,0.7159317696732468,,0.23292515424253493,,,,,11.93047923895531,19.08118812844529,477219164.07112503,0.9834999999999999,,0.0,,0.0,250.0,0.7162353366445976,,,,,,,,,,,,,,,,,,,Boundary cases combine original 3 seed bases with 5 extra seed bases.
phase3_boundary_scale_robustness,scale_num_uav2_2uav20gu_t250__baseline__dpp_resource_hybrid_native__985000,evaluation seed row,scale_num_uav2_2uav20gu_t250,baseline,dpp_resource_hybrid_native,non_learning_baseline,,,,configs/experiments/phase3_generalization/scale_num_uav2_2uav20gu_t250.yaml,,/home/sgy/workspace/sagin_marl/runs/phase3/scale_transfer/boundary_scale_robustness_20260702_194653,/home/sgy/workspace/sagin_marl/runs/phase3/scale_transfer/boundary_scale_robustness_20260702_194653/eval_seed985000/dpp_resource_hybrid_native/scale_num_uav2_2uav20gu_t250,.local_guidance/phase3/data/boundary_scale_robustness_20260702_194653/combined_with_main_8seed_summary.csv,/home/sgy/workspace/sagin_marl/runs/phase3/scale_transfer/boundary_scale_robustness_20260702_194653/combined_with_main_8seed_summary.csv,scenario=scale_num_uav2_2uav20gu_t250;kind=baseline;method=dpp_resource_hybrid_native;episode_seed_base=985000,985000,,64,64,64,codex/phase3-scenario-generalization,5da4c19abf148d92655d89a19a7319ec23d77b3c,ok,32.383838281966746,,,0.6513258232693185,,0.2879531536961947,,,,,14.001761525023728,25.04076486120001,560070454.4833125,0.8251562499999999,,0.0,,0.0,250.0,0.6514873608246159,,,,,,,,,,,,,,,,,,,Boundary cases combine original 3 seed bases with 5 extra seed bases.
phase3_boundary_scale_robustness,scale_num_uav2_2uav20gu_t250__baseline__topology_dpp_native_bw_sat_cached__985000,evaluation seed row,scale_num_uav2_2uav20gu_t250,baseline,topology_dpp_native_bw_sat_cached,non_learning_baseline,,,,configs/experiments/phase3_generalization/scale_num_uav2_2uav20gu_t250.yaml,,/home/sgy/workspace/sagin_marl/runs/phase3/scale_transfer/boundary_scale_robustness_20260702_194653,/home/sgy/workspace/sagin_marl/runs/phase3/scale_transfer/boundary_scale_robustness_20260702_194653/eval_seed985000/topology_dpp_native_bw_sat_cached/scale_num_uav2_2uav20gu_t250,.local_guidance/phase3/data/boundary_scale_robustness_20260702_194653/combined_with_main_8seed_summary.csv,/home/sgy/workspace/sagin_marl/runs/phase3/scale_transfer/boundary_scale_robustness_20260702_194653/combined_with_main_8seed_summary.csv,scenario=scale_num_uav2_2uav20gu_t250;kind=baseline;method=topology_dpp_native_bw_sat_cached;episode_seed_base=985000,985000,,64,64,64,codex/phase3-scenario-generalization,5da4c19abf148d92655d89a19a7319ec23d77b3c,ok,32.37644584313966,,,0.6513598188641481,,0.2879531536961947,,,,,14.012100520510224,25.052581904623654,560484014.2593124,0.99575,,0.0,,0.0,250.0,0.6514873608246159,,,,,,,,,,,,,,,,,,,Boundary cases combine original 3 seed bases with 5 extra seed bases.
phase3_boundary_scale_robustness,scale_num_uav2_2uav20gu_t250__baseline__full_topology_dpp_joint__985000,evaluation seed row,scale_num_uav2_2uav20gu_t250,baseline,full_topology_dpp_joint,non_learning_baseline,,,,configs/experiments/phase3_generalization/scale_num_uav2_2uav20gu_t250.yaml,,/home/sgy/workspace/sagin_marl/runs/phase3/scale_transfer/boundary_scale_robustness_20260702_194653,/home/sgy/workspace/sagin_marl/runs/phase3/scale_transfer/boundary_scale_robustness_20260702_194653/eval_seed985000/full_topology_dpp_joint/scale_num_uav2_2uav20gu_t250,.local_guidance/phase3/data/boundary_scale_robustness_20260702_194653/combined_with_main_8seed_summary.csv,/home/sgy/workspace/sagin_marl/runs/phase3/scale_transfer/boundary_scale_robustness_20260702_194653/combined_with_main_8seed_summary.csv,scenario=scale_num_uav2_2uav20gu_t250;kind=baseline;method=full_topology_dpp_joint;episode_seed_base=985000,985000,,64,64,64,codex/phase3-scenario-generalization,5da4c19abf148d92655d89a19a7319ec23d77b3c,ok,25.225505391834304,,,0.3679864439891631,,0.4890305146161647,,,,,17.031742263034047,54.853301505167174,681269682.3078587,0.9873437500000001,,0.125,,0.125,222.796875,0.3679862759036908,,,,,,,,,,,,,,,,,,,Boundary cases combine original 3 seed bases with 5 extra seed bases.
phase3_boundary_scale_robustness,scale_num_gu30_3uav30gu_t250__learned__phase2_mc_seed45211_u400__986000,evaluation seed row,scale_num_gu30_3uav30gu_t250,learned,phase2_mc_seed45211_u400,learned_policy,45211,bootstrap_gae,400,configs/experiments/phase3_generalization/scale_num_gu30_3uav30gu_t250.yaml,/home/sgy/workspace/sagin_marl/runs/method_validation/horizon_fairness_mc_vs_bootstrap_threshold_u0_rep2_20260625_204118/mc_seed45211/checkpoint_update0400.pt,/home/sgy/workspace/sagin_marl/runs/phase3/scale_transfer/boundary_scale_robustness_20260702_194653,/home/sgy/workspace/sagin_marl/runs/phase3/scale_transfer/boundary_scale_robustness_20260702_194653/eval_seed986000/phase2_mc_seed45211_u400/scale_num_gu30_3uav30gu_t250,.local_guidance/phase3/data/boundary_scale_robustness_20260702_194653/combined_with_main_8seed_summary.csv,/home/sgy/workspace/sagin_marl/runs/phase3/scale_transfer/boundary_scale_robustness_20260702_194653/combined_with_main_8seed_summary.csv,scenario=scale_num_gu30_3uav30gu_t250;kind=learned;method=phase2_mc_seed45211_u400;episode_seed_base=986000,986000,,64,64,64,codex/phase3-scenario-generalization,5da4c19abf148d92655d89a19a7319ec23d77b3c,ok,40.921576160006225,,,0.6345463462788612,,0.33197291848681587,,,,,6.522240551228636,11.422340510132724,391334443.6666875,0.9066354219317436,,0.0,,0.0,250.0,0.647583212241345,,,,,,,,,,,,,,,,,,,Boundary cases combine original 3 seed bases with 5 extra seed bases.
phase3_boundary_scale_robustness,scale_num_gu30_3uav30gu_t250__learned__phase2_bootstrap_seed45211_u575__986000,evaluation seed row,scale_num_gu30_3uav30gu_t250,learned,phase2_bootstrap_seed45211_u575,learned_policy,45211,bootstrap_gae,575,configs/experiments/phase3_generalization/scale_num_gu30_3uav30gu_t250.yaml,/home/sgy/workspace/sagin_marl/runs/method_validation/horizon_fairness_mc_vs_bootstrap_threshold_u0_rep2_20260625_204118/bootstrap_seed45211/checkpoint_update0575.pt,/home/sgy/workspace/sagin_marl/runs/phase3/scale_transfer/boundary_scale_robustness_20260702_194653,/home/sgy/workspace/sagin_marl/runs/phase3/scale_transfer/boundary_scale_robustness_20260702_194653/eval_seed986000/phase2_bootstrap_seed45211_u575/scale_num_gu30_3uav30gu_t250,.local_guidance/phase3/data/boundary_scale_robustness_20260702_194653/combined_with_main_8seed_summary.csv,/home/sgy/workspace/sagin_marl/runs/phase3/scale_transfer/boundary_scale_robustness_20260702_194653/combined_with_main_8seed_summary.csv,scenario=scale_num_gu30_3uav30gu_t250;kind=learned;method=phase2_bootstrap_seed45211_u575;episode_seed_base=986000,986000,,64,64,64,codex/phase3-scenario-generalization,5da4c19abf148d92655d89a19a7319ec23d77b3c,ok,41.02929722319823,,,0.6566120464820415,,0.3222986076023142,,,,,5.678895224737004,10.230632008252664,340733721.8055625,0.7396666791420431,,0.0,,0.0,250.0,0.6570080204186167,,,,,,,,,,,,,,,,,,,Boundary cases combine original 3 seed bases with 5 extra seed bases.
phase3_boundary_scale_robustness,scale_num_gu30_3uav30gu_t250__baseline__queue_aware__986000,evaluation seed row,scale_num_gu30_3uav30gu_t250,baseline,queue_aware,non_learning_baseline,,,,configs/experiments/phase3_generalization/scale_num_gu30_3uav30gu_t250.yaml,,/home/sgy/workspace/sagin_marl/runs/phase3/scale_transfer/boundary_scale_robustness_20260702_194653,/home/sgy/workspace/sagin_marl/runs/phase3/scale_transfer/boundary_scale_robustness_20260702_194653/eval_seed986000/queue_aware/scale_num_gu30_3uav30gu_t250,.local_guidance/phase3/data/boundary_scale_robustness_20260702_194653/combined_with_main_8seed_summary.csv,/home/sgy/workspace/sagin_marl/runs/phase3/scale_transfer/boundary_scale_robustness_20260702_194653/combined_with_main_8seed_summary.csv,scenario=scale_num_gu30_3uav30gu_t250;kind=baseline;method=queue_aware;episode_seed_base=986000,986000,,64,64,64,codex/phase3-scenario-generalization,5da4c19abf148d92655d89a19a7319ec23d77b3c,ok,17.44396649755072,,,0.35050988487094825,,0.5312729648630367,,,,,8.046264700400215,26.140470174753876,482775893.61252236,0.9845613608197707,,0.859375,,0.859375,131.15625,0.3507898661247463,,,,,,,,,,,,,,,,,,,Boundary cases combine original 3 seed bases with 5 extra seed bases.
phase3_boundary_scale_robustness,scale_num_gu30_3uav30gu_t250__baseline__observable_cluster_queue_aware__986000,evaluation seed row,scale_num_gu30_3uav30gu_t250,baseline,observable_cluster_queue_aware,non_learning_baseline,,,,configs/experiments/phase3_generalization/scale_num_gu30_3uav30gu_t250.yaml,,/home/sgy/workspace/sagin_marl/runs/phase3/scale_transfer/boundary_scale_robustness_20260702_194653,/home/sgy/workspace/sagin_marl/runs/phase3/scale_transfer/boundary_scale_robustness_20260702_194653/eval_seed986000/observable_cluster_queue_aware/scale_num_gu30_3uav30gu_t250,.local_guidance/phase3/data/boundary_scale_robustness_20260702_194653/combined_with_main_8seed_summary.csv,/home/sgy/workspace/sagin_marl/runs/phase3/scale_transfer/boundary_scale_robustness_20260702_194653/combined_with_main_8seed_summary.csv,scenario=scale_num_gu30_3uav30gu_t250;kind=baseline;method=observable_cluster_queue_aware;episode_seed_base=986000,986000,,64,64,64,codex/phase3-scenario-generalization,5da4c19abf148d92655d89a19a7319ec23d77b3c,ok,29.62836300500203,,,0.43291824529989675,,0.5106173966857227,,,,,7.32956845610497,20.34690640893584,439774117.75038254,0.867847151061086,,0.234375,,0.234375,213.65625,0.4332532373951451,,,,,,,,,,,,,,,,,,,Boundary cases combine original 3 seed bases with 5 extra seed bases.
phase3_boundary_scale_robustness,scale_num_gu30_3uav30gu_t250__baseline__cluster_center_queue_aware__986000,evaluation seed row,scale_num_gu30_3uav30gu_t250,baseline,cluster_center_queue_aware,non_learning_baseline,,,,configs/experiments/phase3_generalization/scale_num_gu30_3uav30gu_t250.yaml,,/home/sgy/workspace/sagin_marl/runs/phase3/scale_transfer/boundary_scale_robustness_20260702_194653,/home/sgy/workspace/sagin_marl/runs/phase3/scale_transfer/boundary_scale_robustness_20260702_194653/eval_seed986000/cluster_center_queue_aware/scale_num_gu30_3uav30gu_t250,.local_guidance/phase3/data/boundary_scale_robustness_20260702_194653/combined_with_main_8seed_summary.csv,/home/sgy/workspace/sagin_marl/runs/phase3/scale_transfer/boundary_scale_robustness_20260702_194653/combined_with_main_8seed_summary.csv,scenario=scale_num_gu30_3uav30gu_t250;kind=baseline;method=cluster_center_queue_aware;episode_seed_base=986000,986000,,64,64,64,codex/phase3-scenario-generalization,5da4c19abf148d92655d89a19a7319ec23d77b3c,ok,39.57723820139654,,,0.6222394476805346,,0.33918967500321495,,,,,6.8407805090076295,12.862107375909108,410446840.35299987,0.7673750064745548,,0.0,,0.0,250.0,0.6388389017992736,,,,,,,,,,,,,,,,,,,Boundary cases combine original 3 seed bases with 5 extra seed bases.
phase3_boundary_scale_robustness,scale_num_gu30_3uav30gu_t250__baseline__maxweight_lyapunov__986000,evaluation seed row,scale_num_gu30_3uav30gu_t250,baseline,maxweight_lyapunov,non_learning_baseline,,,,configs/experiments/phase3_generalization/scale_num_gu30_3uav30gu_t250.yaml,,/home/sgy/workspace/sagin_marl/runs/phase3/scale_transfer/boundary_scale_robustness_20260702_194653,/home/sgy/workspace/sagin_marl/runs/phase3/scale_transfer/boundary_scale_robustness_20260702_194653/eval_seed986000/maxweight_lyapunov/scale_num_gu30_3uav30gu_t250,.local_guidance/phase3/data/boundary_scale_robustness_20260702_194653/combined_with_main_8seed_summary.csv,/home/sgy/workspace/sagin_marl/runs/phase3/scale_transfer/boundary_scale_robustness_20260702_194653/combined_with_main_8seed_summary.csv,scenario=scale_num_gu30_3uav30gu_t250;kind=baseline;method=maxweight_lyapunov;episode_seed_base=986000,986000,,64,64,64,codex/phase3-scenario-generalization,5da4c19abf148d92655d89a19a7319ec23d77b3c,ok,37.82718805014156,,,0.578894443894853,,0.38537607798369555,,,,,7.110183234157506,14.052460823200642,426611004.27312493,0.9647291687019169,,0.0,,0.0,250.0,0.5913096378738131,,,,,,,,,,,,,,,,,,,Boundary cases combine original 3 seed bases with 5 extra seed bases.
phase3_boundary_scale_robustness,scale_num_gu30_3uav30gu_t250__baseline__dpp_resource_hybrid_native__986000,evaluation seed row,scale_num_gu30_3uav30gu_t250,baseline,dpp_resource_hybrid_native,non_learning_baseline,,,,configs/experiments/phase3_generalization/scale_num_gu30_3uav30gu_t250.yaml,,/home/sgy/workspace/sagin_marl/runs/phase3/scale_transfer/boundary_scale_robustness_20260702_194653,/home/sgy/workspace/sagin_marl/runs/phase3/scale_transfer/boundary_scale_robustness_20260702_194653/eval_seed986000/dpp_resource_hybrid_native/scale_num_gu30_3uav30gu_t250,.local_guidance/phase3/data/boundary_scale_robustness_20260702_194653/combined_with_main_8seed_summary.csv,/home/sgy/workspace/sagin_marl/runs/phase3/scale_transfer/boundary_scale_robustness_20260702_194653/combined_with_main_8seed_summary.csv,scenario=scale_num_gu30_3uav30gu_t250;kind=baseline;method=dpp_resource_hybrid_native;episode_seed_base=986000,986000,,64,64,64,codex/phase3-scenario-generalization,5da4c19abf148d92655d89a19a7319ec23d77b3c,ok,34.83104418270523,,,0.6042801521440269,,0.3586595666193994,,,,,7.302659882349892,14.126039087723942,438159603.44525003,0.7673750064745548,,0.0,,0.0,250.0,0.6154100050155612,,,,,,,,,,,,,,,,,,,Boundary cases combine original 3 seed bases with 5 extra seed bases.
phase3_boundary_scale_robustness,scale_num_gu30_3uav30gu_t250__baseline__topology_dpp_native_bw_sat_cached__986000,evaluation seed row,scale_num_gu30_3uav30gu_t250,baseline,topology_dpp_native_bw_sat_cached,non_learning_baseline,,,,configs/experiments/phase3_generalization/scale_num_gu30_3uav30gu_t250.yaml,,/home/sgy/workspace/sagin_marl/runs/phase3/scale_transfer/boundary_scale_robustness_20260702_194653,/home/sgy/workspace/sagin_marl/runs/phase3/scale_transfer/boundary_scale_robustness_20260702_194653/eval_seed986000/topology_dpp_native_bw_sat_cached/scale_num_gu30_3uav30gu_t250,.local_guidance/phase3/data/boundary_scale_robustness_20260702_194653/combined_with_main_8seed_summary.csv,/home/sgy/workspace/sagin_marl/runs/phase3/scale_transfer/boundary_scale_robustness_20260702_194653/combined_with_main_8seed_summary.csv,scenario=scale_num_gu30_3uav30gu_t250;kind=baseline;method=topology_dpp_native_bw_sat_cached;episode_seed_base=986000,986000,,64,64,64,codex/phase3-scenario-generalization,5da4c19abf148d92655d89a19a7319ec23d77b3c,ok,34.729086647566874,,,0.61059155761695,,0.3608371268272699,,,,,8.944506738049906,17.882626983638854,536670417.11425006,0.6478333414271473,,0.0,,0.0,250.0,0.6154100050155612,,,,,,,,,,,,,,,,,,,Boundary cases combine original 3 seed bases with 5 extra seed bases.
phase3_boundary_scale_robustness,scale_num_gu30_3uav30gu_t250__baseline__full_topology_dpp_joint__986000,evaluation seed row,scale_num_gu30_3uav30gu_t250,baseline,full_topology_dpp_joint,non_learning_baseline,,,,configs/experiments/phase3_generalization/scale_num_gu30_3uav30gu_t250.yaml,,/home/sgy/workspace/sagin_marl/runs/phase3/scale_transfer/boundary_scale_robustness_20260702_194653,/home/sgy/workspace/sagin_marl/runs/phase3/scale_transfer/boundary_scale_robustness_20260702_194653/eval_seed986000/full_topology_dpp_joint/scale_num_gu30_3uav30gu_t250,.local_guidance/phase3/data/boundary_scale_robustness_20260702_194653/combined_with_main_8seed_summary.csv,/home/sgy/workspace/sagin_marl/runs/phase3/scale_transfer/boundary_scale_robustness_20260702_194653/combined_with_main_8seed_summary.csv,scenario=scale_num_gu30_3uav30gu_t250;kind=baseline;method=full_topology_dpp_joint;episode_seed_base=986000,986000,,64,64,64,codex/phase3-scenario-generalization,5da4c19abf148d92655d89a19a7319ec23d77b3c,ok,23.866214985318948,,,0.2858240291293059,,0.6207794922457539,,,,,9.721842057156815,39.80042157755067,583310537.2977384,0.9907916668932886,,0.203125,,0.1875,210.3125,0.2858632204555059,,,,,,,,,,,,,,,,,,,Boundary cases combine original 3 seed bases with 5 extra seed bases.
phase3_boundary_scale_robustness,scale_num_uav2_2uav20gu_t250__learned__phase2_mc_seed45211_u400__986000,evaluation seed row,scale_num_uav2_2uav20gu_t250,learned,phase2_mc_seed45211_u400,learned_policy,45211,bootstrap_gae,400,configs/experiments/phase3_generalization/scale_num_uav2_2uav20gu_t250.yaml,/home/sgy/workspace/sagin_marl/runs/method_validation/horizon_fairness_mc_vs_bootstrap_threshold_u0_rep2_20260625_204118/mc_seed45211/checkpoint_update0400.pt,/home/sgy/workspace/sagin_marl/runs/phase3/scale_transfer/boundary_scale_robustness_20260702_194653,/home/sgy/workspace/sagin_marl/runs/phase3/scale_transfer/boundary_scale_robustness_20260702_194653/eval_seed986000/phase2_mc_seed45211_u400/scale_num_uav2_2uav20gu_t250,.local_guidance/phase3/data/boundary_scale_robustness_20260702_194653/combined_with_main_8seed_summary.csv,/home/sgy/workspace/sagin_marl/runs/phase3/scale_transfer/boundary_scale_robustness_20260702_194653/combined_with_main_8seed_summary.csv,scenario=scale_num_uav2_2uav20gu_t250;kind=learned;method=phase2_mc_seed45211_u400;episode_seed_base=986000,986000,,64,64,64,codex/phase3-scenario-generalization,5da4c19abf148d92655d89a19a7319ec23d77b3c,ok,37.641910301405005,,,0.6940060711782426,,0.2632509066550314,,,,,10.418910460345444,18.204674706591298,416756413.4321876,0.8679999999999994,,0.0,,0.0,250.0,0.6940915122081647,,,,,,,,,,,,,,,,,,,Boundary cases combine original 3 seed bases with 5 extra seed bases.
phase3_boundary_scale_robustness,scale_num_uav2_2uav20gu_t250__learned__phase2_bootstrap_seed45211_u575__986000,evaluation seed row,scale_num_uav2_2uav20gu_t250,learned,phase2_bootstrap_seed45211_u575,learned_policy,45211,bootstrap_gae,575,configs/experiments/phase3_generalization/scale_num_uav2_2uav20gu_t250.yaml,/home/sgy/workspace/sagin_marl/runs/method_validation/horizon_fairness_mc_vs_bootstrap_threshold_u0_rep2_20260625_204118/bootstrap_seed45211/checkpoint_update0575.pt,/home/sgy/workspace/sagin_marl/runs/phase3/scale_transfer/boundary_scale_robustness_20260702_194653,/home/sgy/workspace/sagin_marl/runs/phase3/scale_transfer/boundary_scale_robustness_20260702_194653/eval_seed986000/phase2_bootstrap_seed45211_u575/scale_num_uav2_2uav20gu_t250,.local_guidance/phase3/data/boundary_scale_robustness_20260702_194653/combined_with_main_8seed_summary.csv,/home/sgy/workspace/sagin_marl/runs/phase3/scale_transfer/boundary_scale_robustness_20260702_194653/combined_with_main_8seed_summary.csv,scenario=scale_num_uav2_2uav20gu_t250;kind=learned;method=phase2_bootstrap_seed45211_u575;episode_seed_base=986000,986000,,64,64,64,codex/phase3-scenario-generalization,5da4c19abf148d92655d89a19a7319ec23d77b3c,ok,37.356501458911225,,,0.6748182787112891,,0.28040223691629407,,,,,10.824163419925142,20.068191516505554,432966531.61306256,0.7481249999999997,,0.0,,0.0,250.0,0.6748481589374535,,,,,,,,,,,,,,,,,,,Boundary cases combine original 3 seed bases with 5 extra seed bases.
phase3_boundary_scale_robustness,scale_num_uav2_2uav20gu_t250__baseline__queue_aware__986000,evaluation seed row,scale_num_uav2_2uav20gu_t250,baseline,queue_aware,non_learning_baseline,,,,configs/experiments/phase3_generalization/scale_num_uav2_2uav20gu_t250.yaml,,/home/sgy/workspace/sagin_marl/runs/phase3/scale_transfer/boundary_scale_robustness_20260702_194653,/home/sgy/workspace/sagin_marl/runs/phase3/scale_transfer/boundary_scale_robustness_20260702_194653/eval_seed986000/queue_aware/scale_num_uav2_2uav20gu_t250,.local_guidance/phase3/data/boundary_scale_robustness_20260702_194653/combined_with_main_8seed_summary.csv,/home/sgy/workspace/sagin_marl/runs/phase3/scale_transfer/boundary_scale_robustness_20260702_194653/combined_with_main_8seed_summary.csv,scenario=scale_num_uav2_2uav20gu_t250;kind=baseline;method=queue_aware;episode_seed_base=986000,986000,,64,64,64,codex/phase3-scenario-generalization,5da4c19abf148d92655d89a19a7319ec23d77b3c,ok,28.887874458916485,,,0.47454295253386686,,0.43033525608776735,,,,,14.668135396818766,35.337918032334976,586725409.1361445,0.9860625000000001,,0.296875,,0.296875,217.875,0.4745491438036511,,,,,,,,,,,,,,,,,,,Boundary cases combine original 3 seed bases with 5 extra seed bases.
phase3_boundary_scale_robustness,scale_num_uav2_2uav20gu_t250__baseline__observable_cluster_queue_aware__986000,evaluation seed row,scale_num_uav2_2uav20gu_t250,baseline,observable_cluster_queue_aware,non_learning_baseline,,,,configs/experiments/phase3_generalization/scale_num_uav2_2uav20gu_t250.yaml,,/home/sgy/workspace/sagin_marl/runs/phase3/scale_transfer/boundary_scale_robustness_20260702_194653,/home/sgy/workspace/sagin_marl/runs/phase3/scale_transfer/boundary_scale_robustness_20260702_194653/eval_seed986000/observable_cluster_queue_aware/scale_num_uav2_2uav20gu_t250,.local_guidance/phase3/data/boundary_scale_robustness_20260702_194653/combined_with_main_8seed_summary.csv,/home/sgy/workspace/sagin_marl/runs/phase3/scale_transfer/boundary_scale_robustness_20260702_194653/combined_with_main_8seed_summary.csv,scenario=scale_num_uav2_2uav20gu_t250;kind=baseline;method=observable_cluster_queue_aware;episode_seed_base=986000,986000,,64,64,64,codex/phase3-scenario-generalization,5da4c19abf148d92655d89a19a7319ec23d77b3c,ok,33.822848911513574,,,0.6032663009803578,,0.33532940074232337,,,,,12.74951204700108,24.521444096820108,509980475.816588,0.85315625,,0.03125,,0.03125,244.109375,0.6032657169002565,,,,,,,,,,,,,,,,,,,Boundary cases combine original 3 seed bases with 5 extra seed bases.
phase3_boundary_scale_robustness,scale_num_uav2_2uav20gu_t250__baseline__cluster_center_queue_aware__986000,evaluation seed row,scale_num_uav2_2uav20gu_t250,baseline,cluster_center_queue_aware,non_learning_baseline,,,,configs/experiments/phase3_generalization/scale_num_uav2_2uav20gu_t250.yaml,,/home/sgy/workspace/sagin_marl/runs/phase3/scale_transfer/boundary_scale_robustness_20260702_194653,/home/sgy/workspace/sagin_marl/runs/phase3/scale_transfer/boundary_scale_robustness_20260702_194653/eval_seed986000/cluster_center_queue_aware/scale_num_uav2_2uav20gu_t250,.local_guidance/phase3/data/boundary_scale_robustness_20260702_194653/combined_with_main_8seed_summary.csv,/home/sgy/workspace/sagin_marl/runs/phase3/scale_transfer/boundary_scale_robustness_20260702_194653/combined_with_main_8seed_summary.csv,scenario=scale_num_uav2_2uav20gu_t250;kind=baseline;method=cluster_center_queue_aware;episode_seed_base=986000,986000,,64,64,64,codex/phase3-scenario-generalization,5da4c19abf148d92655d89a19a7319ec23d77b3c,ok,36.42478412936907,,,0.7557951039259789,,0.20431066941748977,,,,,10.07245506619662,15.670644240625204,402898197.97887486,0.89515625,,0.0,,0.0,250.0,0.7571078686673847,,,,,,,,,,,,,,,,,,,Boundary cases combine original 3 seed bases with 5 extra seed bases.
phase3_boundary_scale_robustness,scale_num_uav2_2uav20gu_t250__baseline__maxweight_lyapunov__986000,evaluation seed row,scale_num_uav2_2uav20gu_t250,baseline,maxweight_lyapunov,non_learning_baseline,,,,configs/experiments/phase3_generalization/scale_num_uav2_2uav20gu_t250.yaml,,/home/sgy/workspace/sagin_marl/runs/phase3/scale_transfer/boundary_scale_robustness_20260702_194653,/home/sgy/workspace/sagin_marl/runs/phase3/scale_transfer/boundary_scale_robustness_20260702_194653/eval_seed986000/maxweight_lyapunov/scale_num_uav2_2uav20gu_t250,.local_guidance/phase3/data/boundary_scale_robustness_20260702_194653/combined_with_main_8seed_summary.csv,/home/sgy/workspace/sagin_marl/runs/phase3/scale_transfer/boundary_scale_robustness_20260702_194653/combined_with_main_8seed_summary.csv,scenario=scale_num_uav2_2uav20gu_t250;kind=baseline;method=maxweight_lyapunov;episode_seed_base=986000,986000,,64,64,64,codex/phase3-scenario-generalization,5da4c19abf148d92655d89a19a7319ec23d77b3c,ok,35.92549887311179,,,0.7285294294208287,,0.2248601665859165,,,,,11.590394673032685,18.334047793627715,463615781.4508125,0.98528125,,0.0,,0.0,250.0,0.728677306604346,,,,,,,,,,,,,,,,,,,Boundary cases combine original 3 seed bases with 5 extra seed bases.
phase3_boundary_scale_robustness,scale_num_uav2_2uav20gu_t250__baseline__dpp_resource_hybrid_native__986000,evaluation seed row,scale_num_uav2_2uav20gu_t250,baseline,dpp_resource_hybrid_native,non_learning_baseline,,,,configs/experiments/phase3_generalization/scale_num_uav2_2uav20gu_t250.yaml,,/home/sgy/workspace/sagin_marl/runs/phase3/scale_transfer/boundary_scale_robustness_20260702_194653,/home/sgy/workspace/sagin_marl/runs/phase3/scale_transfer/boundary_scale_robustness_20260702_194653/eval_seed986000/dpp_resource_hybrid_native/scale_num_uav2_2uav20gu_t250,.local_guidance/phase3/data/boundary_scale_robustness_20260702_194653/combined_with_main_8seed_summary.csv,/home/sgy/workspace/sagin_marl/runs/phase3/scale_transfer/boundary_scale_robustness_20260702_194653/combined_with_main_8seed_summary.csv,scenario=scale_num_uav2_2uav20gu_t250;kind=baseline;method=dpp_resource_hybrid_native;episode_seed_base=986000,986000,,64,64,64,codex/phase3-scenario-generalization,5da4c19abf148d92655d89a19a7319ec23d77b3c,ok,32.499799751560204,,,0.6781002865228221,,0.26095603334808676,,,,,14.236089426666494,24.823883569773287,569443570.4555624,0.89515625,,0.0,,0.0,250.0,0.6784058425295127,,,,,,,,,,,,,,,,,,,Boundary cases combine original 3 seed bases with 5 extra seed bases.
phase3_boundary_scale_robustness,scale_num_uav2_2uav20gu_t250__baseline__topology_dpp_native_bw_sat_cached__986000,evaluation seed row,scale_num_uav2_2uav20gu_t250,baseline,topology_dpp_native_bw_sat_cached,non_learning_baseline,,,,configs/experiments/phase3_generalization/scale_num_uav2_2uav20gu_t250.yaml,,/home/sgy/workspace/sagin_marl/runs/phase3/scale_transfer/boundary_scale_robustness_20260702_194653,/home/sgy/workspace/sagin_marl/runs/phase3/scale_transfer/boundary_scale_robustness_20260702_194653/eval_seed986000/topology_dpp_native_bw_sat_cached/scale_num_uav2_2uav20gu_t250,.local_guidance/phase3/data/boundary_scale_robustness_20260702_194653/combined_with_main_8seed_summary.csv,/home/sgy/workspace/sagin_marl/runs/phase3/scale_transfer/boundary_scale_robustness_20260702_194653/combined_with_main_8seed_summary.csv,scenario=scale_num_uav2_2uav20gu_t250;kind=baseline;method=topology_dpp_native_bw_sat_cached;episode_seed_base=986000,986000,,64,64,64,codex/phase3-scenario-generalization,5da4c19abf148d92655d89a19a7319ec23d77b3c,ok,32.49441229592776,,,0.6781729313893593,,0.26095603334808676,,,,,14.242099099099637,24.831665678199386,569683957.2755626,0.99159375,,0.0,,0.0,250.0,0.6784058425295127,,,,,,,,,,,,,,,,,,,Boundary cases combine original 3 seed bases with 5 extra seed bases.
phase3_boundary_scale_robustness,scale_num_uav2_2uav20gu_t250__baseline__full_topology_dpp_joint__986000,evaluation seed row,scale_num_uav2_2uav20gu_t250,baseline,full_topology_dpp_joint,non_learning_baseline,,,,configs/experiments/phase3_generalization/scale_num_uav2_2uav20gu_t250.yaml,,/home/sgy/workspace/sagin_marl/runs/phase3/scale_transfer/boundary_scale_robustness_20260702_194653,/home/sgy/workspace/sagin_marl/runs/phase3/scale_transfer/boundary_scale_robustness_20260702_194653/eval_seed986000/full_topology_dpp_joint/scale_num_uav2_2uav20gu_t250,.local_guidance/phase3/data/boundary_scale_robustness_20260702_194653/combined_with_main_8seed_summary.csv,/home/sgy/workspace/sagin_marl/runs/phase3/scale_transfer/boundary_scale_robustness_20260702_194653/combined_with_main_8seed_summary.csv,scenario=scale_num_uav2_2uav20gu_t250;kind=baseline;method=full_topology_dpp_joint;episode_seed_base=986000,986000,,64,64,64,codex/phase3-scenario-generalization,5da4c19abf148d92655d89a19a7319ec23d77b3c,ok,27.059629548806697,,,0.37866759595300403,,0.5285994033673145,,,,,18.311876022843602,54.17564049175486,732475032.3528013,0.99159375,,0.046875,,0.03125,243.78125,0.3786672407423716,,,,,,,,,,,,,,,,,,,Boundary cases combine original 3 seed bases with 5 extra seed bases.
phase3_boundary_scale_robustness,scale_num_gu30_3uav30gu_t250__learned__phase2_mc_seed45211_u400__987000,evaluation seed row,scale_num_gu30_3uav30gu_t250,learned,phase2_mc_seed45211_u400,learned_policy,45211,bootstrap_gae,400,configs/experiments/phase3_generalization/scale_num_gu30_3uav30gu_t250.yaml,/home/sgy/workspace/sagin_marl/runs/method_validation/horizon_fairness_mc_vs_bootstrap_threshold_u0_rep2_20260625_204118/mc_seed45211/checkpoint_update0400.pt,/home/sgy/workspace/sagin_marl/runs/phase3/scale_transfer/boundary_scale_robustness_20260702_194653,/home/sgy/workspace/sagin_marl/runs/phase3/scale_transfer/boundary_scale_robustness_20260702_194653/eval_seed987000/phase2_mc_seed45211_u400/scale_num_gu30_3uav30gu_t250,.local_guidance/phase3/data/boundary_scale_robustness_20260702_194653/combined_with_main_8seed_summary.csv,/home/sgy/workspace/sagin_marl/runs/phase3/scale_transfer/boundary_scale_robustness_20260702_194653/combined_with_main_8seed_summary.csv,scenario=scale_num_gu30_3uav30gu_t250;kind=learned;method=phase2_mc_seed45211_u400;episode_seed_base=987000,987000,,64,64,64,codex/phase3-scenario-generalization,5da4c19abf148d92655d89a19a7319ec23d77b3c,ok,40.881141334655695,,,0.6326825242396446,,0.3337105088078224,,,,,6.499577266257257,11.438247361175254,389974646.2287501,0.905791671894491,,0.0,,0.0,250.0,0.6455208432477395,,,,,,,,,,,,,,,,,,,Boundary cases combine original 3 seed bases with 5 extra seed bases.
phase3_boundary_scale_robustness,scale_num_gu30_3uav30gu_t250__learned__phase2_bootstrap_seed45211_u575__987000,evaluation seed row,scale_num_gu30_3uav30gu_t250,learned,phase2_bootstrap_seed45211_u575,learned_policy,45211,bootstrap_gae,575,configs/experiments/phase3_generalization/scale_num_gu30_3uav30gu_t250.yaml,/home/sgy/workspace/sagin_marl/runs/method_validation/horizon_fairness_mc_vs_bootstrap_threshold_u0_rep2_20260625_204118/bootstrap_seed45211/checkpoint_update0575.pt,/home/sgy/workspace/sagin_marl/runs/phase3/scale_transfer/boundary_scale_robustness_20260702_194653,/home/sgy/workspace/sagin_marl/runs/phase3/scale_transfer/boundary_scale_robustness_20260702_194653/eval_seed987000/phase2_bootstrap_seed45211_u575/scale_num_gu30_3uav30gu_t250,.local_guidance/phase3/data/boundary_scale_robustness_20260702_194653/combined_with_main_8seed_summary.csv,/home/sgy/workspace/sagin_marl/runs/phase3/scale_transfer/boundary_scale_robustness_20260702_194653/combined_with_main_8seed_summary.csv,scenario=scale_num_gu30_3uav30gu_t250;kind=learned;method=phase2_bootstrap_seed45211_u575;episode_seed_base=987000,987000,,64,64,64,codex/phase3-scenario-generalization,5da4c19abf148d92655d89a19a7319ec23d77b3c,ok,40.76444053219166,,,0.6572574872236729,,0.3213125905113196,,,,,5.703819771273004,10.280234748274317,342229194.5023593,0.7350766720960966,,0.015625,,0.015625,248.09375,0.6577950356836405,,,,,,,,,,,,,,,,,,,Boundary cases combine original 3 seed bases with 5 extra seed bases.
phase3_boundary_scale_robustness,scale_num_gu30_3uav30gu_t250__baseline__queue_aware__987000,evaluation seed row,scale_num_gu30_3uav30gu_t250,baseline,queue_aware,non_learning_baseline,,,,configs/experiments/phase3_generalization/scale_num_gu30_3uav30gu_t250.yaml,,/home/sgy/workspace/sagin_marl/runs/phase3/scale_transfer/boundary_scale_robustness_20260702_194653,/home/sgy/workspace/sagin_marl/runs/phase3/scale_transfer/boundary_scale_robustness_20260702_194653/eval_seed987000/queue_aware/scale_num_gu30_3uav30gu_t250,.local_guidance/phase3/data/boundary_scale_robustness_20260702_194653/combined_with_main_8seed_summary.csv,/home/sgy/workspace/sagin_marl/runs/phase3/scale_transfer/boundary_scale_robustness_20260702_194653/combined_with_main_8seed_summary.csv,scenario=scale_num_gu30_3uav30gu_t250;kind=baseline;method=queue_aware;episode_seed_base=987000,987000,,64,64,64,codex/phase3-scenario-generalization,5da4c19abf148d92655d89a19a7319ec23d77b3c,ok,21.298434599651955,,,0.34736206607785675,,0.5514159269563993,,,,,8.37621080980929,27.338278273048374,502572660.6903279,0.9711013546172049,,0.671875,,0.671875,162.515625,0.3475322430985927,,,,,,,,,,,,,,,,,,,Boundary cases combine original 3 seed bases with 5 extra seed bases.
phase3_boundary_scale_robustness,scale_num_gu30_3uav30gu_t250__baseline__observable_cluster_queue_aware__987000,evaluation seed row,scale_num_gu30_3uav30gu_t250,baseline,observable_cluster_queue_aware,non_learning_baseline,,,,configs/experiments/phase3_generalization/scale_num_gu30_3uav30gu_t250.yaml,,/home/sgy/workspace/sagin_marl/runs/phase3/scale_transfer/boundary_scale_robustness_20260702_194653,/home/sgy/workspace/sagin_marl/runs/phase3/scale_transfer/boundary_scale_robustness_20260702_194653/eval_seed987000/observable_cluster_queue_aware/scale_num_gu30_3uav30gu_t250,.local_guidance/phase3/data/boundary_scale_robustness_20260702_194653/combined_with_main_8seed_summary.csv,/home/sgy/workspace/sagin_marl/runs/phase3/scale_transfer/boundary_scale_robustness_20260702_194653/combined_with_main_8seed_summary.csv,scenario=scale_num_gu30_3uav30gu_t250;kind=baseline;method=observable_cluster_queue_aware;episode_seed_base=987000,987000,,64,64,64,codex/phase3-scenario-generalization,5da4c19abf148d92655d89a19a7319ec23d77b3c,ok,29.675217284471728,,,0.4430865618888083,,0.5036191624612857,,,,,7.304998340486768,19.013787882641665,438299911.0501841,0.8756807407673532,,0.28125,,0.28125,212.40625,0.44368732748499107,,,,,,,,,,,,,,,,,,,Boundary cases combine original 3 seed bases with 5 extra seed bases.
phase3_boundary_scale_robustness,scale_num_gu30_3uav30gu_t250__baseline__cluster_center_queue_aware__987000,evaluation seed row,scale_num_gu30_3uav30gu_t250,baseline,cluster_center_queue_aware,non_learning_baseline,,,,configs/experiments/phase3_generalization/scale_num_gu30_3uav30gu_t250.yaml,,/home/sgy/workspace/sagin_marl/runs/phase3/scale_transfer/boundary_scale_robustness_20260702_194653,/home/sgy/workspace/sagin_marl/runs/phase3/scale_transfer/boundary_scale_robustness_20260702_194653/eval_seed987000/cluster_center_queue_aware/scale_num_gu30_3uav30gu_t250,.local_guidance/phase3/data/boundary_scale_robustness_20260702_194653/combined_with_main_8seed_summary.csv,/home/sgy/workspace/sagin_marl/runs/phase3/scale_transfer/boundary_scale_robustness_20260702_194653/combined_with_main_8seed_summary.csv,scenario=scale_num_gu30_3uav30gu_t250;kind=baseline;method=cluster_center_queue_aware;episode_seed_base=987000,987000,,64,64,64,codex/phase3-scenario-generalization,5da4c19abf148d92655d89a19a7319ec23d77b3c,ok,39.63386818859726,,,0.6317167889685371,,0.33137612372359215,,,,,6.899056686412542,12.61368903010013,413943411.1666249,0.7511770903319123,,0.0,,0.0,250.0,0.6469193643021637,,,,,,,,,,,,,,,,,,,Boundary cases combine original 3 seed bases with 5 extra seed bases.
phase3_boundary_scale_robustness,scale_num_gu30_3uav30gu_t250__baseline__maxweight_lyapunov__987000,evaluation seed row,scale_num_gu30_3uav30gu_t250,baseline,maxweight_lyapunov,non_learning_baseline,,,,configs/experiments/phase3_generalization/scale_num_gu30_3uav30gu_t250.yaml,,/home/sgy/workspace/sagin_marl/runs/phase3/scale_transfer/boundary_scale_robustness_20260702_194653,/home/sgy/workspace/sagin_marl/runs/phase3/scale_transfer/boundary_scale_robustness_20260702_194653/eval_seed987000/maxweight_lyapunov/scale_num_gu30_3uav30gu_t250,.local_guidance/phase3/data/boundary_scale_robustness_20260702_194653/combined_with_main_8seed_summary.csv,/home/sgy/workspace/sagin_marl/runs/phase3/scale_transfer/boundary_scale_robustness_20260702_194653/combined_with_main_8seed_summary.csv,scenario=scale_num_gu30_3uav30gu_t250;kind=baseline;method=maxweight_lyapunov;episode_seed_base=987000,987000,,64,64,64,codex/phase3-scenario-generalization,5da4c19abf148d92655d89a19a7319ec23d77b3c,ok,37.747237002360635,,,0.5729727608505637,,0.3904476195996171,,,,,7.121619807639159,13.879478953715882,427297198.6958124,0.9696562517620625,,0.0,,0.0,250.0,0.5850554461226132,,,,,,,,,,,,,,,,,,,Boundary cases combine original 3 seed bases with 5 extra seed bases.
phase3_boundary_scale_robustness,scale_num_gu30_3uav30gu_t250__baseline__dpp_resource_hybrid_native__987000,evaluation seed row,scale_num_gu30_3uav30gu_t250,baseline,dpp_resource_hybrid_native,non_learning_baseline,,,,configs/experiments/phase3_generalization/scale_num_gu30_3uav30gu_t250.yaml,,/home/sgy/workspace/sagin_marl/runs/phase3/scale_transfer/boundary_scale_robustness_20260702_194653,/home/sgy/workspace/sagin_marl/runs/phase3/scale_transfer/boundary_scale_robustness_20260702_194653/eval_seed987000/dpp_resource_hybrid_native/scale_num_gu30_3uav30gu_t250,.local_guidance/phase3/data/boundary_scale_robustness_20260702_194653/combined_with_main_8seed_summary.csv,/home/sgy/workspace/sagin_marl/runs/phase3/scale_transfer/boundary_scale_robustness_20260702_194653/combined_with_main_8seed_summary.csv,scenario=scale_num_gu30_3uav30gu_t250;kind=baseline;method=dpp_resource_hybrid_native;episode_seed_base=987000,987000,,64,64,64,codex/phase3-scenario-generalization,5da4c19abf148d92655d89a19a7319ec23d77b3c,ok,34.59845200408017,,,0.6127590060855727,,0.3516982257646202,,,,,7.402044433474541,13.784105650715532,444122676.701625,0.7511770903319123,,0.0,,0.0,250.0,0.6223593390349642,,,,,,,,,,,,,,,,,,,Boundary cases combine original 3 seed bases with 5 extra seed bases.
phase3_boundary_scale_robustness,scale_num_gu30_3uav30gu_t250__baseline__topology_dpp_native_bw_sat_cached__987000,evaluation seed row,scale_num_gu30_3uav30gu_t250,baseline,topology_dpp_native_bw_sat_cached,non_learning_baseline,,,,configs/experiments/phase3_generalization/scale_num_gu30_3uav30gu_t250.yaml,,/home/sgy/workspace/sagin_marl/runs/phase3/scale_transfer/boundary_scale_robustness_20260702_194653,/home/sgy/workspace/sagin_marl/runs/phase3/scale_transfer/boundary_scale_robustness_20260702_194653/eval_seed987000/topology_dpp_native_bw_sat_cached/scale_num_gu30_3uav30gu_t250,.local_guidance/phase3/data/boundary_scale_robustness_20260702_194653/combined_with_main_8seed_summary.csv,/home/sgy/workspace/sagin_marl/runs/phase3/scale_transfer/boundary_scale_robustness_20260702_194653/combined_with_main_8seed_summary.csv,scenario=scale_num_gu30_3uav30gu_t250;kind=baseline;method=topology_dpp_native_bw_sat_cached;episode_seed_base=987000,987000,,64,64,64,codex/phase3-scenario-generalization,5da4c19abf148d92655d89a19a7319ec23d77b3c,ok,34.514903419825714,,,0.6158622032774146,,0.3544697268533825,,,,,8.891736523345111,17.482356742985544,533504203.96562475,0.6689479246158154,,0.0,,0.0,250.0,0.6223593390349642,,,,,,,,,,,,,,,,,,,Boundary cases combine original 3 seed bases with 5 extra seed bases.
phase3_boundary_scale_robustness,scale_num_gu30_3uav30gu_t250__baseline__full_topology_dpp_joint__987000,evaluation seed row,scale_num_gu30_3uav30gu_t250,baseline,full_topology_dpp_joint,non_learning_baseline,,,,configs/experiments/phase3_generalization/scale_num_gu30_3uav30gu_t250.yaml,,/home/sgy/workspace/sagin_marl/runs/phase3/scale_transfer/boundary_scale_robustness_20260702_194653,/home/sgy/workspace/sagin_marl/runs/phase3/scale_transfer/boundary_scale_robustness_20260702_194653/eval_seed987000/full_topology_dpp_joint/scale_num_gu30_3uav30gu_t250,.local_guidance/phase3/data/boundary_scale_robustness_20260702_194653/combined_with_main_8seed_summary.csv,/home/sgy/workspace/sagin_marl/runs/phase3/scale_transfer/boundary_scale_robustness_20260702_194653/combined_with_main_8seed_summary.csv,scenario=scale_num_gu30_3uav30gu_t250;kind=baseline;method=full_topology_dpp_joint;episode_seed_base=987000,987000,,64,64,64,codex/phase3-scenario-generalization,5da4c19abf148d92655d89a19a7319ec23d77b3c,ok,24.141764504718594,,,0.30035282896338167,,0.6166250711323017,,,,,9.948247088488234,38.68219988298299,596894839.428766,0.9815833337865771,,0.15625,,0.15625,215.859375,0.3005834898881691,,,,,,,,,,,,,,,,,,,Boundary cases combine original 3 seed bases with 5 extra seed bases.
phase3_boundary_scale_robustness,scale_num_uav2_2uav20gu_t250__learned__phase2_mc_seed45211_u400__987000,evaluation seed row,scale_num_uav2_2uav20gu_t250,learned,phase2_mc_seed45211_u400,learned_policy,45211,bootstrap_gae,400,configs/experiments/phase3_generalization/scale_num_uav2_2uav20gu_t250.yaml,/home/sgy/workspace/sagin_marl/runs/method_validation/horizon_fairness_mc_vs_bootstrap_threshold_u0_rep2_20260625_204118/mc_seed45211/checkpoint_update0400.pt,/home/sgy/workspace/sagin_marl/runs/phase3/scale_transfer/boundary_scale_robustness_20260702_194653,/home/sgy/workspace/sagin_marl/runs/phase3/scale_transfer/boundary_scale_robustness_20260702_194653/eval_seed987000/phase2_mc_seed45211_u400/scale_num_uav2_2uav20gu_t250,.local_guidance/phase3/data/boundary_scale_robustness_20260702_194653/combined_with_main_8seed_summary.csv,/home/sgy/workspace/sagin_marl/runs/phase3/scale_transfer/boundary_scale_robustness_20260702_194653/combined_with_main_8seed_summary.csv,scenario=scale_num_uav2_2uav20gu_t250;kind=learned;method=phase2_mc_seed45211_u400;episode_seed_base=987000,987000,,64,64,64,codex/phase3-scenario-generalization,5da4c19abf148d92655d89a19a7319ec23d77b3c,ok,37.654259605449624,,,0.6828303880025633,,0.2712094443863718,,,,,10.438991184458137,18.639816611448303,417559642.48331255,0.8652187499999997,,0.0,,0.0,250.0,0.6828460297044157,,,,,,,,,,,,,,,,,,,Boundary cases combine original 3 seed bases with 5 extra seed bases.
phase3_boundary_scale_robustness,scale_num_uav2_2uav20gu_t250__learned__phase2_bootstrap_seed45211_u575__987000,evaluation seed row,scale_num_uav2_2uav20gu_t250,learned,phase2_bootstrap_seed45211_u575,learned_policy,45211,bootstrap_gae,575,configs/experiments/phase3_generalization/scale_num_uav2_2uav20gu_t250.yaml,/home/sgy/workspace/sagin_marl/runs/method_validation/horizon_fairness_mc_vs_bootstrap_threshold_u0_rep2_20260625_204118/bootstrap_seed45211/checkpoint_update0575.pt,/home/sgy/workspace/sagin_marl/runs/phase3/scale_transfer/boundary_scale_robustness_20260702_194653,/home/sgy/workspace/sagin_marl/runs/phase3/scale_transfer/boundary_scale_robustness_20260702_194653/eval_seed987000/phase2_bootstrap_seed45211_u575/scale_num_uav2_2uav20gu_t250,.local_guidance/phase3/data/boundary_scale_robustness_20260702_194653/combined_with_main_8seed_summary.csv,/home/sgy/workspace/sagin_marl/runs/phase3/scale_transfer/boundary_scale_robustness_20260702_194653/combined_with_main_8seed_summary.csv,scenario=scale_num_uav2_2uav20gu_t250;kind=learned;method=phase2_bootstrap_seed45211_u575;episode_seed_base=987000,987000,,64,64,64,codex/phase3-scenario-generalization,5da4c19abf148d92655d89a19a7319ec23d77b3c,ok,37.23754594149068,,,0.6792033340795897,,0.2744111468892511,,,,,10.62806992931944,19.19700675022602,425122792.16087496,0.7669687499999999,,0.0,,0.0,250.0,0.6792210795206963,,,,,,,,,,,,,,,,,,,Boundary cases combine original 3 seed bases with 5 extra seed bases.
phase3_boundary_scale_robustness,scale_num_uav2_2uav20gu_t250__baseline__queue_aware__987000,evaluation seed row,scale_num_uav2_2uav20gu_t250,baseline,queue_aware,non_learning_baseline,,,,configs/experiments/phase3_generalization/scale_num_uav2_2uav20gu_t250.yaml,,/home/sgy/workspace/sagin_marl/runs/phase3/scale_transfer/boundary_scale_robustness_20260702_194653,/home/sgy/workspace/sagin_marl/runs/phase3/scale_transfer/boundary_scale_robustness_20260702_194653/eval_seed987000/queue_aware/scale_num_uav2_2uav20gu_t250,.local_guidance/phase3/data/boundary_scale_robustness_20260702_194653/combined_with_main_8seed_summary.csv,/home/sgy/workspace/sagin_marl/runs/phase3/scale_transfer/boundary_scale_robustness_20260702_194653/combined_with_main_8seed_summary.csv,scenario=scale_num_uav2_2uav20gu_t250;kind=baseline;method=queue_aware;episode_seed_base=987000,987000,,64,64,64,codex/phase3-scenario-generalization,5da4c19abf148d92655d89a19a7319ec23d77b3c,ok,27.28287841519341,,,0.4850549496017563,,0.3999000858977302,,,,,13.936858536143578,32.78003064791734,557474334.9906664,0.9888149801587302,,0.34375,,0.34375,203.703125,0.4850677107403314,,,,,,,,,,,,,,,,,,,Boundary cases combine original 3 seed bases with 5 extra seed bases.
phase3_boundary_scale_robustness,scale_num_uav2_2uav20gu_t250__baseline__observable_cluster_queue_aware__987000,evaluation seed row,scale_num_uav2_2uav20gu_t250,baseline,observable_cluster_queue_aware,non_learning_baseline,,,,configs/experiments/phase3_generalization/scale_num_uav2_2uav20gu_t250.yaml,,/home/sgy/workspace/sagin_marl/runs/phase3/scale_transfer/boundary_scale_robustness_20260702_194653,/home/sgy/workspace/sagin_marl/runs/phase3/scale_transfer/boundary_scale_robustness_20260702_194653/eval_seed987000/observable_cluster_queue_aware/scale_num_uav2_2uav20gu_t250,.local_guidance/phase3/data/boundary_scale_robustness_20260702_194653/combined_with_main_8seed_summary.csv,/home/sgy/workspace/sagin_marl/runs/phase3/scale_transfer/boundary_scale_robustness_20260702_194653/combined_with_main_8seed_summary.csv,scenario=scale_num_uav2_2uav20gu_t250;kind=baseline;method=observable_cluster_queue_aware;episode_seed_base=987000,987000,,64,64,64,codex/phase3-scenario-generalization,5da4c19abf148d92655d89a19a7319ec23d77b3c,ok,33.9250093807932,,,0.6312311707814291,,0.30756324040946503,,,,,12.431776480245775,22.88500490745091,497271053.589407,0.87415625,,0.046875,,0.046875,242.71875,0.6312311696858931,,,,,,,,,,,,,,,,,,,Boundary cases combine original 3 seed bases with 5 extra seed bases.
phase3_boundary_scale_robustness,scale_num_uav2_2uav20gu_t250__baseline__cluster_center_queue_aware__987000,evaluation seed row,scale_num_uav2_2uav20gu_t250,baseline,cluster_center_queue_aware,non_learning_baseline,,,,configs/experiments/phase3_generalization/scale_num_uav2_2uav20gu_t250.yaml,,/home/sgy/workspace/sagin_marl/runs/phase3/scale_transfer/boundary_scale_robustness_20260702_194653,/home/sgy/workspace/sagin_marl/runs/phase3/scale_transfer/boundary_scale_robustness_20260702_194653/eval_seed987000/cluster_center_queue_aware/scale_num_uav2_2uav20gu_t250,.local_guidance/phase3/data/boundary_scale_robustness_20260702_194653/combined_with_main_8seed_summary.csv,/home/sgy/workspace/sagin_marl/runs/phase3/scale_transfer/boundary_scale_robustness_20260702_194653/combined_with_main_8seed_summary.csv,scenario=scale_num_uav2_2uav20gu_t250;kind=baseline;method=cluster_center_queue_aware;episode_seed_base=987000,987000,,64,64,64,codex/phase3-scenario-generalization,5da4c19abf148d92655d89a19a7319ec23d77b3c,ok,36.699928959365934,,,0.7584005843625639,,0.20217561806840842,,,,,9.795580560670235,15.368178095573558,391823217.8249375,0.8812812499999999,,0.0,,0.0,250.0,0.759102932887358,,,,,,,,,,,,,,,,,,,Boundary cases combine original 3 seed bases with 5 extra seed bases.
phase3_boundary_scale_robustness,scale_num_uav2_2uav20gu_t250__baseline__maxweight_lyapunov__987000,evaluation seed row,scale_num_uav2_2uav20gu_t250,baseline,maxweight_lyapunov,non_learning_baseline,,,,configs/experiments/phase3_generalization/scale_num_uav2_2uav20gu_t250.yaml,,/home/sgy/workspace/sagin_marl/runs/phase3/scale_transfer/boundary_scale_robustness_20260702_194653,/home/sgy/workspace/sagin_marl/runs/phase3/scale_transfer/boundary_scale_robustness_20260702_194653/eval_seed987000/maxweight_lyapunov/scale_num_uav2_2uav20gu_t250,.local_guidance/phase3/data/boundary_scale_robustness_20260702_194653/combined_with_main_8seed_summary.csv,/home/sgy/workspace/sagin_marl/runs/phase3/scale_transfer/boundary_scale_robustness_20260702_194653/combined_with_main_8seed_summary.csv,scenario=scale_num_uav2_2uav20gu_t250;kind=baseline;method=maxweight_lyapunov;episode_seed_base=987000,987000,,64,64,64,codex/phase3-scenario-generalization,5da4c19abf148d92655d89a19a7319ec23d77b3c,ok,36.13810461992398,,,0.7201417096839284,,0.2311206860021166,,,,,11.463754853732887,18.562412811863236,458550188.7969374,0.9894062499999997,,0.0,,0.0,250.0,0.7201821781772646,,,,,,,,,,,,,,,,,,,Boundary cases combine original 3 seed bases with 5 extra seed bases.
phase3_boundary_scale_robustness,scale_num_uav2_2uav20gu_t250__baseline__dpp_resource_hybrid_native__987000,evaluation seed row,scale_num_uav2_2uav20gu_t250,baseline,dpp_resource_hybrid_native,non_learning_baseline,,,,configs/experiments/phase3_generalization/scale_num_uav2_2uav20gu_t250.yaml,,/home/sgy/workspace/sagin_marl/runs/phase3/scale_transfer/boundary_scale_robustness_20260702_194653,/home/sgy/workspace/sagin_marl/runs/phase3/scale_transfer/boundary_scale_robustness_20260702_194653/eval_seed987000/dpp_resource_hybrid_native/scale_num_uav2_2uav20gu_t250,.local_guidance/phase3/data/boundary_scale_robustness_20260702_194653/combined_with_main_8seed_summary.csv,/home/sgy/workspace/sagin_marl/runs/phase3/scale_transfer/boundary_scale_robustness_20260702_194653/combined_with_main_8seed_summary.csv,scenario=scale_num_uav2_2uav20gu_t250;kind=baseline;method=dpp_resource_hybrid_native;episode_seed_base=987000,987000,,64,64,64,codex/phase3-scenario-generalization,5da4c19abf148d92655d89a19a7319ec23d77b3c,ok,32.740169702039566,,,0.6758135536690241,,0.2653393066928072,,,,,13.742411133360116,23.90942668533698,549696438.976,0.8812812499999999,,0.0,,0.0,250.0,0.6758420510529626,,,,,,,,,,,,,,,,,,,Boundary cases combine original 3 seed bases with 5 extra seed bases.
phase3_boundary_scale_robustness,scale_num_uav2_2uav20gu_t250__baseline__topology_dpp_native_bw_sat_cached__987000,evaluation seed row,scale_num_uav2_2uav20gu_t250,baseline,topology_dpp_native_bw_sat_cached,non_learning_baseline,,,,configs/experiments/phase3_generalization/scale_num_uav2_2uav20gu_t250.yaml,,/home/sgy/workspace/sagin_marl/runs/phase3/scale_transfer/boundary_scale_robustness_20260702_194653,/home/sgy/workspace/sagin_marl/runs/phase3/scale_transfer/boundary_scale_robustness_20260702_194653/eval_seed987000/topology_dpp_native_bw_sat_cached/scale_num_uav2_2uav20gu_t250,.local_guidance/phase3/data/boundary_scale_robustness_20260702_194653/combined_with_main_8seed_summary.csv,/home/sgy/workspace/sagin_marl/runs/phase3/scale_transfer/boundary_scale_robustness_20260702_194653/combined_with_main_8seed_summary.csv,scenario=scale_num_uav2_2uav20gu_t250;kind=baseline;method=topology_dpp_native_bw_sat_cached;episode_seed_base=987000,987000,,64,64,64,codex/phase3-scenario-generalization,5da4c19abf148d92655d89a19a7319ec23d77b3c,ok,32.73387559055118,,,0.675813555455068,,0.2653393066928072,,,,,13.750598253529512,23.922639673177155,550023923.8259999,1.0,,0.0,,0.0,250.0,0.6758420510529626,,,,,,,,,,,,,,,,,,,Boundary cases combine original 3 seed bases with 5 extra seed bases.
phase3_boundary_scale_robustness,scale_num_uav2_2uav20gu_t250__baseline__full_topology_dpp_joint__987000,evaluation seed row,scale_num_uav2_2uav20gu_t250,baseline,full_topology_dpp_joint,non_learning_baseline,,,,configs/experiments/phase3_generalization/scale_num_uav2_2uav20gu_t250.yaml,,/home/sgy/workspace/sagin_marl/runs/phase3/scale_transfer/boundary_scale_robustness_20260702_194653,/home/sgy/workspace/sagin_marl/runs/phase3/scale_transfer/boundary_scale_robustness_20260702_194653/eval_seed987000/full_topology_dpp_joint/scale_num_uav2_2uav20gu_t250,.local_guidance/phase3/data/boundary_scale_robustness_20260702_194653/combined_with_main_8seed_summary.csv,/home/sgy/workspace/sagin_marl/runs/phase3/scale_transfer/boundary_scale_robustness_20260702_194653/combined_with_main_8seed_summary.csv,scenario=scale_num_uav2_2uav20gu_t250;kind=baseline;method=full_topology_dpp_joint;episode_seed_base=987000,987000,,64,64,64,codex/phase3-scenario-generalization,5da4c19abf148d92655d89a19a7319ec23d77b3c,ok,25.649967620091047,,,0.4050511359362623,,0.46665504466192786,,,,,16.914429553348846,49.294311403929406,676577173.90273,1.0,,0.109375,,0.109375,225.703125,0.40504993008698065,,,,,,,,,,,,,,,,,,,Boundary cases combine original 3 seed bases with 5 extra seed bases.
