update,checkpoint_suffix,episodes,reward_sum,bw_weighted_workload_delta_sum,bw_weighted_workload_level_sum,processed_ratio_eval,drop_ratio_eval,pre_backlog_steps_eval,D_sys_report,x_acc_mean,x_rel_mean,g_pre_mean,d_pre_mean,sat_overlap_eval,collision_episode_fraction,fixed_reward_sum,fixed_bw_weighted_workload_delta_sum,fixed_bw_weighted_workload_level_sum,fixed_processed_ratio_eval,fixed_drop_ratio_eval,fixed_pre_backlog_steps_eval,fixed_D_sys_report,fixed_x_acc_mean,fixed_x_rel_mean,fixed_g_pre_mean,fixed_d_pre_mean,fixed_sat_overlap_eval,fixed_collision_episode_fraction,processed_improved,drop_improved,pre_backlog_improved,model_improved,quality_worsened,quality_worse_streak,reward_improved,reward_plateau_streak,collision_gate_passed,quality_early_stop_triggered,reward_early_stop_triggered,early_stop_triggered,method,training_seed,run_label
25,u0025,32.0,31.37455222918652,4575.6535137444735,-371402.222492069,0.233480514999479,0.5195105977701752,46.84355031158776,384.509682535976,0.5175519448746928,0.233480514999479,0.2470110852545531,0.5195105977701752,0.9803333336263896,0.0,32.28481280198321,4519.661455526948,-536593.7463573217,0.4382092664586379,0.4818575640312129,16.5631901928708,42.87186867591738,0.4609209599024616,0.4382092664586379,0.0799353992464774,0.4818575640312129,1.0,0.0,1.0,1.0,1.0,1.0,0.0,0.0,1.0,0.0,1.0,0.0,0.0,0.0,STARS,10331,stability_10seeds_20260714__relational_critic__seed10331_20260714_043107_bootstrapgae_nocompile
50,u0050,32.0,33.309123267419636,4529.518776103854,-202600.15951399505,0.5007151319616671,0.4184774940290648,29.96690797490503,156.97591365797498,0.5320707772311084,0.5007151319616671,0.0808094656801854,0.4184774940290648,0.9472868645678094,0.03125,32.28481280198321,4519.661455526948,-536593.7463573217,0.4382092664586379,0.4818575640312129,16.5631901928708,42.87186867591738,0.4609209599024616,0.4382092664586379,0.0799353992464774,0.4818575640312129,1.0,0.0,1.0,1.0,1.0,0.0,0.0,0.0,1.0,0.0,1.0,0.0,0.0,0.0,STARS,10331,stability_10seeds_20260714__relational_critic__seed10331_20260714_043107_bootstrapgae_nocompile
75,u0075,32.0,33.95475322660059,4608.883041992784,-178878.69231945276,0.497528943059966,0.3851602189307014,37.718713898509726,96.76627866303178,0.584879034133628,0.497528943059966,0.1173130687133115,0.3851602189307014,0.8707083560489117,0.0,32.28481280198321,4519.661455526948,-536593.7463573217,0.4382092664586379,0.4818575640312129,16.5631901928708,42.87186867591738,0.4609209599024616,0.4382092664586379,0.0799353992464774,0.4818575640312129,1.0,0.0,1.0,1.0,1.0,1.0,0.0,0.0,1.0,0.0,1.0,0.0,0.0,0.0,STARS,10331,stability_10seeds_20260714__relational_critic__seed10331_20260714_043107_bootstrapgae_nocompile
100,u0100,32.0,37.2267592549324,4375.5032038241625,-90234.50778982045,0.657925177282421,0.2875575280602477,14.72039313033968,35.75407154537737,0.6676295499149713,0.657925177282421,0.054519531676241,0.2875575280602477,0.6500833478104322,0.0,32.28481280198321,4519.661455526948,-536593.7463573217,0.4382092664586379,0.4818575640312129,16.5631901928708,42.87186867591738,0.4609209599024616,0.4382092664586379,0.0799353992464774,0.4818575640312129,1.0,0.0,1.0,1.0,1.0,1.0,0.0,0.0,1.0,0.0,1.0,0.0,0.0,0.0,STARS,10331,stability_10seeds_20260714__relational_critic__seed10331_20260714_043107_bootstrapgae_nocompile
125,u0125,32.0,38.78819508920424,4085.3783390671015,-65994.65722873807,0.7173514786497691,0.1903353711855234,19.09718302471563,39.56743048366904,0.7899076037481427,0.7173514786497691,0.0923153768625998,0.1903353711855234,0.6517395995873958,0.0,32.28481280198321,4519.661455526948,-536593.7463573217,0.4382092664586379,0.4818575640312129,16.5631901928708,42.87186867591738,0.4609209599024616,0.4382092664586379,0.0799353992464774,0.4818575640312129,1.0,0.0,1.0,1.0,0.0,0.0,0.0,0.0,1.0,0.0,1.0,0.0,0.0,0.0,STARS,10331,stability_10seeds_20260714__relational_critic__seed10331_20260714_043107_bootstrapgae_nocompile
150,u0150,32.0,43.93498141923919,3922.952321261167,-35863.9642457366,0.8490990573577583,0.1017576360086909,9.533323147127405,18.075247953563927,0.8733577377609909,0.8490990573577583,0.0491455249046539,0.1017576360086909,0.528354179898277,0.0,32.28481280198321,4519.661455526948,-536593.7463573217,0.4382092664586379,0.4818575640312129,16.5631901928708,42.87186867591738,0.4609209599024616,0.4382092664586379,0.0799353992464774,0.4818575640312129,1.0,0.0,1.0,1.0,1.0,1.0,0.0,0.0,1.0,0.0,1.0,0.0,0.0,0.0,STARS,10331,stability_10seeds_20260714__relational_critic__seed10331_20260714_043107_bootstrapgae_nocompile
175,u0175,32.0,47.99482211191207,3753.14684446156,-27334.10307954997,0.8936812587003224,0.0700270493136431,7.227713909387588,11.47574316928163,0.9098545976057648,0.8936812587003224,0.0362939296112344,0.0700270493136431,0.6572083551771939,0.0,32.28481280198321,4519.661455526948,-536593.7463573217,0.4382092664586379,0.4818575640312129,16.5631901928708,42.87186867591738,0.4609209599024616,0.4382092664586379,0.0799353992464774,0.4818575640312129,1.0,0.0,1.0,1.0,1.0,1.0,0.0,0.0,1.0,0.0,1.0,0.0,0.0,0.0,STARS,10331,stability_10seeds_20260714__relational_critic__seed10331_20260714_043107_bootstrapgae_nocompile
200,u0200,32.0,48.555593023542315,3858.502753958106,-29911.12415933609,0.8904663599431515,0.0777711950761058,6.831962858598679,9.990647329870608,0.9019260874986648,0.8904663599431515,0.0317646761613487,0.0777711950761058,0.6332083524670451,0.0,32.28481280198321,4519.661455526948,-536593.7463573217,0.4382092664586379,0.4818575640312129,16.5631901928708,42.87186867591738,0.4609209599024616,0.4382092664586379,0.0799353992464774,0.4818575640312129,1.0,0.0,0.0,0.0,1.0,1.0,0.0,0.0,1.0,0.0,1.0,0.0,0.0,0.0,STARS,10331,stability_10seeds_20260714__relational_critic__seed10331_20260714_043107_bootstrapgae_nocompile
225,u0225,32.0,51.83007223252207,3774.925079107285,-25898.88067456335,0.9116996335331352,0.0645540241308501,5.896566321394872,8.449038442798425,0.9172806920763108,0.9116996335331352,0.0237485860578599,0.0645540241308501,0.691802104083821,0.0,32.28481280198321,4519.661455526948,-536593.7463573217,0.4382092664586379,0.4818575640312129,16.5631901928708,42.87186867591738,0.4609209599024616,0.4382092664586379,0.0799353992464774,0.4818575640312129,1.0,0.0,1.0,1.0,1.0,1.0,0.0,0.0,1.0,0.0,1.0,0.0,0.0,0.0,STARS,10331,stability_10seeds_20260714__relational_critic__seed10331_20260714_043107_bootstrapgae_nocompile
250,u0250,32.0,51.793468120507896,3794.084082379937,-26198.75145270326,0.9096667946558448,0.0653786879913368,6.101540218409383,8.623057660693245,0.9164649274535476,0.9096667946558448,0.0249567527369799,0.0653786879913368,0.6956354360412808,0.0,32.28481280198321,4519.661455526948,-536593.7463573217,0.4382092664586379,0.4818575640312129,16.5631901928708,42.87186867591738,0.4609209599024616,0.4382092664586379,0.0799353992464774,0.4818575640312129,1.0,0.0,0.0,0.0,0.0,0.0,0.0,0.0,0.0,0.0,1.0,0.0,0.0,0.0,STARS,10331,stability_10seeds_20260714__relational_critic__seed10331_20260714_043107_bootstrapgae_nocompile
275,u0275,32.0,54.58629522146657,3746.440689340234,-24284.56199998688,0.917134674826637,0.0613516129415365,5.635091286404495,7.8078667658470975,0.9218017824646084,0.917134674826637,0.0215159557274412,0.0613516129415365,0.7209896066933869,0.0,32.28481280198321,4519.661455526948,-536593.7463573217,0.4382092664586379,0.4818575640312129,16.5631901928708,42.87186867591738,0.4609209599024616,0.4382092664586379,0.0799353992464774,0.4818575640312129,1.0,0.0,1.0,1.0,0.0,1.0,0.0,0.0,1.0,0.0,1.0,0.0,0.0,0.0,STARS,10331,stability_10seeds_20260714__relational_critic__seed10331_20260714_043107_bootstrapgae_nocompile
300,u0300,32.0,55.44455191399902,3785.819474369287,-27227.1883985295,0.912894309692085,0.0659927539822831,5.626387542845493,7.920018701606481,0.9156883998531846,0.912894309692085,0.0211151676891507,0.0659927539822831,0.7131875225063415,0.0,32.28481280198321,4519.661455526948,-536593.7463573217,0.4382092664586379,0.4818575640312129,16.5631901928708,42.87186867591738,0.4609209599024616,0.4382092664586379,0.0799353992464774,0.4818575640312129,1.0,0.0,0.0,0.0,0.0,1.0,0.0,0.0,1.0,0.0,1.0,0.0,0.0,0.0,STARS,10331,stability_10seeds_20260714__relational_critic__seed10331_20260714_043107_bootstrapgae_nocompile
325,u0325,32.0,57.55877107894048,3725.737887948751,-24345.031958047533,0.9216543052084744,0.059382619892915,5.483801858912994,7.508550547087974,0.9247077052406968,0.9216543052084744,0.0189652947110053,0.059382619892915,0.731854190669954,0.0,32.28481280198321,4519.661455526948,-536593.7463573217,0.4382092664586379,0.4818575640312129,16.5631901928708,42.87186867591738,0.4609209599024616,0.4382092664586379,0.0799353992464774,0.4818575640312129,1.0,0.0,1.0,1.0,0.0,1.0,0.0,0.0,1.0,0.0,1.0,0.0,0.0,0.0,STARS,10331,stability_10seeds_20260714__relational_critic__seed10331_20260714_043107_bootstrapgae_nocompile
350,u0350,32.0,57.882473608944565,3663.972187295556,-22225.913099658967,0.928285280045122,0.0544536599247089,5.378122614270745,7.140946925772063,0.9295161395911128,0.928285280045122,0.0172632929662712,0.0544536599247089,0.6809271028470247,0.0,32.28481280198321,4519.661455526948,-536593.7463573217,0.4382092664586379,0.4818575640312129,16.5631901928708,42.87186867591738,0.4609209599024616,0.4382092664586379,0.0799353992464774,0.4818575640312129,1.0,0.0,1.0,1.0,0.0,1.0,0.0,0.0,1.0,0.0,1.0,0.0,0.0,0.0,STARS,10331,stability_10seeds_20260714__relational_critic__seed10331_20260714_043107_bootstrapgae_nocompile
375,u0375,32.0,58.15919920941815,3700.095949038863,-23218.99584556125,0.9274459920227528,0.0540291783055472,5.533370336308997,7.358585995468835,0.9297792861163616,0.9274459920227528,0.0185270521728466,0.0540291783055472,0.713343766754493,0.0,32.28481280198321,4519.661455526948,-536593.7463573217,0.4382092664586379,0.4818575640312129,16.5631901928708,42.87186867591738,0.4609209599024616,0.4382092664586379,0.0799353992464774,0.4818575640312129,1.0,0.0,0.0,0.0,0.0,1.0,0.0,0.0,0.0,1.0,1.0,0.0,0.0,0.0,STARS,10331,stability_10seeds_20260714__relational_critic__seed10331_20260714_043107_bootstrapgae_nocompile
400,u0400,32.0,59.101303671253845,3701.4610335081816,-24622.09330524663,0.9251892803236842,0.0572840514516028,5.6817166957459255,7.645590224800856,0.9269226820729676,0.9251892803236842,0.0175289140765415,0.0572840514516028,0.7480833495464176,0.0,32.28481280198321,4519.661455526948,-536593.7463573217,0.4382092664586379,0.4818575640312129,16.5631901928708,42.87186867591738,0.4609209599024616,0.4382092664586379,0.0799353992464774,0.4818575640312129,1.0,0.0,0.0,0.0,0.0,1.0,0.0,0.0,1.0,0.0,1.0,0.0,0.0,0.0,STARS,10331,stability_10seeds_20260714__relational_critic__seed10331_20260714_043107_bootstrapgae_nocompile
425,u0425,32.0,60.44493439607322,3671.443395525217,-22303.032930006462,0.9301195152141152,0.0514744360501354,5.8127657590909445,7.690680461084165,0.9326989848744124,0.9301195152141152,0.0184082874048309,0.0514744360501354,0.7462500171791764,0.0,32.28481280198321,4519.661455526948,-536593.7463573217,0.4382092664586379,0.4818575640312129,16.5631901928708,42.87186867591738,0.4609209599024616,0.4382092664586379,0.0799353992464774,0.4818575640312129,1.0,0.0,1.0,1.0,0.0,1.0,0.0,0.0,1.0,0.0,1.0,0.0,0.0,0.0,STARS,10331,stability_10seeds_20260714__relational_critic__seed10331_20260714_043107_bootstrapgae_nocompile
450,u0450,32.0,60.75946524483152,3701.166760250926,-25300.66671724859,0.9240253925994036,0.0583336923307115,5.636976187769532,7.697596280014146,0.926122962454334,0.9240253925994036,0.0176431355054701,0.0583336923307115,0.737145850976929,0.0,32.28481280198321,4519.661455526948,-536593.7463573217,0.4382092664586379,0.4818575640312129,16.5631901928708,42.87186867591738,0.4609209599024616,0.4382092664586379,0.0799353992464774,0.4818575640312129,1.0,0.0,0.0,0.0,0.0,1.0,0.0,0.0,1.0,0.0,1.0,0.0,0.0,0.0,STARS,10331,stability_10seeds_20260714__relational_critic__seed10331_20260714_043107_bootstrapgae_nocompile
475,u0475,32.0,60.15746872359887,3680.659147411585,-22789.559514412773,0.9273697468731554,0.0534843756110851,5.843945968160758,7.765073114127085,0.9302373228166252,0.9273697468731554,0.0191481002539476,0.0534843756110851,0.7495416851360353,0.0,32.28481280198321,4519.661455526948,-536593.7463573217,0.4382092664586379,0.4818575640312129,16.5631901928708,42.87186867591738,0.4609209599024616,0.4382092664586379,0.0799353992464774,0.4818575640312129,1.0,0.0,1.0,1.0,0.0,0.0,0.0,0.0,0.0,1.0,1.0,0.0,0.0,0.0,STARS,10331,stability_10seeds_20260714__relational_critic__seed10331_20260714_043107_bootstrapgae_nocompile
500,u0500,32.0,61.425332826096565,3674.7735577970743,-22601.97695092541,0.9306808818243444,0.0510710048304363,5.625024389030143,7.482559186736766,0.9332412478793412,0.9306808818243444,0.0182503335796454,0.0510710048304363,0.7295833517313005,0.0,32.28481280198321,4519.661455526948,-536593.7463573217,0.4382092664586379,0.4818575640312129,16.5631901928708,42.87186867591738,0.4609209599024616,0.4382092664586379,0.0799353992464774,0.4818575640312129,1.0,0.0,1.0,1.0,0.0,1.0,0.0,0.0,1.0,0.0,1.0,0.0,0.0,0.0,STARS,10331,stability_10seeds_20260714__relational_critic__seed10331_20260714_043107_bootstrapgae_nocompile
525,u0525,32.0,61.673018692526966,3685.065790936351,-22909.230387677988,0.9286264375764872,0.0527645689092478,5.867555198012366,7.837880720530832,0.9314052654448896,0.9286264375764872,0.0186112149040468,0.0527645689092478,0.7204583532698452,0.0,32.28481280198321,4519.661455526948,-536593.7463573217,0.4382092664586379,0.4818575640312129,16.5631901928708,42.87186867591738,0.4609209599024616,0.4382092664586379,0.0799353992464774,0.4818575640312129,1.0,0.0,0.0,0.0,0.0,1.0,0.0,0.0,0.0,1.0,1.0,0.0,0.0,0.0,STARS,10331,stability_10seeds_20260714__relational_critic__seed10331_20260714_043107_bootstrapgae_nocompile
550,u0550,32.0,60.1541466624476,3708.3844815939665,-26522.821652138093,0.9214299895893782,0.058083358383491,6.579211764236344,8.824241593306365,0.9241726253703236,0.9214299895893782,0.0204888872390789,0.058083358383491,0.7122291857376695,0.0,32.28481280198321,4519.661455526948,-536593.7463573217,0.4382092664586379,0.4818575640312129,16.5631901928708,42.87186867591738,0.4609209599024616,0.4382092664586379,0.0799353992464774,0.4818575640312129,1.0,0.0,0.0,0.0,0.0,0.0,1.0,1.0,0.0,2.0,1.0,0.0,0.0,0.0,STARS,10331,stability_10seeds_20260714__relational_critic__seed10331_20260714_043107_bootstrapgae_nocompile
575,u0575,32.0,61.52332008210942,3686.0737906247377,-23978.43097168943,0.9263829183634372,0.0540471315992842,6.575213163112092,8.759290932976205,0.9307198883015664,0.9263829183634372,0.0195721773261672,0.0540471315992842,0.7092916857209058,0.0,32.28481280198321,4519.661455526948,-536593.7463573217,0.4382092664586379,0.4818575640312129,16.5631901928708,42.87186867591738,0.4609209599024616,0.4382092664586379,0.0799353992464774,0.4818575640312129,1.0,0.0,0.0,0.0,0.0,0.0,0.0,0.0,0.0,3.0,1.0,0.0,0.0,0.0,STARS,10331,stability_10seeds_20260714__relational_critic__seed10331_20260714_043107_bootstrapgae_nocompile
600,u0600,32.0,63.057331941556185,3660.046821400523,-23173.07648582862,0.9274547803979364,0.0546858118254126,5.912118628730731,7.927593880141892,0.9300614508297296,0.9274547803979364,0.0178616417944372,0.0546858118254126,0.7014687672629953,0.0,32.28481280198321,4519.661455526948,-536593.7463573217,0.4382092664586379,0.4818575640312129,16.5631901928708,42.87186867591738,0.4609209599024616,0.4382092664586379,0.0799353992464774,0.4818575640312129,1.0,0.0,0.0,0.0,0.0,1.0,0.0,0.0,1.0,0.0,1.0,0.0,0.0,0.0,STARS,10331,stability_10seeds_20260714__relational_critic__seed10331_20260714_043107_bootstrapgae_nocompile
625,u0625,32.0,62.4047365821898,3677.0799307972193,-23816.350996260335,0.9259477103482934,0.0529009879413679,6.67014727084041,9.144938126745068,0.9322423667591064,0.9259477103482934,0.021153528884504,0.0529009879413679,0.7108333512321114,0.0,32.28481280198321,4519.661455526948,-536593.7463573217,0.4382092664586379,0.4818575640312129,16.5631901928708,42.87186867591738,0.4609209599024616,0.4382092664586379,0.0799353992464774,0.4818575640312129,1.0,0.0,0.0,1.0,0.0,0.0,0.0,0.0,0.0,1.0,1.0,0.0,0.0,0.0,STARS,10331,stability_10seeds_20260714__relational_critic__seed10331_20260714_043107_bootstrapgae_nocompile
650,u0650,32.0,61.96923884283751,3676.9601339399815,-24066.652154811352,0.9245670206435024,0.0537136929048026,6.826578858370593,9.29743571312182,0.9317168614417314,0.9245670206435024,0.0217215067653874,0.0537136929048026,0.7044687680359929,0.0,32.28481280198321,4519.661455526948,-536593.7463573217,0.4382092664586379,0.4818575640312129,16.5631901928708,42.87186867591738,0.4609209599024616,0.4382092664586379,0.0799353992464774,0.4818575640312129,1.0,0.0,0.0,1.0,0.0,0.0,0.0,0.0,0.0,2.0,1.0,0.0,0.0,0.0,STARS,10331,stability_10seeds_20260714__relational_critic__seed10331_20260714_043107_bootstrapgae_nocompile
675,u0675,32.0,63.10254805814475,3661.5813373476262,-23021.33167000895,0.9268262846004216,0.0519585109151224,6.331214525487439,8.53502955966375,0.9326089137308304,0.9268262846004216,0.0212174360938691,0.0519585109151224,0.6979479357786478,0.0,32.28481280198321,4519.661455526948,-536593.7463573217,0.4382092664586379,0.4818575640312129,16.5631901928708,42.87186867591738,0.4609209599024616,0.4382092664586379,0.0799353992464774,0.4818575640312129,1.0,0.0,0.0,1.0,0.0,0.0,0.0,0.0,0.0,3.0,1.0,0.0,0.0,0.0,STARS,10331,stability_10seeds_20260714__relational_critic__seed10331_20260714_043107_bootstrapgae_nocompile
700,u0700,32.0,64.72557356208563,3641.2396618574858,-21773.95969786089,0.931082980474457,0.0511676444858494,5.664560992423227,7.5662852623604095,0.9337532883808016,0.931082980474457,0.0177516224031617,0.0511676444858494,0.6880208521820604,0.0,32.28481280198321,4519.661455526948,-536593.7463573217,0.4382092664586379,0.4818575640312129,16.5631901928708,42.87186867591738,0.4609209599024616,0.4382092664586379,0.0799353992464774,0.4818575640312129,1.0,0.0,1.0,1.0,0.0,1.0,0.0,0.0,1.0,0.0,1.0,0.0,0.0,0.0,STARS,10331,stability_10seeds_20260714__relational_critic__seed10331_20260714_043107_bootstrapgae_nocompile
25,u0025,32.0,34.85233524488285,4075.372792169452,-147383.26523414254,0.49814071860794,0.4434138096557806,13.004206850995793,29.988852347935353,0.4981435205690208,0.49814071860794,0.0584476970001095,0.4434138096557806,0.6595423668173934,0.03125,32.28481280198321,4519.661455526948,-536593.7463573217,0.4382092664586379,0.4818575640312129,16.5631901928708,42.87186867591738,0.4609209599024616,0.4382092664586379,0.0799353992464774,0.4818575640312129,1.0,0.0,1.0,1.0,1.0,1.0,0.0,0.0,1.0,0.0,1.0,0.0,0.0,0.0,STARS,21893,stability_10seeds_20260714__relational_critic__seed21893_20260714_070757_bootstrapgae_nocompile
50,u0050,32.0,34.45538677391596,4400.104323938489,-157449.5713621527,0.5141989544183017,0.4194513140996322,23.211756120577466,57.525574615404,0.525724789542146,0.5141989544183017,0.0663519425500007,0.4194513140996322,0.9597708356752992,0.0,32.28481280198321,4519.661455526948,-536593.7463573217,0.4382092664586379,0.4818575640312129,16.5631901928708,42.87186867591738,0.4609209599024616,0.4382092664586379,0.0799353992464774,0.4818575640312129,1.0,0.0,1.0,1.0,0.0,1.0,0.0,0.0,0.0,0.0,1.0,0.0,0.0,0.0,STARS,21893,stability_10seeds_20260714__relational_critic__seed21893_20260714_070757_bootstrapgae_nocompile
75,u0075,32.0,34.78318858286366,4435.93282070756,-145173.74789437652,0.5428876080028713,0.3966104559039777,24.421369171269227,60.92728277918696,0.5572751975841821,0.5428876080028713,0.0605041675403931,0.3966104559039777,0.9296458375081418,0.0,32.28481280198321,4519.661455526948,-536593.7463573217,0.4382092664586379,0.4818575640312129,16.5631901928708,42.87186867591738,0.4609209599024616,0.4382092664586379,0.0799353992464774,0.4818575640312129,1.0,0.0,1.0,1.0,0.0,0.0,0.0,0.0,0.0,0.0,1.0,0.0,0.0,0.0,STARS,21893,stability_10seeds_20260714__relational_critic__seed21893_20260714_070757_bootstrapgae_nocompile
100,u0100,32.0,37.06444992590696,4094.271837875247,-93585.42063431442,0.6037449461985379,0.3493061402620042,11.741149823669344,21.882686408225453,0.6042086084512994,0.6037449461985379,0.0469511429636549,0.3493061402620042,0.9984166667610404,0.0,32.28481280198321,4519.661455526948,-536593.7463573217,0.4382092664586379,0.4818575640312129,16.5631901928708,42.87186867591738,0.4609209599024616,0.4382092664586379,0.0799353992464774,0.4818575640312129,1.0,0.0,1.0,1.0,1.0,1.0,0.0,0.0,1.0,0.0,1.0,0.0,0.0,0.0,STARS,21893,stability_10seeds_20260714__relational_critic__seed21893_20260714_070757_bootstrapgae_nocompile
125,u0125,32.0,39.02380217146128,3906.791808828711,-64232.22048665583,0.7353335177395495,0.2232218435754567,17.55970456897654,28.47670456546173,0.7480447617806495,0.7353335177395495,0.0414468773654927,0.2232218435754567,0.9786250012293456,0.0,32.28481280198321,4519.661455526948,-536593.7463573217,0.4382092664586379,0.4818575640312129,16.5631901928708,42.87186867591738,0.4609209599024616,0.4382092664586379,0.0799353992464774,0.4818575640312129,1.0,0.0,1.0,1.0,0.0,0.0,0.0,0.0,1.0,0.0,1.0,0.0,0.0,0.0,STARS,21893,stability_10seeds_20260714__relational_critic__seed21893_20260714_070757_bootstrapgae_nocompile
150,u0150,32.0,46.468752381857485,3592.919999971986,-28109.0119593665,0.8835246517471969,0.0888683960899247,6.274485413413495,7.931880108712242,0.8854517172761261,0.8835246517471969,0.0276091821118628,0.0888683960899247,0.8365833418965337,0.0,32.28481280198321,4519.661455526948,-536593.7463573217,0.4382092664586379,0.4818575640312129,16.5631901928708,42.87186867591738,0.4609209599024616,0.4382092664586379,0.0799353992464774,0.4818575640312129,1.0,0.0,1.0,1.0,1.0,1.0,0.0,0.0,1.0,0.0,1.0,0.0,0.0,0.0,STARS,21893,stability_10seeds_20260714__relational_critic__seed21893_20260714_070757_bootstrapgae_nocompile
175,u0175,32.0,52.083523128181696,3649.8465864360337,-24612.09630950843,0.9115104237459598,0.0666676400861852,5.807743381622246,7.526320092775044,0.915046853227541,0.9115104237459598,0.0218241721884085,0.0666676400861852,0.8601250074543058,0.0,32.28481280198321,4519.661455526948,-536593.7463573217,0.4382092664586379,0.4818575640312129,16.5631901928708,42.87186867591738,0.4609209599024616,0.4382092664586379,0.0799353992464774,0.4818575640312129,1.0,0.0,1.0,1.0,1.0,1.0,0.0,0.0,1.0,0.0,1.0,0.0,0.0,0.0,STARS,21893,stability_10seeds_20260714__relational_critic__seed21893_20260714_070757_bootstrapgae_nocompile
200,u0200,32.0,59.88539595808834,3641.483719572425,-22383.02860350479,0.9258866580352184,0.05506814606658,5.185813280611288,6.8088108599916985,0.9285476232934744,0.9258866580352184,0.0190474228824879,0.05506814606658,0.7899583443291485,0.0,32.28481280198321,4519.661455526948,-536593.7463573217,0.4382092664586379,0.4818575640312129,16.5631901928708,42.87186867591738,0.4609209599024616,0.4382092664586379,0.0799353992464774,0.4818575640312129,1.0,0.0,1.0,1.0,1.0,1.0,0.0,0.0,1.0,0.0,1.0,0.0,0.0,0.0,STARS,21893,stability_10seeds_20260714__relational_critic__seed21893_20260714_070757_bootstrapgae_nocompile
225,u0225,32.0,64.61982039827853,3584.898060247302,-21176.96166643793,0.9293421882335096,0.0530514861231264,4.896067699040632,6.277681801960964,0.9310620794463902,0.9293421882335096,0.0176085559834637,0.0530514861231264,0.7464583450816572,0.0,32.28481280198321,4519.661455526948,-536593.7463573217,0.4382092664586379,0.4818575640312129,16.5631901928708,42.87186867591738,0.4609209599024616,0.4382092664586379,0.0799353992464774,0.4818575640312129,1.0,0.0,1.0,1.0,1.0,1.0,0.0,0.0,1.0,0.0,1.0,0.0,0.0,0.0,STARS,21893,stability_10seeds_20260714__relational_critic__seed21893_20260714_070757_bootstrapgae_nocompile
250,u0250,32.0,66.90063057234511,3580.1431232839823,-21933.43307786145,0.9260254076849668,0.0563429025311716,4.862284718417296,6.216799686454925,0.9282542984243484,0.9260254076849668,0.01763392840282,0.0563429025311716,0.6838541793338956,0.0,32.28481280198321,4519.661455526948,-536593.7463573217,0.4382092664586379,0.4818575640312129,16.5631901928708,42.87186867591738,0.4609209599024616,0.4382092664586379,0.0799353992464774,0.4818575640312129,1.0,0.0,0.0,0.0,0.0,1.0,0.0,0.0,1.0,0.0,1.0,0.0,0.0,0.0,STARS,21893,stability_10seeds_20260714__relational_critic__seed21893_20260714_070757_bootstrapgae_nocompile
275,u0275,32.0,65.14680824056268,3617.356629490853,-21911.11846318445,0.9274845709353688,0.055454921539834,4.906191480926706,6.1102811283318275,0.9282990792188792,0.9274845709353688,0.0170627266250781,0.055454921539834,0.4787083451971411,0.0,32.28481280198321,4519.661455526948,-536593.7463573217,0.4382092664586379,0.4818575640312129,16.5631901928708,42.87186867591738,0.4609209599024616,0.4382092664586379,0.0799353992464774,0.4818575640312129,1.0,0.0,1.0,1.0,0.0,0.0,0.0,0.0,0.0,0.0,1.0,0.0,0.0,0.0,STARS,21893,stability_10seeds_20260714__relational_critic__seed21893_20260714_070757_bootstrapgae_nocompile
300,u0300,32.0,66.72472634818405,3579.3576696515083,-22050.924701375312,0.925956796157174,0.0571172695257764,4.9727347199036,6.152139490339479,0.9266029466465115,0.925956796157174,0.0169281694847243,0.0571172695257764,0.5631458461992442,0.0,32.28481280198321,4519.661455526948,-536593.7463573217,0.4382092664586379,0.4818575640312129,16.5631901928708,42.87186867591738,0.4609209599024616,0.4382092664586379,0.0799353992464774,0.4818575640312129,1.0,0.0,0.0,0.0,0.0,0.0,0.0,0.0,0.0,1.0,1.0,0.0,0.0,0.0,STARS,21893,stability_10seeds_20260714__relational_critic__seed21893_20260714_070757_bootstrapgae_nocompile
325,u0325,32.0,66.0830640452914,3611.1705565154552,-23270.838810227626,0.9294387452416122,0.0535790436224476,5.0392232634005625,6.317583495436012,0.9303249508813022,0.9294387452416122,0.0169844572398043,0.0535790436224476,0.5018958449829369,0.0,32.28481280198321,4519.661455526948,-536593.7463573217,0.4382092664586379,0.4818575640312129,16.5631901928708,42.87186867591738,0.4609209599024616,0.4382092664586379,0.0799353992464774,0.4818575640312129,1.0,0.0,1.0,1.0,0.0,0.0,0.0,0.0,0.0,2.0,1.0,0.0,0.0,0.0,STARS,21893,stability_10seeds_20260714__relational_critic__seed21893_20260714_070757_bootstrapgae_nocompile
350,u0350,32.0,66.02166315726936,3596.459852799773,-22409.571945556076,0.9301444713240488,0.0525955236145446,4.96008753050588,6.359145979151439,0.9313699963130057,0.9301444713240488,0.0172622414708159,0.0525955236145446,0.5177916788030416,0.0,32.28481280198321,4519.661455526948,-536593.7463573217,0.4382092664586379,0.4818575640312129,16.5631901928708,42.87186867591738,0.4609209599024616,0.4382092664586379,0.0799353992464774,0.4818575640312129,1.0,0.0,1.0,1.0,0.0,0.0,0.0,0.0,0.0,3.0,1.0,0.0,0.0,0.0,STARS,21893,stability_10seeds_20260714__relational_critic__seed21893_20260714_070757_bootstrapgae_nocompile
375,u0375,32.0,67.49797852896154,3606.096734508872,-23563.717317548155,0.9304611840676518,0.053163690371477,5.012225203820267,6.309461889607975,0.9310995884034784,0.9304611840676518,0.0163773640002366,0.053163690371477,0.5148333449177444,0.0,32.28481280198321,4519.661455526948,-536593.7463573217,0.4382092664586379,0.4818575640312129,16.5631901928708,42.87186867591738,0.4609209599024616,0.4382092664586379,0.0799353992464774,0.4818575640312129,1.0,0.0,1.0,1.0,0.0,1.0,0.0,0.0,1.0,0.0,1.0,0.0,0.0,0.0,STARS,21893,stability_10seeds_20260714__relational_critic__seed21893_20260714_070757_bootstrapgae_nocompile
400,u0400,32.0,65.98163160844706,3625.0437715500593,-25985.6466952884,0.9253854924533516,0.0580109174930512,5.162991482136601,7.172320686535936,0.9258977262508128,0.9253854924533516,0.0166058087790842,0.0580109174930512,0.5419166785627604,0.0,32.28481280198321,4519.661455526948,-536593.7463573217,0.4382092664586379,0.4818575640312129,16.5631901928708,42.87186867591738,0.4609209599024616,0.4382092664586379,0.0799353992464774,0.4818575640312129,1.0,0.0,0.0,0.0,0.0,0.0,0.0,0.0,0.0,1.0,1.0,0.0,0.0,0.0,STARS,21893,stability_10seeds_20260714__relational_critic__seed21893_20260714_070757_bootstrapgae_nocompile
425,u0425,32.0,57.27523971744813,3546.331077709794,-36026.77675677814,0.8831619080677627,0.1002191009700582,5.4023576742049,7.59524862255731,0.8835617884248494,0.8831619080677627,0.0166212323846116,0.1002191009700582,0.5575416793897747,0.0,32.28481280198321,4519.661455526948,-536593.7463573217,0.4382092664586379,0.4818575640312129,16.5631901928708,42.87186867591738,0.4609209599024616,0.4382092664586379,0.0799353992464774,0.4818575640312129,1.0,0.0,0.0,0.0,0.0,0.0,0.0,0.0,0.0,2.0,1.0,0.0,0.0,0.0,STARS,21893,stability_10seeds_20260714__relational_critic__seed21893_20260714_070757_bootstrapgae_nocompile
450,u0450,32.0,50.17782828467898,3674.909818798304,-42778.103448903275,0.872046931518242,0.111057725627983,5.729599157408856,8.533348463779639,0.8723803342860192,0.872046931518242,0.0168975740244155,0.111057725627983,0.5845208457149564,0.0,32.28481280198321,4519.661455526948,-536593.7463573217,0.4382092664586379,0.4818575640312129,16.5631901928708,42.87186867591738,0.4609209599024616,0.4382092664586379,0.0799353992464774,0.4818575640312129,1.0,0.0,0.0,0.0,0.0,0.0,1.0,1.0,0.0,3.0,1.0,0.0,0.0,0.0,STARS,21893,stability_10seeds_20260714__relational_critic__seed21893_20260714_070757_bootstrapgae_nocompile
475,u0475,32.0,52.97646201378666,3696.977894499898,-46263.162983548464,0.8790111454185098,0.104113177297786,5.454626062879076,7.892301934979021,0.8797522176001221,0.8790111454185098,0.0168779088275691,0.104113177297786,0.5815833458136765,0.0,32.28481280198321,4519.661455526948,-536593.7463573217,0.4382092664586379,0.4818575640312129,16.5631901928708,42.87186867591738,0.4609209599024616,0.4382092664586379,0.0799353992464774,0.4818575640312129,1.0,0.0,0.0,0.0,0.0,0.0,0.0,0.0,0.0,4.0,1.0,0.0,1.0,1.0,STARS,21893,stability_10seeds_20260714__relational_critic__seed21893_20260714_070757_bootstrapgae_nocompile
25,u0025,32.0,32.856856361730024,4562.082627728581,-267191.2473231256,0.4371361176627688,0.4945997723755707,20.75964801790565,68.13182973347605,0.4485308943837881,0.4371361176627688,0.0682663411226612,0.4945997723755707,0.9803333343490958,0.0,32.28481280198321,4519.661455526948,-536593.7463573217,0.4382092664586379,0.4818575640312129,16.5631901928708,42.87186867591738,0.4609209599024616,0.4382092664586379,0.0799353992464774,0.4818575640312129,1.0,0.0,1.0,1.0,1.0,1.0,0.0,0.0,1.0,0.0,1.0,0.0,0.0,0.0,STARS,36467,stability_10seeds_20260714__relational_critic__seed36467_20260714_085104_bootstrapgae_nocompile
50,u0050,32.0,33.21237131394446,4496.985038474202,-201774.0242703259,0.466929390026292,0.4548174316142866,23.36954468815938,71.63614883875825,0.4843165362892402,0.466929390026292,0.0782551911771314,0.4548174316142866,0.9926305787448508,0.03125,32.28481280198321,4519.661455526948,-536593.7463573217,0.4382092664586379,0.4818575640312129,16.5631901928708,42.87186867591738,0.4609209599024616,0.4382092664586379,0.0799353992464774,0.4818575640312129,1.0,0.0,1.0,1.0,0.0,0.0,0.0,0.0,1.0,0.0,1.0,0.0,0.0,0.0,STARS,36467,stability_10seeds_20260714__relational_critic__seed36467_20260714_085104_bootstrapgae_nocompile
75,u0075,32.0,35.05151421064511,4481.362026423216,-137637.2643402666,0.5585903806835413,0.3733091346792499,25.530714204158627,63.193702393278485,0.5834978675926105,0.5585903806835413,0.0681027006751992,0.3733091346792499,0.9204375044032932,0.0,32.28481280198321,4519.661455526948,-536593.7463573217,0.4382092664586379,0.4818575640312129,16.5631901928708,42.87186867591738,0.4609209599024616,0.4382092664586379,0.0799353992464774,0.4818575640312129,1.0,0.0,1.0,1.0,0.0,0.0,0.0,0.0,1.0,0.0,1.0,0.0,0.0,0.0,STARS,36467,stability_10seeds_20260714__relational_critic__seed36467_20260714_085104_bootstrapgae_nocompile
100,u0100,32.0,38.09072755090892,4078.8335931152105,-77677.49175812304,0.7099530704151839,0.2326937746339317,26.024233499871567,50.09145948802679,0.7873392925355585,0.7099530704151839,0.0573553727361768,0.2326937746339317,0.8401041737906637,0.0,32.28481280198321,4519.661455526948,-536593.7463573217,0.4382092664586379,0.4818575640312129,16.5631901928708,42.87186867591738,0.4609209599024616,0.4382092664586379,0.0799353992464774,0.4818575640312129,1.0,0.0,1.0,1.0,0.0,0.0,0.0,0.0,1.0,0.0,1.0,0.0,0.0,0.0,STARS,36467,stability_10seeds_20260714__relational_critic__seed36467_20260714_085104_bootstrapgae_nocompile
125,u0125,32.0,40.884289535693824,3820.0639739334583,-49793.45389650762,0.7716968048941345,0.1596003791661154,24.978780488474296,43.23081982110441,0.9024810490086672,0.7716968048941345,0.0687050565034935,0.1596003791661154,0.8541250078044831,0.0,32.28481280198321,4519.661455526948,-536593.7463573217,0.4382092664586379,0.4818575640312129,16.5631901928708,42.87186867591738,0.4609209599024616,0.4382092664586379,0.0799353992464774,0.4818575640312129,1.0,0.0,1.0,1.0,0.0,0.0,0.0,0.0,1.0,0.0,1.0,0.0,0.0,0.0,STARS,36467,stability_10seeds_20260714__relational_critic__seed36467_20260714_085104_bootstrapgae_nocompile
150,u0150,32.0,46.65252727037296,3766.971096113324,-31037.41714671813,0.9104184002075344,0.0703499618681016,12.723783458691091,17.430724111941643,0.9144400729201734,0.9104184002075344,0.0192338582745142,0.0703499618681016,0.7184583453536032,0.0,32.28481280198321,4519.661455526948,-536593.7463573217,0.4382092664586379,0.4818575640312129,16.5631901928708,42.87186867591738,0.4609209599024616,0.4382092664586379,0.0799353992464774,0.4818575640312129,1.0,0.0,1.0,1.0,1.0,1.0,0.0,0.0,1.0,0.0,1.0,0.0,0.0,0.0,STARS,36467,stability_10seeds_20260714__relational_critic__seed36467_20260714_085104_bootstrapgae_nocompile
175,u0175,32.0,58.5490104611963,3791.5206399858,-23265.33582342262,0.9229060205277054,0.0609577642353797,5.462583229001596,9.24654743451714,0.9236538761518897,0.9229060205277054,0.0161384605150735,0.0609577642353797,0.692916677441448,0.0,32.28481280198321,4519.661455526948,-536593.7463573217,0.4382092664586379,0.4818575640312129,16.5631901928708,42.87186867591738,0.4609209599024616,0.4382092664586379,0.0799353992464774,0.4818575640312129,1.0,0.0,1.0,1.0,1.0,1.0,0.0,0.0,1.0,0.0,1.0,0.0,0.0,0.0,STARS,36467,stability_10seeds_20260714__relational_critic__seed36467_20260714_085104_bootstrapgae_nocompile
200,u0200,32.0,59.9760014063213,3768.160021096468,-23642.329112021875,0.9272132799355316,0.0563040144922042,5.47586972694778,9.564330556922211,0.9282833634354172,0.9272132799355316,0.0164849451472261,0.0563040144922042,0.6415833454541862,0.0,32.28481280198321,4519.661455526948,-536593.7463573217,0.4382092664586379,0.4818575640312129,16.5631901928708,42.87186867591738,0.4609209599024616,0.4382092664586379,0.0799353992464774,0.4818575640312129,1.0,0.0,1.0,1.0,0.0,1.0,0.0,0.0,1.0,0.0,1.0,0.0,0.0,0.0,STARS,36467,stability_10seeds_20260714__relational_critic__seed36467_20260714_085104_bootstrapgae_nocompile
225,u0225,32.0,63.790161720477045,3760.964886203408,-22151.98981925547,0.9283640728630126,0.055260911325317,5.133242264510106,9.416443582524275,0.929284932779148,0.9283640728630126,0.0163772368509776,0.055260911325317,0.6000833443813025,0.0,32.28481280198321,4519.661455526948,-536593.7463573217,0.4382092664586379,0.4818575640312129,16.5631901928708,42.87186867591738,0.4609209599024616,0.4382092664586379,0.0799353992464774,0.4818575640312129,1.0,0.0,1.0,1.0,1.0,1.0,0.0,0.0,1.0,0.0,1.0,0.0,0.0,0.0,STARS,36467,stability_10seeds_20260714__relational_critic__seed36467_20260714_085104_bootstrapgae_nocompile
250,u0250,32.0,65.62146870978177,3708.61625996232,-21611.096207524177,0.9301856087883934,0.0539567069848326,4.9684784002409215,9.168150366960802,0.9307664626203476,0.9301856087883934,0.015859920736857,0.0539567069848326,0.6043333443030715,0.0,32.28481280198321,4519.661455526948,-536593.7463573217,0.4382092664586379,0.4818575640312129,16.5631901928708,42.87186867591738,0.4609209599024616,0.4382092664586379,0.0799353992464774,0.4818575640312129,1.0,0.0,1.0,1.0,0.0,1.0,0.0,0.0,1.0,0.0,1.0,0.0,0.0,0.0,STARS,36467,stability_10seeds_20260714__relational_critic__seed36467_20260714_085104_bootstrapgae_nocompile
275,u0275,32.0,63.535577486269176,3692.659838661551,-25182.82624813093,0.916869039846584,0.0646343714527156,5.268189529249344,9.475878183510943,0.9175937118437142,0.916869039846584,0.0184988226205287,0.0646343714527156,0.6142708441782743,0.0,32.28481280198321,4519.661455526948,-536593.7463573217,0.4382092664586379,0.4818575640312129,16.5631901928708,42.87186867591738,0.4609209599024616,0.4382092664586379,0.0799353992464774,0.4818575640312129,1.0,0.0,0.0,0.0,0.0,0.0,1.0,0.0,0.0,0.0,1.0,0.0,0.0,0.0,STARS,36467,stability_10seeds_20260714__relational_critic__seed36467_20260714_085104_bootstrapgae_nocompile
300,u0300,32.0,65.89688278501853,3648.930864810944,-21217.729421977114,0.9282709746733308,0.0561095476593568,4.823669063473082,8.40745212832999,0.9288974463604392,0.9282709746733308,0.0156217230470185,0.0561095476593568,0.6105833442509173,0.0,32.28481280198321,4519.661455526948,-536593.7463573217,0.4382092664586379,0.4818575640312129,16.5631901928708,42.87186867591738,0.4609209599024616,0.4382092664586379,0.0799353992464774,0.4818575640312129,1.0,0.0,0.0,0.0,0.0,1.0,0.0,0.0,0.0,1.0,1.0,0.0,0.0,0.0,STARS,36467,stability_10seeds_20260714__relational_critic__seed36467_20260714_085104_bootstrapgae_nocompile
325,u0325,32.0,66.23646574793383,3667.258034661412,-21979.269056024845,0.9266915309438482,0.0577866970030452,4.848194256734886,8.366478091790333,0.9271555869039148,0.9266915309438482,0.0155239920469204,0.0577866970030452,0.6129791779760272,0.0,32.28481280198321,4519.661455526948,-536593.7463573217,0.4382092664586379,0.4818575640312129,16.5631901928708,42.87186867591738,0.4609209599024616,0.4382092664586379,0.0799353992464774,0.4818575640312129,1.0,0.0,0.0,0.0,0.0,1.0,0.0,0.0,1.0,0.0,1.0,0.0,0.0,0.0,STARS,36467,stability_10seeds_20260714__relational_critic__seed36467_20260714_085104_bootstrapgae_nocompile
350,u0350,32.0,64.3504332867451,3690.5504637509584,-23040.71103861448,0.9247526692263784,0.0583035360246285,4.986290080042383,8.434126137475722,0.9251708671599628,0.9247526692263784,0.0169460294795775,0.0583035360246285,0.5932708443459122,0.0,32.28481280198321,4519.661455526948,-536593.7463573217,0.4382092664586379,0.4818575640312129,16.5631901928708,42.87186867591738,0.4609209599024616,0.4382092664586379,0.0799353992464774,0.4818575640312129,1.0,0.0,0.0,0.0,0.0,0.0,0.0,0.0,0.0,1.0,1.0,0.0,0.0,0.0,STARS,36467,stability_10seeds_20260714__relational_critic__seed36467_20260714_085104_bootstrapgae_nocompile
375,u0375,32.0,66.4688143399544,3670.096252769232,-21656.53840498906,0.9291358038112524,0.0548944904384004,4.863797569793528,8.130050920057256,0.9294812743309884,0.9291358038112524,0.0159719389508691,0.0548944904384004,0.5827500111442061,0.0,32.28481280198321,4519.661455526948,-536593.7463573217,0.4382092664586379,0.4818575640312129,16.5631901928708,42.87186867591738,0.4609209599024616,0.4382092664586379,0.0799353992464774,0.4818575640312129,1.0,0.0,1.0,1.0,0.0,1.0,0.0,0.0,0.0,2.0,1.0,0.0,0.0,0.0,STARS,36467,stability_10seeds_20260714__relational_critic__seed36467_20260714_085104_bootstrapgae_nocompile
400,u0400,32.0,65.78513976186514,3679.898938640952,-21195.16459815215,0.9309588306238876,0.053335846871877,4.809607092154223,8.088260437426012,0.9311572835929692,0.9309588306238876,0.0157075655734097,0.053335846871877,0.5789791776929049,0.0,32.28481280198321,4519.661455526948,-536593.7463573217,0.4382092664586379,0.4818575640312129,16.5631901928708,42.87186867591738,0.4609209599024616,0.4382092664586379,0.0799353992464774,0.4818575640312129,1.0,0.0,1.0,1.0,0.0,0.0,0.0,0.0,0.0,3.0,1.0,0.0,0.0,0.0,STARS,36467,stability_10seeds_20260714__relational_critic__seed36467_20260714_085104_bootstrapgae_nocompile
425,u0425,32.0,65.0126666626893,3706.676019161939,-23604.60105006684,0.9232962654335426,0.0593748328447836,5.032505927994132,8.56216943756592,0.923768012084067,0.9232962654335426,0.0173311363009852,0.0593748328447836,0.5713125108145177,0.0,32.28481280198321,4519.661455526948,-536593.7463573217,0.4382092664586379,0.4818575640312129,16.5631901928708,42.87186867591738,0.4609209599024616,0.4382092664586379,0.0799353992464774,0.4818575640312129,1.0,0.0,0.0,0.0,0.0,0.0,0.0,0.0,0.0,4.0,1.0,0.0,1.0,1.0,STARS,36467,stability_10seeds_20260714__relational_critic__seed36467_20260714_085104_bootstrapgae_nocompile
25,u0025,32.0,33.60261772107333,4241.3373388201,-176234.1831704378,0.4846224905888245,0.4512586617292426,14.065483388524052,36.63285016884809,0.4880871063209107,0.4846224905888245,0.0641216347278209,0.4512586617292426,0.9426537390502872,0.03125,32.28481280198321,4519.661455526948,-536593.7463573217,0.4382092664586379,0.4818575640312129,16.5631901928708,42.87186867591738,0.4609209599024616,0.4382092664586379,0.0799353992464774,0.4818575640312129,1.0,0.0,1.0,1.0,1.0,1.0,0.0,0.0,1.0,0.0,1.0,0.0,0.0,0.0,STARS,45211,relational_critic__seed45211_20260711_213639_bootstrapgae_nocompile
50,u0050,32.0,33.78721377369948,4357.192577064037,-183487.9396211356,0.4782180520994213,0.4618333855654679,17.96129429137884,54.5346458601463,0.4828920048889445,0.4782180520994213,0.0599509987592768,0.4618333855654679,0.8555127473395658,0.03125,32.28481280198321,4519.661455526948,-536593.7463573217,0.4382092664586379,0.4818575640312129,16.5631901928708,42.87186867591738,0.4609209599024616,0.4382092664586379,0.0799353992464774,0.4818575640312129,1.0,0.0,0.0,0.0,0.0,0.0,1.0,0.0,1.0,0.0,1.0,0.0,0.0,0.0,STARS,45211,relational_critic__seed45211_20260711_213639_bootstrapgae_nocompile
75,u0075,32.0,35.751332383137196,4321.958616554737,-119375.23792853951,0.554329257949954,0.3909599398846721,14.143833983870223,35.34492970649898,0.5550554511537775,0.554329257949954,0.054713020371068,0.3909599398846721,0.7450104368571192,0.0,32.28481280198321,4519.661455526948,-536593.7463573217,0.4382092664586379,0.4818575640312129,16.5631901928708,42.87186867591738,0.4609209599024616,0.4382092664586379,0.0799353992464774,0.4818575640312129,1.0,0.0,1.0,1.0,0.0,1.0,0.0,0.0,1.0,0.0,1.0,0.0,0.0,0.0,STARS,45211,relational_critic__seed45211_20260711_213639_bootstrapgae_nocompile
100,u0100,32.0,36.56362288817763,4250.747315436602,-102426.31383225322,0.5914159495253115,0.3570368232091296,13.215368930699304,30.586773501843204,0.5925499508250506,0.5914159495253115,0.0515494542577147,0.3570368232091296,0.7428437650036066,0.0,32.28481280198321,4519.661455526948,-536593.7463573217,0.4382092664586379,0.4818575640312129,16.5631901928708,42.87186867591738,0.4609209599024616,0.4382092664586379,0.0799353992464774,0.4818575640312129,1.0,0.0,1.0,1.0,1.0,1.0,0.0,0.0,1.0,0.0,1.0,0.0,0.0,0.0,STARS,45211,relational_critic__seed45211_20260711_213639_bootstrapgae_nocompile
125,u0125,32.0,41.85509391780943,4011.330025419593,-44501.47850371897,0.8279860942037774,0.1270139343794799,12.417920142821968,20.348352344542743,0.8485655295904727,0.8279860942037774,0.0450021885857841,0.1270139343794799,0.7786979279778901,0.0,32.28481280198321,4519.661455526948,-536593.7463573217,0.4382092664586379,0.4818575640312129,16.5631901928708,42.87186867591738,0.4609209599024616,0.4382092664586379,0.0799353992464774,0.4818575640312129,1.0,0.0,1.0,1.0,1.0,1.0,0.0,0.0,1.0,0.0,1.0,0.0,0.0,0.0,STARS,45211,relational_critic__seed45211_20260711_213639_bootstrapgae_nocompile
150,u0150,32.0,46.7067605224438,3871.7570908367634,-31602.13227764517,0.8595080211358148,0.0859175678621227,9.452986150369046,14.590602705255154,0.897251436136663,0.8595080211358148,0.0545766332589937,0.0859175678621227,0.7467500109989197,0.0,32.28481280198321,4519.661455526948,-536593.7463573217,0.4382092664586379,0.4818575640312129,16.5631901928708,42.87186867591738,0.4609209599024616,0.4382092664586379,0.0799353992464774,0.4818575640312129,1.0,0.0,1.0,1.0,1.0,1.0,0.0,0.0,1.0,0.0,1.0,0.0,0.0,0.0,STARS,45211,relational_critic__seed45211_20260711_213639_bootstrapgae_nocompile
175,u0175,32.0,64.05308899004012,3624.577161952853,-24035.1633709894,0.9208059889227154,0.0609003341028946,5.13155279372069,6.661820109919871,0.9233997137509286,0.9208059889227154,0.0182959091450661,0.0609003341028946,0.4696770938355475,0.0,32.28481280198321,4519.661455526948,-536593.7463573217,0.4382092664586379,0.4818575640312129,16.5631901928708,42.87186867591738,0.4609209599024616,0.4382092664586379,0.0799353992464774,0.4818575640312129,1.0,0.0,1.0,1.0,1.0,1.0,0.0,0.0,1.0,0.0,1.0,0.0,0.0,0.0,STARS,45211,relational_critic__seed45211_20260711_213639_bootstrapgae_nocompile
200,u0200,32.0,66.93409711262211,3653.890241384506,-24405.797321898855,0.923114233979024,0.0594818647071006,4.98350912906222,6.879115742966223,0.9237702910844235,0.923114233979024,0.0174061532508261,0.0594818647071006,0.4515833443384617,0.0,32.28481280198321,4519.661455526948,-536593.7463573217,0.4382092664586379,0.4818575640312129,16.5631901928708,42.87186867591738,0.4609209599024616,0.4382092664586379,0.0799353992464774,0.4818575640312129,1.0,0.0,1.0,1.0,0.0,1.0,0.0,0.0,1.0,0.0,1.0,0.0,0.0,0.0,STARS,45211,relational_critic__seed45211_20260711_213639_bootstrapgae_nocompile
225,u0225,32.0,69.19868649216369,3563.4890836179256,-21503.98727672465,0.9166979553569108,0.0695511672113716,4.398505701831174,5.766884044329362,0.9171659750957044,0.9166979553569108,0.0137530993114277,0.0695511672113716,0.5139895940702409,0.0,32.28481280198321,4519.661455526948,-536593.7463573217,0.4382092664586379,0.4818575640312129,16.5631901928708,42.87186867591738,0.4609209599024616,0.4382092664586379,0.0799353992464774,0.4818575640312129,1.0,0.0,0.0,0.0,1.0,1.0,0.0,0.0,1.0,0.0,1.0,0.0,0.0,0.0,STARS,45211,relational_critic__seed45211_20260711_213639_bootstrapgae_nocompile
250,u0250,32.0,69.00030115433037,3607.922970369458,-24847.87274047229,0.916900805618614,0.0666069484072095,5.05207457953293,6.637146862894827,0.9170016779955475,0.916900805618614,0.0164944825458457,0.0666069484072095,0.5805416753217577,0.0,32.28481280198321,4519.661455526948,-536593.7463573217,0.4382092664586379,0.4818575640312129,16.5631901928708,42.87186867591738,0.4609209599024616,0.4382092664586379,0.0799353992464774,0.4818575640312129,1.0,0.0,0.0,1.0,0.0,0.0,0.0,0.0,0.0,0.0,1.0,0.0,0.0,0.0,STARS,45211,relational_critic__seed45211_20260711_213639_bootstrapgae_nocompile
275,u0275,32.0,67.0144967935048,3599.4933924525976,-25107.993884699015,0.913657564299181,0.0692101467916272,5.158957145522153,6.729884277319987,0.913835049273446,0.913657564299181,0.0171345127351698,0.0692101467916272,0.6917604236453772,0.0,32.28481280198321,4519.661455526948,-536593.7463573217,0.4382092664586379,0.4818575640312129,16.5631901928708,42.87186867591738,0.4609209599024616,0.4382092664586379,0.0799353992464774,0.4818575640312129,1.0,0.0,0.0,0.0,0.0,0.0,0.0,0.0,0.0,0.0,1.0,0.0,0.0,0.0,STARS,45211,relational_critic__seed45211_20260711_213639_bootstrapgae_nocompile
300,u0300,32.0,67.80731499474496,3567.8985193669796,-23781.56856759398,0.9166377901192756,0.0689956742697541,4.653666156202681,6.012404380316338,0.9175374463573096,0.9166377901192756,0.0143687826458201,0.0689956742697541,0.7026354245562108,0.0,32.28481280198321,4519.661455526948,-536593.7463573217,0.4382092664586379,0.4818575640312129,16.5631901928708,42.87186867591738,0.4609209599024616,0.4382092664586379,0.0799353992464774,0.4818575640312129,1.0,0.0,0.0,1.0,0.0,0.0,0.0,0.0,0.0,1.0,1.0,0.0,0.0,0.0,STARS,45211,relational_critic__seed45211_20260711_213639_bootstrapgae_nocompile
325,u0325,32.0,58.24869861127809,3348.844242990017,-338184.77082348353,0.8385547074750066,0.1443573463808184,4.988233474329479,8.163868027404884,0.8388201760286467,0.8385547074750066,0.0170901821244327,0.1443573463808184,0.795447927257046,0.0,32.28481280198321,4519.661455526948,-536593.7463573217,0.4382092664586379,0.4818575640312129,16.5631901928708,42.87186867591738,0.4609209599024616,0.4382092664586379,0.0799353992464774,0.4818575640312129,1.0,0.0,0.0,0.0,0.0,0.0,1.0,1.0,0.0,2.0,1.0,0.0,0.0,0.0,STARS,45211,relational_critic__seed45211_20260711_213639_bootstrapgae_nocompile
350,u0350,32.0,48.25953427050263,3253.4947712123394,-2940748.5698985625,0.8106835071919487,0.1724347106431337,5.357069693507591,9.044912277448526,0.8109607226410879,0.8106835071919487,0.0168840294883704,0.1724347106431337,0.8579687575623394,0.0,32.28481280198321,4519.661455526948,-536593.7463573217,0.4382092664586379,0.4818575640312129,16.5631901928708,42.87186867591738,0.4609209599024616,0.4382092664586379,0.0799353992464774,0.4818575640312129,1.0,0.0,0.0,0.0,0.0,0.0,1.0,2.0,0.0,3.0,1.0,0.0,0.0,0.0,STARS,45211,relational_critic__seed45211_20260711_213639_bootstrapgae_nocompile
375,u0375,32.0,46.55868350202218,3171.3651297986507,-12149016.948072078,0.7979223651178181,0.1840151330072667,5.4748188981871495,9.115885689773808,0.7979905354781077,0.7979223651178181,0.0180647318570121,0.1840151330072667,0.8416666737794877,0.0,32.28481280198321,4519.661455526948,-536593.7463573217,0.4382092664586379,0.4818575640312129,16.5631901928708,42.87186867591738,0.4609209599024616,0.4382092664586379,0.0799353992464774,0.4818575640312129,1.0,0.0,0.0,0.0,0.0,0.0,0.0,0.0,0.0,4.0,1.0,0.0,1.0,1.0,STARS,45211,relational_critic__seed45211_20260711_213639_bootstrapgae_nocompile
25,u0025,32.0,32.41026148479432,4406.930587396026,-220569.74436607957,0.4369385447543755,0.485041036649232,21.570418280836194,70.55158225432784,0.44907182286476,0.4369385447543755,0.0780232805659439,0.485041036649232,0.9723808611475396,0.03125,32.28481280198321,4519.661455526948,-536593.7463573217,0.4382092664586379,0.4818575640312129,16.5631901928708,42.87186867591738,0.4609209599024616,0.4382092664586379,0.0799353992464774,0.4818575640312129,1.0,0.0,1.0,1.0,1.0,1.0,0.0,0.0,1.0,0.0,1.0,0.0,0.0,0.0,STARS,48761,stability_10seeds_20260714__relational_critic__seed48761_20260714_102348_bootstrapgae_nocompile
50,u0050,32.0,34.84920296748169,4201.4356611818075,-148184.81917232275,0.4971700892136432,0.4451576138349937,13.242578936135397,31.1015523473993,0.4979357705395669,0.4971700892136432,0.0576745395769576,0.4451576138349937,0.4191458449773489,0.0,32.28481280198321,4519.661455526948,-536593.7463573217,0.4382092664586379,0.4818575640312129,16.5631901928708,42.87186867591738,0.4609209599024616,0.4382092664586379,0.0799353992464774,0.4818575640312129,1.0,0.0,1.0,1.0,1.0,1.0,0.0,0.0,1.0,0.0,1.0,0.0,0.0,0.0,STARS,48761,stability_10seeds_20260714__relational_critic__seed48761_20260714_102348_bootstrapgae_nocompile
75,u0075,32.0,35.624815894290805,3993.392086207866,-104387.497260049,0.5665206352325708,0.3761543682744051,11.733436301817084,23.763549520297804,0.5665979814385582,0.5665206352325708,0.0573269410008916,0.3761543682744051,0.540178255462881,0.03125,32.28481280198321,4519.661455526948,-536593.7463573217,0.4382092664586379,0.4818575640312129,16.5631901928708,42.87186867591738,0.4609209599024616,0.4382092664586379,0.0799353992464774,0.4818575640312129,1.0,0.0,1.0,1.0,1.0,0.0,0.0,0.0,1.0,0.0,1.0,0.0,0.0,0.0,STARS,48761,stability_10seeds_20260714__relational_critic__seed48761_20260714_102348_bootstrapgae_nocompile
100,u0100,32.0,40.13245147606358,3882.522923842073,-55562.98424376547,0.7482349114269017,0.2138563152243732,10.284105748185889,15.066118669170883,0.7487265397813172,0.7482349114269017,0.0379110182648782,0.2138563152243732,0.5815416831094771,0.0,32.28481280198321,4519.661455526948,-536593.7463573217,0.4382092664586379,0.4818575640312129,16.5631901928708,42.87186867591738,0.4609209599024616,0.4382092664586379,0.0799353992464774,0.4818575640312129,1.0,0.0,1.0,1.0,1.0,1.0,0.0,0.0,1.0,0.0,1.0,0.0,0.0,0.0,STARS,48761,stability_10seeds_20260714__relational_critic__seed48761_20260714_102348_bootstrapgae_nocompile
125,u0125,32.0,46.26709627127275,3625.087273776531,-32355.13539255038,0.8738167422097178,0.10154813023944,6.378643434122206,8.297295538648031,0.8743833423685281,0.8738167422097178,0.0246373600843824,0.10154813023944,0.5399270986393094,0.0,32.28481280198321,4519.661455526948,-536593.7463573217,0.4382092664586379,0.4818575640312129,16.5631901928708,42.87186867591738,0.4609209599024616,0.4382092664586379,0.0799353992464774,0.4818575640312129,1.0,0.0,1.0,1.0,1.0,1.0,0.0,0.0,1.0,0.0,1.0,0.0,0.0,0.0,STARS,48761,stability_10seeds_20260714__relational_critic__seed48761_20260714_102348_bootstrapgae_nocompile
150,u0150,32.0,52.608456830494106,3598.2931654304266,-25988.796303468815,0.9014287068210544,0.0779652808775033,5.546255119845162,7.079772663123731,0.9030156517997382,0.9014287068210544,0.020608239108363,0.0779652808775033,0.5108125158734621,0.0,32.28481280198321,4519.661455526948,-536593.7463573217,0.4382092664586379,0.4818575640312129,16.5631901928708,42.87186867591738,0.4609209599024616,0.4382092664586379,0.0799353992464774,0.4818575640312129,1.0,0.0,1.0,1.0,1.0,1.0,0.0,0.0,1.0,0.0,1.0,0.0,0.0,0.0,STARS,48761,stability_10seeds_20260714__relational_critic__seed48761_20260714_102348_bootstrapgae_nocompile
175,u0175,32.0,60.51565460301936,3603.545958593488,-23701.93482663573,0.916599222306162,0.0651014535102058,5.144312631015955,6.444660607258209,0.9175334180090576,0.916599222306162,0.0183015518824815,0.0651014535102058,0.5242291814386845,0.0,32.28481280198321,4519.661455526948,-536593.7463573217,0.4382092664586379,0.4818575640312129,16.5631901928708,42.87186867591738,0.4609209599024616,0.4382092664586379,0.0799353992464774,0.4818575640312129,1.0,0.0,1.0,1.0,1.0,1.0,0.0,0.0,1.0,0.0,1.0,0.0,0.0,0.0,STARS,48761,stability_10seeds_20260714__relational_critic__seed48761_20260714_102348_bootstrapgae_nocompile
200,u0200,32.0,63.39147747284733,3567.394541531801,-26218.42163752811,0.9114551589675248,0.0703823779135564,5.179850926868245,6.733025902336991,0.912048088286072,0.9114551589675248,0.0181646971091269,0.0703823779135564,0.5290625146795065,0.0,32.28481280198321,4519.661455526948,-536593.7463573217,0.4382092664586379,0.4818575640312129,16.5631901928708,42.87186867591738,0.4609209599024616,0.4382092664586379,0.0799353992464774,0.4818575640312129,1.0,0.0,0.0,0.0,0.0,1.0,0.0,0.0,1.0,0.0,1.0,0.0,0.0,0.0,STARS,48761,stability_10seeds_20260714__relational_critic__seed48761_20260714_102348_bootstrapgae_nocompile
225,u0225,32.0,65.31300323316827,3556.338150575757,-20505.7258934138,0.9302795676216484,0.053879068968625,4.75901267581815,5.77420057336643,0.9311354084629564,0.9302795676216484,0.0158435844216974,0.053879068968625,0.5036250137910248,0.0,32.28481280198321,4519.661455526948,-536593.7463573217,0.4382092664586379,0.4818575640312129,16.5631901928708,42.87186867591738,0.4609209599024616,0.4382092664586379,0.0799353992464774,0.4818575640312129,1.0,0.0,1.0,1.0,1.0,1.0,0.0,0.0,1.0,0.0,1.0,0.0,0.0,0.0,STARS,48761,stability_10seeds_20260714__relational_critic__seed48761_20260714_102348_bootstrapgae_nocompile
250,u0250,32.0,68.16694886004552,3557.8495857566595,-20490.497787238088,0.9299019366912542,0.0543724958291532,4.703301075017621,5.736722919557365,0.9305820127688348,0.9299019366912542,0.01572779850448,0.0543724958291532,0.5132916810233147,0.0,32.28481280198321,4519.661455526948,-536593.7463573217,0.4382092664586379,0.4818575640312129,16.5631901928708,42.87186867591738,0.4609209599024616,0.4382092664586379,0.0799353992464774,0.4818575640312129,1.0,0.0,0.0,0.0,0.0,1.0,0.0,0.0,1.0,0.0,1.0,0.0,0.0,0.0,STARS,48761,stability_10seeds_20260714__relational_critic__seed48761_20260714_102348_bootstrapgae_nocompile
275,u0275,32.0,66.66988677205518,3589.6253162175417,-20387.09378492366,0.9328354414757344,0.0517572760370685,4.672609252625995,5.686592885902797,0.9334399621263147,0.9328354414757344,0.0154095150664616,0.0517572760370685,0.5071562643721701,0.0,32.28481280198321,4519.661455526948,-536593.7463573217,0.4382092664586379,0.4818575640312129,16.5631901928708,42.87186867591738,0.4609209599024616,0.4382092664586379,0.0799353992464774,0.4818575640312129,1.0,0.0,1.0,1.0,0.0,0.0,0.0,0.0,0.0,0.0,1.0,0.0,0.0,0.0,STARS,48761,stability_10seeds_20260714__relational_critic__seed48761_20260714_102348_bootstrapgae_nocompile
300,u0300,32.0,69.72303885780275,3577.097437635064,-20577.02789027989,0.9312403958663344,0.053255385137355,4.650621902731839,5.683453633687266,0.9318960915654898,0.9312403958663344,0.0155064470275883,0.053255385137355,0.5697187646199018,0.0,32.28481280198321,4519.661455526948,-536593.7463573217,0.4382092664586379,0.4818575640312129,16.5631901928708,42.87186867591738,0.4609209599024616,0.4382092664586379,0.0799353992464774,0.4818575640312129,1.0,0.0,1.0,1.0,0.0,1.0,0.0,0.0,1.0,0.0,1.0,0.0,0.0,0.0,STARS,48761,stability_10seeds_20260714__relational_critic__seed48761_20260714_102348_bootstrapgae_nocompile
325,u0325,32.0,70.11337809590623,3546.3997258096933,-20323.375375475844,0.9326962171737104,0.0520390954290096,4.641043424096269,5.667721516986536,0.9334161358103152,0.9326962171737104,0.0152669225295969,0.0520390954290096,0.5958333496544509,0.0,32.28481280198321,4519.661455526948,-536593.7463573217,0.4382092664586379,0.4818575640312129,16.5631901928708,42.87186867591738,0.4609209599024616,0.4382092664586379,0.0799353992464774,0.4818575640312129,1.0,0.0,1.0,1.0,0.0,1.0,0.0,0.0,1.0,0.0,1.0,0.0,0.0,0.0,STARS,48761,stability_10seeds_20260714__relational_critic__seed48761_20260714_102348_bootstrapgae_nocompile
350,u0350,32.0,69.09649936575443,3578.9885141402483,-22675.923985328056,0.9221044469289484,0.0605401982297967,4.873823809189805,6.0737795273212845,0.922756441200152,0.9221044469289484,0.0173575910948352,0.0605401982297967,0.572302098883316,0.0,32.28481280198321,4519.661455526948,-536593.7463573217,0.4382092664586379,0.4818575640312129,16.5631901928708,42.87186867591738,0.4609209599024616,0.4382092664586379,0.0799353992464774,0.4818575640312129,1.0,0.0,0.0,0.0,0.0,0.0,1.0,1.0,0.0,1.0,1.0,0.0,0.0,0.0,STARS,48761,stability_10seeds_20260714__relational_critic__seed48761_20260714_102348_bootstrapgae_nocompile
375,u0375,32.0,68.60450542951003,3578.6823195666075,-20855.25879237198,0.9297297944519668,0.0544928131577715,4.725788867289333,5.767840625661884,0.93029512045905,0.9297297944519668,0.0157796256450892,0.0544928131577715,0.591093766245991,0.0,32.28481280198321,4519.661455526948,-536593.7463573217,0.4382092664586379,0.4818575640312129,16.5631901928708,42.87186867591738,0.4609209599024616,0.4382092664586379,0.0799353992464774,0.4818575640312129,1.0,0.0,0.0,0.0,0.0,0.0,0.0,0.0,0.0,2.0,1.0,0.0,0.0,0.0,STARS,48761,stability_10seeds_20260714__relational_critic__seed48761_20260714_102348_bootstrapgae_nocompile
400,u0400,32.0,69.01704197982326,3585.8264761418104,-20922.575446306197,0.9295744177401064,0.0546153102934804,4.694437279457759,5.770653263905267,0.9301641708631068,0.9295744177401064,0.0158124968610603,0.0546153102934804,0.6080625153947622,0.0,32.28481280198321,4519.661455526948,-536593.7463573217,0.4382092664586379,0.4818575640312129,16.5631901928708,42.87186867591738,0.4609209599024616,0.4382092664586379,0.0799353992464774,0.4818575640312129,1.0,0.0,0.0,0.0,0.0,0.0,0.0,0.0,0.0,3.0,1.0,0.0,0.0,0.0,STARS,48761,stability_10seeds_20260714__relational_critic__seed48761_20260714_102348_bootstrapgae_nocompile
425,u0425,32.0,70.52382178604603,3564.5557854175568,-20706.92523319114,0.9302792525906116,0.054036971829956,4.644110888772091,5.7189275355757525,0.9309263429082932,0.9302792525906116,0.0156860079479777,0.054036971829956,0.5653750158101319,0.0,32.28481280198321,4519.661455526948,-536593.7463573217,0.4382092664586379,0.4818575640312129,16.5631901928708,42.87186867591738,0.4609209599024616,0.4382092664586379,0.0799353992464774,0.4818575640312129,1.0,0.0,0.0,0.0,0.0,1.0,0.0,0.0,1.0,0.0,1.0,0.0,0.0,0.0,STARS,48761,stability_10seeds_20260714__relational_critic__seed48761_20260714_102348_bootstrapgae_nocompile
450,u0450,32.0,67.20303179277107,3642.399905219674,-21570.537752345554,0.9260555311050268,0.0574196947063996,4.815142405531935,5.906971778716564,0.9268817342389376,0.9260555311050268,0.0165270136897246,0.0574196947063996,0.5627500136941671,0.0,32.28481280198321,4519.661455526948,-536593.7463573217,0.4382092664586379,0.4818575640312129,16.5631901928708,42.87186867591738,0.4609209599024616,0.4382092664586379,0.0799353992464774,0.4818575640312129,1.0,0.0,0.0,0.0,0.0,0.0,0.0,0.0,0.0,1.0,1.0,0.0,0.0,0.0,STARS,48761,stability_10seeds_20260714__relational_critic__seed48761_20260714_102348_bootstrapgae_nocompile
475,u0475,32.0,68.58814938459545,3589.1274888813496,-20920.56293747099,0.9297607040479776,0.0545190640088294,4.684957256750531,5.7518635627822725,0.9303407139480112,0.9297607040479776,0.015722466628047,0.0545190640088294,0.5736354301050306,0.0,32.28481280198321,4519.661455526948,-536593.7463573217,0.4382092664586379,0.4818575640312129,16.5631901928708,42.87186867591738,0.4609209599024616,0.4382092664586379,0.0799353992464774,0.4818575640312129,1.0,0.0,0.0,0.0,0.0,0.0,0.0,0.0,0.0,2.0,1.0,0.0,0.0,0.0,STARS,48761,stability_10seeds_20260714__relational_critic__seed48761_20260714_102348_bootstrapgae_nocompile
500,u0500,32.0,68.38789265276864,3568.65255138278,-21319.19662943464,0.9303937127087264,0.0539584054422848,4.728341295057651,5.848645927761154,0.9311574533805252,0.9303937127087264,0.0156501033611418,0.0539584054422848,0.5741875141188503,0.0,32.28481280198321,4519.661455526948,-536593.7463573217,0.4382092664586379,0.4818575640312129,16.5631901928708,42.87186867591738,0.4609209599024616,0.4382092664586379,0.0799353992464774,0.4818575640312129,1.0,0.0,0.0,0.0,0.0,0.0,0.0,0.0,0.0,3.0,1.0,0.0,0.0,0.0,STARS,48761,stability_10seeds_20260714__relational_critic__seed48761_20260714_102348_bootstrapgae_nocompile
525,u0525,32.0,69.3786888057366,3535.364973202348,-25071.888601147806,0.9206492042616008,0.0642922420672766,4.530099584802364,5.705771507630773,0.9214186398535968,0.9206492042616008,0.0150607920691449,0.0642922420672766,0.6043541794922203,0.0,32.28481280198321,4519.661455526948,-536593.7463573217,0.4382092664586379,0.4818575640312129,16.5631901928708,42.87186867591738,0.4609209599024616,0.4382092664586379,0.0799353992464774,0.4818575640312129,1.0,0.0,0.0,0.0,0.0,0.0,0.0,0.0,0.0,4.0,1.0,0.0,1.0,1.0,STARS,48761,stability_10seeds_20260714__relational_critic__seed48761_20260714_102348_bootstrapgae_nocompile
25,u0025,32.0,33.246832960052416,4542.768218711019,-217849.93074682355,0.4609248444987461,0.470808114374091,21.599124318629507,65.00340644091368,0.4722614439008758,0.4609248444987461,0.0682692561341373,0.470808114374091,0.9401458367183808,0.0,32.28481280198321,4519.661455526948,-536593.7463573217,0.4382092664586379,0.4818575640312129,16.5631901928708,42.87186867591738,0.4609209599024616,0.4382092664586379,0.0799353992464774,0.4818575640312129,1.0,0.0,1.0,1.0,1.0,1.0,0.0,0.0,1.0,0.0,1.0,0.0,0.0,0.0,STARS,59023,stability_10seeds_20260714__relational_critic__seed59023_20260714_043107_bootstrapgae_nocompile
50,u0050,32.0,35.10987741034478,4336.389524027705,-138148.94365899265,0.5228597742700947,0.4210454069578153,14.629735611069949,32.363615142863246,0.525030841118656,0.5228597742700947,0.0560970402611233,0.4210454069578153,0.9335625056773424,0.0,32.28481280198321,4519.661455526948,-536593.7463573217,0.4382092664586379,0.4818575640312129,16.5631901928708,42.87186867591738,0.4609209599024616,0.4382092664586379,0.0799353992464774,0.4818575640312129,1.0,0.0,1.0,1.0,1.0,1.0,0.0,0.0,1.0,0.0,1.0,0.0,0.0,0.0,STARS,59023,stability_10seeds_20260714__relational_critic__seed59023_20260714_043107_bootstrapgae_nocompile
75,u0075,32.0,36.19002791098319,4206.603964701295,-110328.93714220822,0.5603764701131732,0.3864180914534045,12.567254553176465,25.357236114595093,0.5605417753094808,0.5603764701131732,0.0532076835501234,0.3864180914534045,0.7524271058477461,0.0,32.28481280198321,4519.661455526948,-536593.7463573217,0.4382092664586379,0.4818575640312129,16.5631901928708,42.87186867591738,0.4609209599024616,0.4382092664586379,0.0799353992464774,0.4818575640312129,1.0,0.0,1.0,1.0,1.0,1.0,0.0,0.0,1.0,0.0,1.0,0.0,0.0,0.0,STARS,59023,stability_10seeds_20260714__relational_critic__seed59023_20260714_043107_bootstrapgae_nocompile
100,u0100,32.0,41.1957175093703,3921.21305821836,-47434.72097235918,0.7917488648425787,0.1725497034280515,9.099486691772938,12.86295045489818,0.793216241363436,0.7917488648425787,0.0357036567219552,0.1725497034280515,0.7226041903533041,0.0,32.28481280198321,4519.661455526948,-536593.7463573217,0.4382092664586379,0.4818575640312129,16.5631901928708,42.87186867591738,0.4609209599024616,0.4382092664586379,0.0799353992464774,0.4818575640312129,1.0,0.0,1.0,1.0,1.0,1.0,0.0,0.0,1.0,0.0,1.0,0.0,0.0,0.0,STARS,59023,stability_10seeds_20260714__relational_critic__seed59023_20260714_043107_bootstrapgae_nocompile
125,u0125,32.0,52.80576604930684,3661.6550974547863,-23841.938581666273,0.915783346836455,0.0641193703932076,5.8485372092169925,8.21015916485346,0.9197003646157682,0.915783346836455,0.0200995103551226,0.0641193703932076,0.5423646001350134,0.0,32.28481280198321,4519.661455526948,-536593.7463573217,0.4382092664586379,0.4818575640312129,16.5631901928708,42.87186867591738,0.4609209599024616,0.4382092664586379,0.0799353992464774,0.4818575640312129,1.0,0.0,1.0,1.0,1.0,1.0,0.0,0.0,1.0,0.0,1.0,0.0,0.0,0.0,STARS,59023,stability_10seeds_20260714__relational_critic__seed59023_20260714_043107_bootstrapgae_nocompile
150,u0150,32.0,56.29732597852126,3678.098816469312,-23009.80906863365,0.9185967761452778,0.0633129445010781,5.258061722955209,7.27772609164065,0.9211343790404496,0.9185967761452778,0.0180925290574354,0.0633129445010781,0.5202916817553341,0.0,32.28481280198321,4519.661455526948,-536593.7463573217,0.4382092664586379,0.4818575640312129,16.5631901928708,42.87186867591738,0.4609209599024616,0.4382092664586379,0.0799353992464774,0.4818575640312129,1.0,0.0,1.0,1.0,1.0,1.0,0.0,0.0,1.0,0.0,1.0,0.0,0.0,0.0,STARS,59023,stability_10seeds_20260714__relational_critic__seed59023_20260714_043107_bootstrapgae_nocompile
175,u0175,32.0,56.66194754792377,3720.090242177248,-25068.291814278135,0.914500356061617,0.0656161241696982,5.403156059627043,7.87965501624803,0.9166874010302126,0.914500356061617,0.0198857347641893,0.0656161241696982,0.5731041831988842,0.0,32.28481280198321,4519.661455526948,-536593.7463573217,0.4382092664586379,0.4818575640312129,16.5631901928708,42.87186867591738,0.4609209599024616,0.4382092664586379,0.0799353992464774,0.4818575640312129,1.0,0.0,0.0,0.0,0.0,1.0,0.0,0.0,1.0,0.0,1.0,0.0,0.0,0.0,STARS,59023,stability_10seeds_20260714__relational_critic__seed59023_20260714_043107_bootstrapgae_nocompile
200,u0200,32.0,61.17531493213028,3702.749334722758,-24561.86824964374,0.9233280868697912,0.0592435385178332,5.218465960914356,6.976908013583332,0.9249287392124532,0.9233280868697912,0.0174306011802652,0.0592435385178332,0.5253437655027957,0.0,32.28481280198321,4519.661455526948,-536593.7463573217,0.4382092664586379,0.4818575640312129,16.5631901928708,42.87186867591738,0.4609209599024616,0.4382092664586379,0.0799353992464774,0.4818575640312129,1.0,0.0,1.0,1.0,0.0,1.0,0.0,0.0,1.0,0.0,1.0,0.0,0.0,0.0,STARS,59023,stability_10seeds_20260714__relational_critic__seed59023_20260714_043107_bootstrapgae_nocompile
225,u0225,32.0,64.82519772276282,3657.8622971326113,-21736.130876114086,0.9291881834398954,0.0534829239375612,4.854467259681666,6.623921083693383,0.9310647031255066,0.9291881834398954,0.0173311414060467,0.0534829239375612,0.5907916848752649,0.0,32.28481280198321,4519.661455526948,-536593.7463573217,0.4382092664586379,0.4818575640312129,16.5631901928708,42.87186867591738,0.4609209599024616,0.4382092664586379,0.0799353992464774,0.4818575640312129,1.0,0.0,1.0,1.0,1.0,1.0,0.0,0.0,1.0,0.0,1.0,0.0,0.0,0.0,STARS,59023,stability_10seeds_20260714__relational_critic__seed59023_20260714_043107_bootstrapgae_nocompile
250,u0250,32.0,64.15905264532194,3685.094017341733,-23233.795424144035,0.9260632053939624,0.0560543219521496,4.898313945294065,6.601466722053921,0.9274856454581024,0.9260632053939624,0.0178847065599059,0.0560543219521496,0.4868229312598706,0.0,32.28481280198321,4519.661455526948,-536593.7463573217,0.4382092664586379,0.4818575640312129,16.5631901928708,42.87186867591738,0.4609209599024616,0.4382092664586379,0.0799353992464774,0.4818575640312129,1.0,0.0,0.0,0.0,0.0,0.0,0.0,0.0,0.0,0.0,1.0,0.0,0.0,0.0,STARS,59023,stability_10seeds_20260714__relational_critic__seed59023_20260714_043107_bootstrapgae_nocompile
275,u0275,32.0,65.85489753261209,3648.6937726587057,-21374.283061978374,0.9228856943054122,0.0624738056873884,4.201516336234564,5.572653549724391,0.9245509799234568,0.9228856943054122,0.0146427300176741,0.0624738056873884,0.5228229332063348,0.0,32.28481280198321,4519.661455526948,-536593.7463573217,0.4382092664586379,0.4818575640312129,16.5631901928708,42.87186867591738,0.4609209599024616,0.4382092664586379,0.0799353992464774,0.4818575640312129,1.0,0.0,0.0,0.0,1.0,1.0,0.0,0.0,1.0,0.0,1.0,0.0,0.0,0.0,STARS,59023,stability_10seeds_20260714__relational_critic__seed59023_20260714_043107_bootstrapgae_nocompile
300,u0300,32.0,64.990500993561,3621.742538779974,-19976.88820288037,0.9286881573572754,0.0554938293331115,4.548583630927572,5.7969806603402,0.9300412364862862,0.9286881573572754,0.0158202383445543,0.0554938293331115,0.4501250124089421,0.0,32.28481280198321,4519.661455526948,-536593.7463573217,0.4382092664586379,0.4818575640312129,16.5631901928708,42.87186867591738,0.4609209599024616,0.4382092664586379,0.0799353992464774,0.4818575640312129,1.0,0.0,1.0,1.0,0.0,0.0,0.0,0.0,0.0,1.0,1.0,0.0,0.0,0.0,STARS,59023,stability_10seeds_20260714__relational_critic__seed59023_20260714_043107_bootstrapgae_nocompile
325,u0325,32.0,66.10083824489266,3646.855066269636,-22652.63109250176,0.9238433557897804,0.0579823105386139,4.808438434327399,6.152076121360664,0.9255344301294536,0.9238433557897804,0.0181765675298748,0.0579823105386139,0.5310625168699772,0.0,32.28481280198321,4519.661455526948,-536593.7463573217,0.4382092664586379,0.4818575640312129,16.5631901928708,42.87186867591738,0.4609209599024616,0.4382092664586379,0.0799353992464774,0.4818575640312129,1.0,0.0,1.0,1.0,0.0,0.0,1.0,1.0,0.0,2.0,1.0,0.0,0.0,0.0,STARS,59023,stability_10seeds_20260714__relational_critic__seed59023_20260714_043107_bootstrapgae_nocompile
350,u0350,32.0,58.11292409733869,3389.937760710716,-8378399.0607216945,0.8415942407180554,0.1348962146222911,4.886832468518096,9.371092635689504,0.8421833531542218,0.8415942407180554,0.0235117741101978,0.1348962146222911,0.5842187688238918,0.0,32.28481280198321,4519.661455526948,-536593.7463573217,0.4382092664586379,0.4818575640312129,16.5631901928708,42.87186867591738,0.4609209599024616,0.4382092664586379,0.0799353992464774,0.4818575640312129,1.0,0.0,0.0,0.0,0.0,0.0,0.0,0.0,0.0,3.0,1.0,0.0,0.0,0.0,STARS,59023,stability_10seeds_20260714__relational_critic__seed59023_20260714_043107_bootstrapgae_nocompile
375,u0375,32.0,50.21201598586049,3147.60950230062,-93042283.73599504,0.7888066102995068,0.1800390112940258,5.184606191987303,12.455774182830265,0.7889747389481638,0.7888066102995068,0.0311566177917848,0.1800390112940258,0.5661562667824328,0.0,32.28481280198321,4519.661455526948,-536593.7463573217,0.4382092664586379,0.4818575640312129,16.5631901928708,42.87186867591738,0.4609209599024616,0.4382092664586379,0.0799353992464774,0.4818575640312129,1.0,0.0,0.0,0.0,0.0,0.0,1.0,1.0,0.0,4.0,1.0,0.0,1.0,1.0,STARS,59023,stability_10seeds_20260714__relational_critic__seed59023_20260714_043107_bootstrapgae_nocompile
25,u0025,32.0,32.98084182711318,4529.470587536693,-278166.20171794295,0.4413702010149136,0.4878147481102109,21.042477763161063,62.236320038869984,0.4524472752793227,0.4413702010149136,0.0708172732488815,0.4878147481102109,0.9884166674166917,0.0,32.28481280198321,4519.661455526948,-536593.7463573217,0.4382092664586379,0.4818575640312129,16.5631901928708,42.87186867591738,0.4609209599024616,0.4382092664586379,0.0799353992464774,0.4818575640312129,1.0,0.0,1.0,1.0,1.0,1.0,0.0,0.0,1.0,0.0,1.0,0.0,0.0,0.0,STARS,64217,stability_10seeds_20260714__relational_critic__seed64217_20260714_055407_bootstrapgae_nocompile
50,u0050,32.0,35.18824144685641,4377.225816115737,-135749.59242987633,0.5320911528933793,0.4104625934063438,14.658431153282525,33.43463458431512,0.5353172050844878,0.5320911528933793,0.0574484805888696,0.4104625934063438,0.8697500061653554,0.0,32.28481280198321,4519.661455526948,-536593.7463573217,0.4382092664586379,0.4818575640312129,16.5631901928708,42.87186867591738,0.4609209599024616,0.4382092664586379,0.0799353992464774,0.4818575640312129,1.0,0.0,1.0,1.0,1.0,1.0,0.0,0.0,1.0,0.0,1.0,0.0,0.0,0.0,STARS,64217,stability_10seeds_20260714__relational_critic__seed64217_20260714_055407_bootstrapgae_nocompile
75,u0075,32.0,36.36515255388804,4299.305662214756,-107560.99072135983,0.5803982760263607,0.3675381614533217,13.539080627191812,29.765158271767195,0.5805641238056123,0.5803982760263607,0.0520658063601893,0.3675381614533217,0.7596145972367373,0.0,32.28481280198321,4519.661455526948,-536593.7463573217,0.4382092664586379,0.4818575640312129,16.5631901928708,42.87186867591738,0.4609209599024616,0.4382092664586379,0.0799353992464774,0.4818575640312129,1.0,0.0,1.0,1.0,1.0,1.0,0.0,0.0,1.0,0.0,1.0,0.0,0.0,0.0,STARS,64217,stability_10seeds_20260714__relational_critic__seed64217_20260714_055407_bootstrapgae_nocompile
100,u0100,32.0,36.61076151486486,4198.012563452125,-99890.59446042776,0.6096347670890393,0.2801504250860235,30.467505648385732,64.73008824730664,0.720753915870562,0.6096347670890393,0.1102170400724726,0.2801504250860235,0.8859791786260901,0.0,32.28481280198321,4519.661455526948,-536593.7463573217,0.4382092664586379,0.4818575640312129,16.5631901928708,42.87186867591738,0.4609209599024616,0.4382092664586379,0.0799353992464774,0.4818575640312129,1.0,0.0,1.0,1.0,0.0,0.0,0.0,0.0,1.0,0.0,1.0,0.0,0.0,0.0,STARS,64217,stability_10seeds_20260714__relational_critic__seed64217_20260714_055407_bootstrapgae_nocompile
125,u0125,32.0,46.74206483224407,3881.8424712121487,-29949.13522100449,0.8838953543000388,0.0927519423954909,7.1218294088542455,11.019363886715844,0.887427221963182,0.8838953543000388,0.0233549374698595,0.0927519423954909,0.6788958532866091,0.0,32.28481280198321,4519.661455526948,-536593.7463573217,0.4382092664586379,0.4818575640312129,16.5631901928708,42.87186867591738,0.4609209599024616,0.4382092664586379,0.0799353992464774,0.4818575640312129,1.0,0.0,1.0,1.0,1.0,1.0,0.0,0.0,1.0,0.0,1.0,0.0,0.0,0.0,STARS,64217,stability_10seeds_20260714__relational_critic__seed64217_20260714_055407_bootstrapgae_nocompile
150,u0150,32.0,48.31286048097536,3827.748474001885,-25972.98147540167,0.9116856451211498,0.0639429409854747,7.727796539701522,11.2730013374798,0.919350712424144,0.9116856451211498,0.0243736566340797,0.0639429409854747,0.6433021053429693,0.0,32.28481280198321,4519.661455526948,-536593.7463573217,0.4382092664586379,0.4818575640312129,16.5631901928708,42.87186867591738,0.4609209599024616,0.4382092664586379,0.0799353992464774,0.4818575640312129,1.0,0.0,1.0,1.0,0.0,0.0,0.0,0.0,1.0,0.0,1.0,0.0,0.0,0.0,STARS,64217,stability_10seeds_20260714__relational_critic__seed64217_20260714_055407_bootstrapgae_nocompile
175,u0175,32.0,50.76335715735331,3842.890783891082,-24571.30768638663,0.919903429218568,0.0595498191879942,6.769150252295658,11.353642894225196,0.9243461987953634,0.919903429218568,0.0205489843245686,0.0595498191879942,0.6686562748085707,0.0,32.28481280198321,4519.661455526948,-536593.7463573217,0.4382092664586379,0.4818575640312129,16.5631901928708,42.87186867591738,0.4609209599024616,0.4382092664586379,0.0799353992464774,0.4818575640312129,1.0,0.0,1.0,1.0,0.0,1.0,0.0,0.0,1.0,0.0,1.0,0.0,0.0,0.0,STARS,64217,stability_10seeds_20260714__relational_critic__seed64217_20260714_055407_bootstrapgae_nocompile
200,u0200,32.0,51.56318225013092,3839.3926197737455,-24212.45634470228,0.9242088045177514,0.0553459137518665,6.790426288539543,9.586640456585217,0.928794543525204,0.9242088045177514,0.0204475525035632,0.0553459137518665,0.6336458562593907,0.0,32.28481280198321,4519.661455526948,-536593.7463573217,0.4382092664586379,0.4818575640312129,16.5631901928708,42.87186867591738,0.4609209599024616,0.4382092664586379,0.0799353992464774,0.4818575640312129,1.0,0.0,1.0,1.0,0.0,1.0,0.0,0.0,1.0,0.0,1.0,0.0,0.0,0.0,STARS,64217,stability_10seeds_20260714__relational_critic__seed64217_20260714_055407_bootstrapgae_nocompile
225,u0225,32.0,52.307919731829315,3848.7815038710833,-24362.886758742156,0.9235367828244342,0.0559515778082286,6.7791998476159865,10.16969584561063,0.9283798435982316,0.9235367828244342,0.0205138631322772,0.0559515778082286,0.5973958545085042,0.0,32.28481280198321,4519.661455526948,-536593.7463573217,0.4382092664586379,0.4818575640312129,16.5631901928708,42.87186867591738,0.4609209599024616,0.4382092664586379,0.0799353992464774,0.4818575640312129,1.0,0.0,0.0,0.0,0.0,1.0,0.0,0.0,1.0,0.0,1.0,0.0,0.0,0.0,STARS,64217,stability_10seeds_20260714__relational_critic__seed64217_20260714_055407_bootstrapgae_nocompile
250,u0250,32.0,52.41793130664155,3796.980882540345,-23905.475692447508,0.922241211835295,0.0575518911864801,6.3282594790931315,9.723365746990082,0.9266555237807332,0.922241211835295,0.0202091336384028,0.0575518911864801,0.6193437709044665,0.0,32.28481280198321,4519.661455526948,-536593.7463573217,0.4382092664586379,0.4818575640312129,16.5631901928708,42.87186867591738,0.4609209599024616,0.4382092664586379,0.0799353992464774,0.4818575640312129,1.0,0.0,0.0,0.0,1.0,1.0,0.0,0.0,0.0,0.0,1.0,0.0,0.0,0.0,STARS,64217,stability_10seeds_20260714__relational_critic__seed64217_20260714_055407_bootstrapgae_nocompile
275,u0275,32.0,54.72720710095018,3856.293589577079,-22770.22994039893,0.9257411217580084,0.0556150844725939,6.017366249012696,8.92805334551859,0.9288547771554438,0.9257411217580084,0.0186460385476596,0.0556150844725939,0.5967604374960066,0.0,32.28481280198321,4519.661455526948,-536593.7463573217,0.4382092664586379,0.4818575640312129,16.5631901928708,42.87186867591738,0.4609209599024616,0.4382092664586379,0.0799353992464774,0.4818575640312129,1.0,0.0,1.0,1.0,0.0,1.0,0.0,0.0,1.0,0.0,1.0,0.0,0.0,0.0,STARS,64217,stability_10seeds_20260714__relational_critic__seed64217_20260714_055407_bootstrapgae_nocompile
300,u0300,32.0,55.33725196681917,3810.756847292185,-22874.923388887357,0.9276696980604902,0.0544895521184271,6.037816111354297,8.71056350960856,0.9303973649442197,0.9276696980604902,0.0178429917141661,0.0544895521184271,0.5879166872687638,0.0,32.28481280198321,4519.661455526948,-536593.7463573217,0.4382092664586379,0.4818575640312129,16.5631901928708,42.87186867591738,0.4609209599024616,0.4382092664586379,0.0799353992464774,0.4818575640312129,1.0,0.0,1.0,1.0,0.0,1.0,0.0,0.0,1.0,0.0,1.0,0.0,0.0,0.0,STARS,64217,stability_10seeds_20260714__relational_critic__seed64217_20260714_055407_bootstrapgae_nocompile
325,u0325,32.0,55.28919323068112,3768.145806565881,-22070.482543996182,0.9271292190197856,0.0548311318596924,6.155282336488502,9.128893077421088,0.9300852641854434,0.9271292190197856,0.0180418995465024,0.0548311318596924,0.5751458530686797,0.0,32.28481280198321,4519.661455526948,-536593.7463573217,0.4382092664586379,0.4818575640312129,16.5631901928708,42.87186867591738,0.4609209599024616,0.4382092664586379,0.0799353992464774,0.4818575640312129,1.0,0.0,0.0,0.0,0.0,0.0,0.0,0.0,0.0,1.0,1.0,0.0,0.0,0.0,STARS,64217,stability_10seeds_20260714__relational_critic__seed64217_20260714_055407_bootstrapgae_nocompile
350,u0350,32.0,56.47425719629973,3743.6326088011265,-22110.64088098184,0.929940330413636,0.0519506499307681,6.042363998471119,8.861703122992093,0.9327781795933844,0.929940330413636,0.0181112564215472,0.0519506499307681,0.5634062698315828,0.0,32.28481280198321,4519.661455526948,-536593.7463573217,0.4382092664586379,0.4818575640312129,16.5631901928708,42.87186867591738,0.4609209599024616,0.4382092664586379,0.0799353992464774,0.4818575640312129,1.0,0.0,1.0,1.0,0.0,1.0,0.0,0.0,1.0,0.0,1.0,0.0,0.0,0.0,STARS,64217,stability_10seeds_20260714__relational_critic__seed64217_20260714_055407_bootstrapgae_nocompile
375,u0375,32.0,57.48367931134999,3719.81778550148,-21664.99198761705,0.9268517569820396,0.0558214967031827,5.781011799408952,8.156262675725952,0.9293101405315102,0.9268517569820396,0.0173289852248628,0.0558214967031827,0.5867187707144768,0.0,32.28481280198321,4519.661455526948,-536593.7463573217,0.4382092664586379,0.4818575640312129,16.5631901928708,42.87186867591738,0.4609209599024616,0.4382092664586379,0.0799353992464774,0.4818575640312129,1.0,0.0,0.0,0.0,0.0,1.0,0.0,0.0,1.0,0.0,1.0,0.0,0.0,0.0,STARS,64217,stability_10seeds_20260714__relational_critic__seed64217_20260714_055407_bootstrapgae_nocompile
400,u0400,32.0,57.22892535943538,3757.839531347155,-21852.23582092332,0.9281008723555132,0.0549717632290878,5.77068270736291,8.159333814842453,0.9303544886205346,0.9281008723555132,0.0169296170445163,0.0549717632290878,0.5964896027687938,0.0,32.28481280198321,4519.661455526948,-536593.7463573217,0.4382092664586379,0.4818575640312129,16.5631901928708,42.87186867591738,0.4609209599024616,0.4382092664586379,0.0799353992464774,0.4818575640312129,1.0,0.0,1.0,1.0,0.0,0.0,0.0,0.0,0.0,1.0,1.0,0.0,0.0,0.0,STARS,64217,stability_10seeds_20260714__relational_critic__seed64217_20260714_055407_bootstrapgae_nocompile
425,u0425,32.0,58.87060078466311,3715.903038069606,-24991.051661834892,0.9205603341516106,0.0678224680538633,4.621626963077138,6.341277928851444,0.9222758349943904,0.9205603341516106,0.0116194226624975,0.0678224680538633,0.589958353035152,0.0,32.28481280198321,4519.661455526948,-536593.7463573217,0.4382092664586379,0.4818575640312129,16.5631901928708,42.87186867591738,0.4609209599024616,0.4382092664586379,0.0799353992464774,0.4818575640312129,1.0,0.0,0.0,0.0,1.0,1.0,0.0,0.0,1.0,0.0,1.0,0.0,0.0,0.0,STARS,64217,stability_10seeds_20260714__relational_critic__seed64217_20260714_055407_bootstrapgae_nocompile
450,u0450,32.0,57.99378420971334,3789.48489408195,-21606.920188688644,0.9291043771710248,0.0547314386551115,5.591831130973477,7.7042685109115565,0.9309886158388104,0.9291043771710248,0.0161664112044466,0.0547314386551115,0.6523958555255085,0.0,32.28481280198321,4519.661455526948,-536593.7463573217,0.4382092664586379,0.4818575640312129,16.5631901928708,42.87186867591738,0.4609209599024616,0.4382092664586379,0.0799353992464774,0.4818575640312129,1.0,0.0,1.0,1.0,0.0,0.0,0.0,0.0,0.0,1.0,1.0,0.0,0.0,0.0,STARS,64217,stability_10seeds_20260714__relational_critic__seed64217_20260714_055407_bootstrapgae_nocompile
475,u0475,32.0,56.75168890063651,3744.509672045708,-226157.406060493,0.9250122538097204,0.0595374878259481,5.434758963372495,7.694553411545806,0.9267737070452422,0.9250122538097204,0.0154524866450024,0.0595374878259481,0.6733229389432818,0.0,32.28481280198321,4519.661455526948,-536593.7463573217,0.4382092664586379,0.4818575640312129,16.5631901928708,42.87186867591738,0.4609209599024616,0.4382092664586379,0.0799353992464774,0.4818575640312129,1.0,0.0,1.0,1.0,0.0,0.0,0.0,0.0,0.0,2.0,1.0,0.0,0.0,0.0,STARS,64217,stability_10seeds_20260714__relational_critic__seed64217_20260714_055407_bootstrapgae_nocompile
500,u0500,32.0,39.12898740766104,3426.488031670451,-26035679.503446147,0.8418699188120665,0.1411984295257716,4.692792431619018,7.777611496185419,0.8437409930890424,0.8418699188120665,0.0169339212986697,0.1411984295257716,0.6887708562146871,0.0,32.28481280198321,4519.661455526948,-536593.7463573217,0.4382092664586379,0.4818575640312129,16.5631901928708,42.87186867591738,0.4609209599024616,0.4382092664586379,0.0799353992464774,0.4818575640312129,1.0,0.0,0.0,0.0,0.0,0.0,0.0,0.0,0.0,3.0,1.0,0.0,0.0,0.0,STARS,64217,stability_10seeds_20260714__relational_critic__seed64217_20260714_055407_bootstrapgae_nocompile
525,u0525,32.0,28.85699844150804,3457.654592216015,-2600380.1355940886,0.6123614443554543,0.3474443807134375,8.977268341701476,20.87304986024648,0.61289085525088,0.6123614443554543,0.0401964037396349,0.3474443807134375,0.7459062751438469,0.0,32.28481280198321,4519.661455526948,-536593.7463573217,0.4382092664586379,0.4818575640312129,16.5631901928708,42.87186867591738,0.4609209599024616,0.4382092664586379,0.0799353992464774,0.4818575640312129,1.0,0.0,0.0,0.0,0.0,0.0,1.0,1.0,0.0,4.0,1.0,0.0,1.0,1.0,STARS,64217,stability_10seeds_20260714__relational_critic__seed64217_20260714_055407_bootstrapgae_nocompile
25,u0025,32.0,31.440000735688955,3965.3440597206354,-171003.7438069284,0.4510461302988979,0.4527231342550364,14.267846745296987,38.60754582325616,0.4601144293959613,0.4510461302988979,0.0962341895157203,0.4527231342550364,0.986269797622186,0.125,32.28481280198321,4519.661455526948,-536593.7463573217,0.4382092664586379,0.4818575640312129,16.5631901928708,42.87186867591738,0.4609209599024616,0.4382092664586379,0.0799353992464774,0.4818575640312129,1.0,0.0,1.0,1.0,1.0,1.0,0.0,0.0,1.0,0.0,1.0,0.0,0.0,0.0,STARS,73129,relational_critic__seed73129_20260711_213639_bootstrapgae_nocompile
50,u0050,32.0,33.77823383943178,4453.3536703288555,-192913.3773691952,0.4681835145214574,0.4659445945215503,20.72340907780639,59.98486544236913,0.4813906603888608,0.4681835145214574,0.0658741091788451,0.4659445945215503,0.7424895994476974,0.0,32.28481280198321,4519.661455526948,-536593.7463573217,0.4382092664586379,0.4818575640312129,16.5631901928708,42.87186867591738,0.4609209599024616,0.4382092664586379,0.0799353992464774,0.4818575640312129,1.0,0.0,1.0,0.0,0.0,1.0,0.0,0.0,1.0,0.0,1.0,0.0,0.0,0.0,STARS,73129,relational_critic__seed73129_20260711_213639_bootstrapgae_nocompile
75,u0075,32.0,35.41415097145364,4246.600719854236,-129312.11161743104,0.5294060312360525,0.4128913574765561,14.559973726408554,35.98692238226533,0.5324227343848906,0.5294060312360525,0.057704822723178,0.4128913574765561,0.3831458436250686,0.0,32.28481280198321,4519.661455526948,-536593.7463573217,0.4382092664586379,0.4818575640312129,16.5631901928708,42.87186867591738,0.4609209599024616,0.4382092664586379,0.0799353992464774,0.4818575640312129,1.0,0.0,1.0,1.0,1.0,1.0,0.0,0.0,1.0,0.0,1.0,0.0,0.0,0.0,STARS,73129,relational_critic__seed73129_20260711_213639_bootstrapgae_nocompile
100,u0100,32.0,35.99225600785576,4408.567748457193,-114047.13799920678,0.586352921510581,0.3564058999454019,18.709393377896397,42.83686608313397,0.5945350379738957,0.586352921510581,0.0572434389519521,0.3564058999454019,0.5621354312598705,0.0,32.28481280198321,4519.661455526948,-536593.7463573217,0.4382092664586379,0.4818575640312129,16.5631901928708,42.87186867591738,0.4609209599024616,0.4382092664586379,0.0799353992464774,0.4818575640312129,1.0,0.0,1.0,1.0,0.0,0.0,0.0,0.0,1.0,0.0,1.0,0.0,0.0,0.0,STARS,73129,relational_critic__seed73129_20260711_213639_bootstrapgae_nocompile
125,u0125,32.0,41.96607609279454,3973.944273367524,-45160.423606559634,0.8402079799314961,0.1248712459870255,13.595605638876556,20.02207699432969,0.8501487249452621,0.8402079799314961,0.0349230092717643,0.1248712459870255,0.633145853240043,0.0,32.28481280198321,4519.661455526948,-536593.7463573217,0.4382092664586379,0.4818575640312129,16.5631901928708,42.87186867591738,0.4609209599024616,0.4382092664586379,0.0799353992464774,0.4818575640312129,1.0,0.0,1.0,1.0,1.0,1.0,0.0,0.0,1.0,0.0,1.0,0.0,0.0,0.0,STARS,73129,relational_critic__seed73129_20260711_213639_bootstrapgae_nocompile
150,u0150,32.0,44.19504190376029,3828.361429333687,-36662.388512670994,0.88846978645958,0.0862430891865348,17.11371287610941,22.38107837045192,0.9108580011203884,0.88846978645958,0.0252893476247554,0.0862430891865348,0.7650000175852326,0.0,32.28481280198321,4519.661455526948,-536593.7463573217,0.4382092664586379,0.4818575640312129,16.5631901928708,42.87186867591738,0.4609209599024616,0.4382092664586379,0.0799353992464774,0.4818575640312129,1.0,0.0,1.0,1.0,0.0,0.0,0.0,0.0,1.0,0.0,1.0,0.0,0.0,0.0,STARS,73129,relational_critic__seed73129_20260711_213639_bootstrapgae_nocompile
175,u0175,32.0,60.91548627568409,3705.782001033426,-21836.109212708296,0.9287576410192996,0.0560222636975704,5.093191647051028,6.615473355004575,0.9291997340992092,0.9287576410192996,0.015222314191766,0.0560222636975704,0.5683437633216382,0.0,32.28481280198321,4519.661455526948,-536593.7463573217,0.4382092664586379,0.4818575640312129,16.5631901928708,42.87186867591738,0.4609209599024616,0.4382092664586379,0.0799353992464774,0.4818575640312129,1.0,0.0,1.0,1.0,1.0,1.0,0.0,0.0,1.0,0.0,1.0,0.0,0.0,0.0,STARS,73129,relational_critic__seed73129_20260711_213639_bootstrapgae_nocompile
200,u0200,32.0,65.08233101293445,3683.860926941037,-22184.479080092584,0.9282248953320086,0.055499714948793,5.008018381844713,6.408868914814588,0.9293143708035352,0.9282248953320086,0.0162776335513668,0.055499714948793,0.5502083448451014,0.0,32.28481280198321,4519.661455526948,-536593.7463573217,0.4382092664586379,0.4818575640312129,16.5631901928708,42.87186867591738,0.4609209599024616,0.4382092664586379,0.0799353992464774,0.4818575640312129,1.0,0.0,0.0,1.0,0.0,1.0,0.0,0.0,1.0,0.0,1.0,0.0,0.0,0.0,STARS,73129,relational_critic__seed73129_20260711_213639_bootstrapgae_nocompile
225,u0225,32.0,65.12398983025923,3657.7787515819073,-22160.13325658369,0.926060940157622,0.0578370356672385,5.013822324585882,6.4707612237794025,0.9266354525182398,0.926060940157622,0.0161042640529366,0.0578370356672385,0.5190729280374944,0.0,32.28481280198321,4519.661455526948,-536593.7463573217,0.4382092664586379,0.4818575640312129,16.5631901928708,42.87186867591738,0.4609209599024616,0.4382092664586379,0.0799353992464774,0.4818575640312129,1.0,0.0,0.0,0.0,0.0,1.0,0.0,0.0,0.0,0.0,1.0,0.0,0.0,0.0,STARS,73129,relational_critic__seed73129_20260711_213639_bootstrapgae_nocompile
250,u0250,32.0,65.92975777387619,3634.196774706245,-21382.09415185433,0.9275361140472816,0.0568252957360141,4.8708281940143365,6.370071771948802,0.9281156950611622,0.9275361140472816,0.0156408334661046,0.0568252957360141,0.4297083440907299,0.0,32.28481280198321,4519.661455526948,-536593.7463573217,0.4382092664586379,0.4818575640312129,16.5631901928708,42.87186867591738,0.4609209599024616,0.4382092664586379,0.0799353992464774,0.4818575640312129,1.0,0.0,1.0,1.0,0.0,1.0,0.0,0.0,1.0,0.0,1.0,0.0,0.0,0.0,STARS,73129,relational_critic__seed73129_20260711_213639_bootstrapgae_nocompile
275,u0275,32.0,69.88882738631219,3569.209394738078,-20551.218411973012,0.9281546721998604,0.0583791141209621,4.3720070007295115,5.662149529277358,0.9285227221287788,0.9281546721998604,0.013468452900149,0.0583791141209621,0.4585729279685764,0.0,32.28481280198321,4519.661455526948,-536593.7463573217,0.4382092664586379,0.4818575640312129,16.5631901928708,42.87186867591738,0.4609209599024616,0.4382092664586379,0.0799353992464774,0.4818575640312129,1.0,0.0,1.0,0.0,1.0,1.0,0.0,0.0,1.0,0.0,1.0,0.0,0.0,0.0,STARS,73129,relational_critic__seed73129_20260711_213639_bootstrapgae_nocompile
300,u0300,32.0,69.36690647341311,3580.2154218554497,-20739.22602412845,0.9250791328381746,0.0610243484995899,4.522994467513211,5.806968567769972,0.9255975661370902,0.9250791328381746,0.0138987687659875,0.0610243484995899,0.5914583453908563,0.0,32.28481280198321,4519.661455526948,-536593.7463573217,0.4382092664586379,0.4818575640312129,16.5631901928708,42.87186867591738,0.4609209599024616,0.4382092664586379,0.0799353992464774,0.4818575640312129,1.0,0.0,0.0,0.0,0.0,0.0,0.0,0.0,0.0,1.0,1.0,0.0,0.0,0.0,STARS,73129,relational_critic__seed73129_20260711_213639_bootstrapgae_nocompile
325,u0325,32.0,69.64872455783188,3516.4070166945457,-19893.17843476393,0.9150916784461588,0.0741802135867892,3.7148418587406873,4.840410497768088,0.915450651627034,0.9150916784461588,0.0107303268121521,0.0741802135867892,0.497260428296402,0.0,32.28481280198321,4519.661455526948,-536593.7463573217,0.4382092664586379,0.4818575640312129,16.5631901928708,42.87186867591738,0.4609209599024616,0.4382092664586379,0.0799353992464774,0.4818575640312129,1.0,0.0,0.0,0.0,1.0,1.0,0.0,0.0,0.0,2.0,1.0,0.0,0.0,0.0,STARS,73129,relational_critic__seed73129_20260711_213639_bootstrapgae_nocompile
350,u0350,32.0,69.79691492859274,3547.5721939355135,-19308.319661797053,0.9206288212230432,0.0677975507601695,3.816179538840339,4.9677311623141795,0.9209683194104584,0.9206288212230432,0.0115758498936163,0.0677975507601695,0.5122083452790975,0.0,32.28481280198321,4519.661455526948,-536593.7463573217,0.4382092664586379,0.4818575640312129,16.5631901928708,42.87186867591738,0.4609209599024616,0.4382092664586379,0.0799353992464774,0.4818575640312129,1.0,0.0,1.0,1.0,0.0,1.0,0.0,0.0,0.0,3.0,1.0,0.0,0.0,0.0,STARS,73129,relational_critic__seed73129_20260711_213639_bootstrapgae_nocompile
375,u0375,32.0,68.60586650436744,3580.627479106188,-20474.71567862542,0.9171268431525677,0.0721695344743239,3.6840340439524346,4.798029051789259,0.917491141209379,0.9171268431525677,0.0107058552557326,0.0721695344743239,0.5215625124275685,0.0,32.28481280198321,4519.661455526948,-536593.7463573217,0.4382092664586379,0.4818575640312129,16.5631901928708,42.87186867591738,0.4609209599024616,0.4382092664586379,0.0799353992464774,0.4818575640312129,1.0,0.0,0.0,0.0,0.0,0.0,0.0,0.0,0.0,4.0,1.0,0.0,1.0,1.0,STARS,73129,relational_critic__seed73129_20260711_213639_bootstrapgae_nocompile
25,u0025,32.0,33.05297808232717,4336.026486977935,-230768.48987871408,0.4128265530005421,0.4874794633513766,15.660765916046929,56.09660459624651,0.4550580209143379,0.4128265530005421,0.0996963043210149,0.4874794633513766,0.9307293989617051,0.03125,32.28481280198321,4519.661455526948,-536593.7463573217,0.4382092664586379,0.4818575640312129,16.5631901928708,42.87186867591738,0.4609209599024616,0.4382092664586379,0.0799353992464774,0.4818575640312129,1.0,0.0,1.0,1.0,1.0,1.0,0.0,0.0,1.0,0.0,1.0,0.0,0.0,0.0,STARS,87539,stability_10seeds_20260714__relational_critic__seed87539_20260714_095217_bootstrapgae_nocompile
50,u0050,32.0,35.21938907424919,4260.303943455219,-135307.65785592794,0.5221416884292848,0.4136260869275757,14.091762499498202,31.390155077926806,0.5302434804756194,0.5221416884292848,0.0642344586626987,0.4136260869275757,0.876833346573636,0.0,32.28481280198321,4519.661455526948,-536593.7463573217,0.4382092664586379,0.4818575640312129,16.5631901928708,42.87186867591738,0.4609209599024616,0.4382092664586379,0.0799353992464774,0.4818575640312129,1.0,0.0,1.0,1.0,1.0,1.0,0.0,0.0,1.0,0.0,1.0,0.0,0.0,0.0,STARS,87539,stability_10seeds_20260714__relational_critic__seed87539_20260714_095217_bootstrapgae_nocompile
75,u0075,32.0,35.78627571091056,4178.058754771948,-118929.60520142315,0.552155419351533,0.3953879379202634,12.882726749010384,26.901537379831073,0.5522087682816201,0.552155419351533,0.0524588842946041,0.3953879379202634,0.7812812674120068,0.0,32.28481280198321,4519.661455526948,-536593.7463573217,0.4382092664586379,0.4818575640312129,16.5631901928708,42.87186867591738,0.4609209599024616,0.4382092664586379,0.0799353992464774,0.4818575640312129,1.0,0.0,1.0,1.0,1.0,1.0,0.0,0.0,1.0,0.0,1.0,0.0,0.0,0.0,STARS,87539,stability_10seeds_20260714__relational_critic__seed87539_20260714_095217_bootstrapgae_nocompile
100,u0100,32.0,37.6964919953607,4073.6964897960424,-82627.90535543859,0.6333430758416653,0.3187882748713946,11.686257566744464,20.788344127342107,0.6356781614255159,0.6333430758416653,0.0478708702203807,0.3187882748713946,0.8356562651768328,0.0,32.28481280198321,4519.661455526948,-536593.7463573217,0.4382092664586379,0.4818575640312129,16.5631901928708,42.87186867591738,0.4609209599024616,0.4382092664586379,0.0799353992464774,0.4818575640312129,1.0,0.0,1.0,1.0,1.0,1.0,0.0,0.0,1.0,0.0,1.0,0.0,0.0,0.0,STARS,87539,stability_10seeds_20260714__relational_critic__seed87539_20260714_095217_bootstrapgae_nocompile
125,u0125,32.0,42.67822157870978,3676.4074631631374,-39788.20848104358,0.8158025211952624,0.1404583889196874,8.631734515219925,12.0288784452267,0.8309855855088679,0.8158025211952624,0.04374132091824,0.1404583889196874,0.8180521000772717,0.0,32.28481280198321,4519.661455526948,-536593.7463573217,0.4382092664586379,0.4818575640312129,16.5631901928708,42.87186867591738,0.4609209599024616,0.4382092664586379,0.0799353992464774,0.4818575640312129,1.0,0.0,1.0,1.0,1.0,1.0,0.0,0.0,1.0,0.0,1.0,0.0,0.0,0.0,STARS,87539,stability_10seeds_20260714__relational_critic__seed87539_20260714_095217_bootstrapgae_nocompile
150,u0150,32.0,49.047977621201426,3585.2709861546755,-25716.266550824977,0.890492789078504,0.0698109315841157,8.424548390780693,10.725125594340613,0.914249903695658,0.890492789078504,0.0396985260589776,0.0698109315841157,0.7452500177603214,0.0,32.28481280198321,4519.661455526948,-536593.7463573217,0.4382092664586379,0.4818575640312129,16.5631901928708,42.87186867591738,0.4609209599024616,0.4382092664586379,0.0799353992464774,0.4818575640312129,1.0,0.0,1.0,1.0,0.0,1.0,0.0,0.0,1.0,0.0,1.0,0.0,0.0,0.0,STARS,87539,stability_10seeds_20260714__relational_critic__seed87539_20260714_095217_bootstrapgae_nocompile
175,u0175,32.0,58.11540406616405,3579.0702627897263,-22017.206355130897,0.9190317878350618,0.0571774925194249,5.964059543937112,7.588348317496939,0.9273525425251572,0.9190317878350618,0.023792944565424,0.0571774925194249,0.7466250196397306,0.0,32.28481280198321,4519.661455526948,-536593.7463573217,0.4382092664586379,0.4818575640312129,16.5631901928708,42.87186867591738,0.4609209599024616,0.4382092664586379,0.0799353992464774,0.4818575640312129,1.0,0.0,1.0,1.0,1.0,1.0,0.0,0.0,1.0,0.0,1.0,0.0,0.0,0.0,STARS,87539,stability_10seeds_20260714__relational_critic__seed87539_20260714_095217_bootstrapgae_nocompile
200,u0200,32.0,63.197351647075266,3557.1119860708714,-21369.444889526723,0.9263822164665908,0.0563141041839521,5.284709543087682,6.663638980329241,0.9289255857765676,0.9263822164665908,0.0173059143000688,0.0563141041839521,0.7578125186543909,0.0,32.28481280198321,4519.661455526948,-536593.7463573217,0.4382092664586379,0.4818575640312129,16.5631901928708,42.87186867591738,0.4609209599024616,0.4382092664586379,0.0799353992464774,0.4818575640312129,1.0,0.0,1.0,1.0,1.0,1.0,0.0,0.0,1.0,0.0,1.0,0.0,0.0,0.0,STARS,87539,stability_10seeds_20260714__relational_critic__seed87539_20260714_095217_bootstrapgae_nocompile
225,u0225,32.0,64.50723668374121,3566.2184863835573,-21364.486813729087,0.9250716015342622,0.0569731824606482,5.297115978807913,6.772520372608899,0.9275881108641624,0.9250716015342622,0.0179574578329845,0.0569731824606482,0.7505104360636322,0.0,32.28481280198321,4519.661455526948,-536593.7463573217,0.4382092664586379,0.4818575640312129,16.5631901928708,42.87186867591738,0.4609209599024616,0.4382092664586379,0.0799353992464774,0.4818575640312129,1.0,0.0,0.0,0.0,0.0,1.0,0.0,0.0,1.0,0.0,1.0,0.0,0.0,0.0,STARS,87539,stability_10seeds_20260714__relational_critic__seed87539_20260714_095217_bootstrapgae_nocompile
250,u0250,32.0,64.83755566226318,3613.3910073786974,-21533.566913134207,0.9213921818621452,0.0556036174500723,5.512966756680079,7.112347828207936,0.9291525087580088,0.9213921818621452,0.0230064278362222,0.0556036174500723,0.7597500188276172,0.0,32.28481280198321,4519.661455526948,-536593.7463573217,0.4382092664586379,0.4818575640312129,16.5631901928708,42.87186867591738,0.4609209599024616,0.4382092664586379,0.0799353992464774,0.4818575640312129,1.0,0.0,0.0,1.0,0.0,1.0,0.0,0.0,1.0,0.0,1.0,0.0,0.0,0.0,STARS,87539,stability_10seeds_20260714__relational_critic__seed87539_20260714_095217_bootstrapgae_nocompile
275,u0275,32.0,63.11895110877231,3592.5634564608335,-21876.28741249007,0.9178190167993308,0.0561686523275737,5.853693877787215,7.614964044071781,0.928832048688084,0.9178190167993308,0.0260145628228829,0.0561686523275737,0.7901875157356262,0.0,32.28481280198321,4519.661455526948,-536593.7463573217,0.4382092664586379,0.4818575640312129,16.5631901928708,42.87186867591738,0.4609209599024616,0.4382092664586379,0.0799353992464774,0.4818575640312129,1.0,0.0,0.0,0.0,0.0,0.0,1.0,0.0,0.0,0.0,1.0,0.0,0.0,0.0,STARS,87539,stability_10seeds_20260714__relational_critic__seed87539_20260714_095217_bootstrapgae_nocompile
300,u0300,32.0,65.73016053019091,3589.683136329055,-21946.915716754684,0.9224280716273936,0.0563397164434818,5.607559198151693,7.265251971389241,0.9286880488656462,0.9224280716273936,0.0212344425475513,0.0563397164434818,0.7337812665645034,0.0,32.28481280198321,4519.661455526948,-536593.7463573217,0.4382092664586379,0.4818575640312129,16.5631901928708,42.87186867591738,0.4609209599024616,0.4382092664586379,0.0799353992464774,0.4818575640312129,1.0,0.0,1.0,0.0,0.0,1.0,0.0,0.0,1.0,0.0,1.0,0.0,0.0,0.0,STARS,87539,stability_10seeds_20260714__relational_critic__seed87539_20260714_095217_bootstrapgae_nocompile
325,u0325,32.0,63.49918874446303,3667.538747176528,-23231.19584173855,0.922444944543764,0.0578643886462377,5.921295687683628,7.718203374035837,0.9266237713582816,0.922444944543764,0.0196928808490339,0.0578643886462377,0.8368750160858034,0.0,32.28481280198321,4519.661455526948,-536593.7463573217,0.4382092664586379,0.4818575640312129,16.5631901928708,42.87186867591738,0.4609209599024616,0.4382092664586379,0.0799353992464774,0.4818575640312129,1.0,0.0,0.0,0.0,0.0,0.0,0.0,0.0,0.0,1.0,1.0,0.0,0.0,0.0,STARS,87539,stability_10seeds_20260714__relational_critic__seed87539_20260714_095217_bootstrapgae_nocompile
350,u0350,32.0,63.20680440310389,3621.383972734213,-22184.456476144733,0.9169786030519752,0.0611321251329668,5.827168368742221,7.66125937467215,0.9235721333697438,0.9169786030519752,0.0218914963454395,0.0611321251329668,0.8334791824817656,0.0,32.28481280198321,4519.661455526948,-536593.7463573217,0.4382092664586379,0.4818575640312129,16.5631901928708,42.87186867591738,0.4609209599024616,0.4382092664586379,0.0799353992464774,0.4818575640312129,1.0,0.0,0.0,0.0,0.0,0.0,0.0,0.0,0.0,2.0,1.0,0.0,0.0,0.0,STARS,87539,stability_10seeds_20260714__relational_critic__seed87539_20260714_095217_bootstrapgae_nocompile
375,u0375,32.0,56.893496952950954,3540.23834168911,-3335254.963420297,0.8902027083672583,0.0895639677798753,5.677263685060266,7.804443713258388,0.8940973950084298,0.8902027083672583,0.0202355630470356,0.0895639677798753,0.8392500155940652,0.0,32.28481280198321,4519.661455526948,-536593.7463573217,0.4382092664586379,0.4818575640312129,16.5631901928708,42.87186867591738,0.4609209599024616,0.4382092664586379,0.0799353992464774,0.4818575640312129,1.0,0.0,0.0,0.0,0.0,0.0,0.0,0.0,0.0,3.0,1.0,0.0,0.0,0.0,STARS,87539,stability_10seeds_20260714__relational_critic__seed87539_20260714_095217_bootstrapgae_nocompile
400,u0400,32.0,53.67849485739134,3562.8412630856037,-7840145.152509042,0.8655156016685067,0.1171495129159461,5.015188027978663,7.192431614375517,0.8683261935729535,0.8655156016685067,0.0173371114677491,0.1171495129159461,0.8557708470970392,0.0,32.28481280198321,4519.661455526948,-536593.7463573217,0.4382092664586379,0.4818575640312129,16.5631901928708,42.87186867591738,0.4609209599024616,0.4382092664586379,0.0799353992464774,0.4818575640312129,1.0,0.0,0.0,0.0,1.0,1.0,0.0,0.0,0.0,4.0,1.0,0.0,1.0,1.0,STARS,87539,stability_10seeds_20260714__relational_critic__seed87539_20260714_095217_bootstrapgae_nocompile
25,u0025,32.0,33.14110745838843,4447.079676806927,-244073.94420951605,0.4492934667395893,0.4817625945964965,16.310842048391702,51.14196854123473,0.4568796370639466,0.4492934667395893,0.0689461777190476,0.4817625945964965,0.774562516454607,0.0,32.28481280198321,4519.661455526948,-536593.7463573217,0.4382092664586379,0.4818575640312129,16.5631901928708,42.87186867591738,0.4609209599024616,0.4382092664586379,0.0799353992464774,0.4818575640312129,1.0,0.0,1.0,1.0,1.0,1.0,0.0,0.0,1.0,0.0,1.0,0.0,0.0,0.0,STARS,91457,relational_critic__seed91457_20260711_213639_bootstrapgae_nocompile
50,u0050,32.0,34.42431807122193,4397.888547286391,-161347.52524149418,0.5005708402036688,0.4351269894710058,20.26421607462689,55.174402604307986,0.5102086907546034,0.5005708402036688,0.0643044123311487,0.4351269894710058,0.8374166778959333,0.0,32.28481280198321,4519.661455526948,-536593.7463573217,0.4382092664586379,0.4818575640312129,16.5631901928708,42.87186867591738,0.4609209599024616,0.4382092664586379,0.0799353992464774,0.4818575640312129,1.0,0.0,1.0,1.0,0.0,0.0,0.0,0.0,1.0,0.0,1.0,0.0,0.0,0.0,STARS,91457,relational_critic__seed91457_20260711_213639_bootstrapgae_nocompile
75,u0075,32.0,35.67609185143374,4469.079471200705,-121260.01436686516,0.5978555645998566,0.3273448127902029,26.743365895804025,60.3883132801652,0.6421523558311165,0.5978555645998566,0.0748018666480365,0.3273448127902029,0.8714791801087558,0.0,32.28481280198321,4519.661455526948,-536593.7463573217,0.4382092664586379,0.4818575640312129,16.5631901928708,42.87186867591738,0.4609209599024616,0.4382092664586379,0.0799353992464774,0.4818575640312129,1.0,0.0,1.0,1.0,0.0,0.0,0.0,0.0,1.0,0.0,1.0,0.0,0.0,0.0,STARS,91457,relational_critic__seed91457_20260711_213639_bootstrapgae_nocompile
100,u0100,32.0,40.13830957422033,4198.527596563101,-55494.86399838328,0.800902286015451,0.1575652192593188,15.711956145491444,23.05662748144194,0.8134442597758025,0.800902286015451,0.0415347506732159,0.1575652192593188,0.7808646034114062,0.0,32.28481280198321,4519.661455526948,-536593.7463573217,0.4382092664586379,0.4818575640312129,16.5631901928708,42.87186867591738,0.4609209599024616,0.4382092664586379,0.0799353992464774,0.4818575640312129,1.0,0.0,1.0,1.0,0.0,1.0,0.0,0.0,1.0,0.0,1.0,0.0,0.0,0.0,STARS,91457,relational_critic__seed91457_20260711_213639_bootstrapgae_nocompile
125,u0125,32.0,41.237186406739056,3971.019726112485,-47623.36981147528,0.8370759119577705,0.1037926030856088,22.55158539999277,31.73518741546572,0.9001966365519911,0.8370759119577705,0.0591336956364242,0.1037926030856088,0.7735416828356683,0.0,32.28481280198321,4519.661455526948,-536593.7463573217,0.4382092664586379,0.4818575640312129,16.5631901928708,42.87186867591738,0.4609209599024616,0.4382092664586379,0.0799353992464774,0.4818575640312129,1.0,0.0,1.0,1.0,0.0,0.0,0.0,0.0,1.0,0.0,1.0,0.0,0.0,0.0,STARS,91457,relational_critic__seed91457_20260711_213639_bootstrapgae_nocompile
150,u0150,32.0,49.83360035135411,3911.82082311809,-27607.78607556876,0.9173310676869004,0.0642361187011902,7.502681986127979,12.983749451735054,0.9205822240449486,0.9173310676869004,0.0184350467265448,0.0642361187011902,0.6984687703642993,0.0,32.28481280198321,4519.661455526948,-536593.7463573217,0.4382092664586379,0.4818575640312129,16.5631901928708,42.87186867591738,0.4609209599024616,0.4382092664586379,0.0799353992464774,0.4818575640312129,1.0,0.0,1.0,1.0,1.0,1.0,0.0,0.0,1.0,0.0,1.0,0.0,0.0,0.0,STARS,91457,relational_critic__seed91457_20260711_213639_bootstrapgae_nocompile
175,u0175,32.0,53.523879397660494,3810.7584007829423,-26099.731058301695,0.9186272356947884,0.0625939334302111,6.061772490958829,11.404096913946024,0.9196564407050608,0.9186272356947884,0.0187810525525219,0.0625939334302111,0.672875013737008,0.0,32.28481280198321,4519.661455526948,-536593.7463573217,0.4382092664586379,0.4818575640312129,16.5631901928708,42.87186867591738,0.4609209599024616,0.4382092664586379,0.0799353992464774,0.4818575640312129,1.0,0.0,1.0,1.0,1.0,1.0,0.0,0.0,1.0,0.0,1.0,0.0,0.0,0.0,STARS,91457,relational_critic__seed91457_20260711_213639_bootstrapgae_nocompile
200,u0200,32.0,55.61046629725024,3751.7686400413513,-24375.16716558652,0.9225529641974716,0.0606021771752948,5.763371442856718,11.209417880505976,0.9233581193387508,0.9225529641974716,0.016847091313573,0.0606021771752948,0.6582500108703971,0.0,32.28481280198321,4519.661455526948,-536593.7463573217,0.4382092664586379,0.4818575640312129,16.5631901928708,42.87186867591738,0.4609209599024616,0.4382092664586379,0.0799353992464774,0.4818575640312129,1.0,0.0,1.0,1.0,0.0,1.0,0.0,0.0,1.0,0.0,1.0,0.0,0.0,0.0,STARS,91457,relational_critic__seed91457_20260711_213639_bootstrapgae_nocompile
225,u0225,32.0,58.27494512335397,3748.7888245135546,-24519.662463440516,0.9235267256330698,0.0600926057631204,5.496029625707768,10.089478482923903,0.9241218500621616,0.9235267256330698,0.0163828999160025,0.0600926057631204,0.6197708428967744,0.0,32.28481280198321,4519.661455526948,-536593.7463573217,0.4382092664586379,0.4818575640312129,16.5631901928708,42.87186867591738,0.4609209599024616,0.4382092664586379,0.0799353992464774,0.4818575640312129,1.0,0.0,1.0,1.0,0.0,1.0,0.0,0.0,1.0,0.0,1.0,0.0,0.0,0.0,STARS,91457,relational_critic__seed91457_20260711_213639_bootstrapgae_nocompile
250,u0250,32.0,58.192958327475935,3734.849709779024,-22619.98951279618,0.928947147279978,0.0546349663707965,5.277126465563542,9.076736034981565,0.9299706140942868,0.928947147279978,0.0164201235000764,0.0546349663707965,0.6108437599930912,0.0,32.28481280198321,4519.661455526948,-536593.7463573217,0.4382092664586379,0.4818575640312129,16.5631901928708,42.87186867591738,0.4609209599024616,0.4382092664586379,0.0799353992464774,0.4818575640312129,1.0,0.0,1.0,1.0,0.0,0.0,0.0,0.0,0.0,0.0,1.0,0.0,0.0,0.0,STARS,91457,relational_critic__seed91457_20260711_213639_bootstrapgae_nocompile
275,u0275,32.0,57.06450790166855,3756.9168843626976,-23138.91816029648,0.9234630251741036,0.0588697931053419,5.379050734234323,9.510765791313354,0.9248195216730236,0.9234630251741036,0.0176694134924871,0.0588697931053419,0.6756041767131536,0.0,32.28481280198321,4519.661455526948,-536593.7463573217,0.4382092664586379,0.4818575640312129,16.5631901928708,42.87186867591738,0.4609209599024616,0.4382092664586379,0.0799353992464774,0.4818575640312129,1.0,0.0,0.0,1.0,0.0,0.0,0.0,0.0,0.0,0.0,1.0,0.0,0.0,0.0,STARS,91457,relational_critic__seed91457_20260711_213639_bootstrapgae_nocompile
300,u0300,32.0,57.37155178748071,3753.4418965280056,-25042.067406759004,0.9165785906864332,0.0641852950256463,5.580699846615035,10.488696254536992,0.9182684262469412,0.9165785906864332,0.0192383374535686,0.0641852950256463,0.6592187594566493,0.0,32.28481280198321,4519.661455526948,-536593.7463573217,0.4382092664586379,0.4818575640312129,16.5631901928708,42.87186867591738,0.4609209599024616,0.4382092664586379,0.0799353992464774,0.4818575640312129,1.0,0.0,0.0,0.0,0.0,0.0,0.0,0.0,0.0,1.0,1.0,0.0,0.0,0.0,STARS,91457,relational_critic__seed91457_20260711_213639_bootstrapgae_nocompile
325,u0325,32.0,59.429555382113904,3742.998988866806,-24091.49537430494,0.9210275689112024,0.0604022754584075,5.448973872399555,9.745787204116256,0.9226327227111906,0.9210275689112024,0.0185724050123043,0.0604022754584075,0.6289270949196073,0.0,32.28481280198321,4519.661455526948,-536593.7463573217,0.4382092664586379,0.4818575640312129,16.5631901928708,42.87186867591738,0.4609209599024616,0.4382092664586379,0.0799353992464774,0.4818575640312129,1.0,0.0,0.0,0.0,0.0,1.0,0.0,0.0,1.0,0.0,1.0,0.0,0.0,0.0,STARS,91457,relational_critic__seed91457_20260711_213639_bootstrapgae_nocompile
350,u0350,32.0,59.889969263225794,3733.125859260559,-25554.884068537773,0.9143741602860392,0.0675744990577495,5.433796537825781,9.669439465784688,0.9151562497541308,0.9143741602860392,0.0180535689080494,0.0675744990577495,0.6331458457317202,0.0,32.28481280198321,4519.661455526948,-536593.7463573217,0.4382092664586379,0.4818575640312129,16.5631901928708,42.87186867591738,0.4609209599024616,0.4382092664586379,0.0799353992464774,0.4818575640312129,1.0,0.0,0.0,0.0,0.0,1.0,0.0,0.0,1.0,0.0,1.0,0.0,0.0,0.0,STARS,91457,relational_critic__seed91457_20260711_213639_bootstrapgae_nocompile
375,u0375,32.0,60.29011771688238,3709.9382858276367,-25075.733815556,0.9149685928998516,0.0670871952251691,5.321674662644548,8.59877434540028,0.915941609302536,0.9149685928998516,0.0179464479336518,0.0670871952251691,0.685135429309681,0.0,32.28481280198321,4519.661455526948,-536593.7463573217,0.4382092664586379,0.4818575640312129,16.5631901928708,42.87186867591738,0.4609209599024616,0.4382092664586379,0.0799353992464774,0.4818575640312129,1.0,0.0,1.0,0.0,0.0,1.0,0.0,0.0,1.0,0.0,1.0,0.0,0.0,0.0,STARS,91457,relational_critic__seed91457_20260711_213639_bootstrapgae_nocompile
400,u0400,32.0,63.825984227936715,3663.157548040152,-20969.873355401025,0.9310580656044184,0.0528638921121528,4.970884805421949,7.475537468239533,0.9321516151688992,0.9310580656044184,0.0160802763905917,0.0528638921121528,0.6875520951170473,0.0,32.28481280198321,4519.661455526948,-536593.7463573217,0.4382092664586379,0.4818575640312129,16.5631901928708,42.87186867591738,0.4609209599024616,0.4382092664586379,0.0799353992464774,0.4818575640312129,1.0,0.0,1.0,1.0,1.0,1.0,0.0,0.0,1.0,0.0,1.0,0.0,0.0,0.0,STARS,91457,relational_critic__seed91457_20260711_213639_bootstrapgae_nocompile
425,u0425,32.0,61.720444158650935,3718.2045445740223,-22630.97746579185,0.9297260612491516,0.0535378213331287,5.238610713646585,7.313996585829508,0.9305114446412772,0.9297260612491516,0.0167383619119701,0.0535378213331287,0.6900208457093686,0.0,32.28481280198321,4519.661455526948,-536593.7463573217,0.4382092664586379,0.4818575640312129,16.5631901928708,42.87186867591738,0.4609209599024616,0.4382092664586379,0.0799353992464774,0.4818575640312129,1.0,0.0,1.0,1.0,0.0,1.0,0.0,0.0,1.0,0.0,1.0,0.0,0.0,0.0,STARS,91457,relational_critic__seed91457_20260712_124615_resume_u0400_bootstrapgae_nocompile
450,u0450,32.0,62.549403737764806,3683.103555485606,-24140.481072122173,0.9198520525824276,0.0627126413591452,5.311785542567625,7.343501412201707,0.9210512047111988,0.9198520525824276,0.0174375288599218,0.0627126413591452,0.7140208459366113,0.0,32.28481280198321,4519.661455526948,-536593.7463573217,0.4382092664586379,0.4818575640312129,16.5631901928708,42.87186867591738,0.4609209599024616,0.4382092664586379,0.0799353992464774,0.4818575640312129,1.0,0.0,0.0,0.0,0.0,1.0,0.0,0.0,1.0,0.0,1.0,0.0,0.0,0.0,STARS,91457,relational_critic__seed91457_20260712_124615_resume_u0400_bootstrapgae_nocompile
475,u0475,32.0,66.79492760589346,3671.786442011595,-22999.5996834876,0.928737567137927,0.0556432519106056,5.1105667381356685,6.751855782850537,0.9294859027471394,0.928737567137927,0.0156214098785706,0.0556432519106056,0.6426041791737078,0.0,32.28481280198321,4519.661455526948,-536593.7463573217,0.4382092664586379,0.4818575640312129,16.5631901928708,42.87186867591738,0.4609209599024616,0.4382092664586379,0.0799353992464774,0.4818575640312129,1.0,0.0,1.0,1.0,0.0,1.0,0.0,0.0,1.0,0.0,1.0,0.0,0.0,0.0,STARS,91457,relational_critic__seed91457_20260712_124615_resume_u0400_bootstrapgae_nocompile
500,u0500,32.0,66.23989971214905,3686.0595798790455,-23628.02322223978,0.9258624343043192,0.0582520577849536,5.112242206346851,6.839527034443849,0.92675164671056,0.9258624343043192,0.015887750930825,0.0582520577849536,0.6133750112261622,0.0,32.28481280198321,4519.661455526948,-536593.7463573217,0.4382092664586379,0.4818575640312129,16.5631901928708,42.87186867591738,0.4609209599024616,0.4382092664586379,0.0799353992464774,0.4818575640312129,1.0,0.0,0.0,0.0,0.0,0.0,0.0,0.0,0.0,1.0,1.0,0.0,0.0,0.0,STARS,91457,relational_critic__seed91457_20260712_124615_resume_u0400_bootstrapgae_nocompile
525,u0525,32.0,67.13627109583467,3650.576836541295,-21619.467471130654,0.9291009633839128,0.0548952615158959,4.994075519352457,6.353872544995119,0.930174560133368,0.9291009633839128,0.0160060103805413,0.0548952615158959,0.5995000120867046,0.0,32.28481280198321,4519.661455526948,-536593.7463573217,0.4382092664586379,0.4818575640312129,16.5631901928708,42.87186867591738,0.4609209599024616,0.4382092664586379,0.0799353992464774,0.4818575640312129,1.0,0.0,0.0,1.0,0.0,1.0,0.0,0.0,1.0,0.0,1.0,0.0,0.0,0.0,STARS,91457,relational_critic__seed91457_20260712_124615_resume_u0400_bootstrapgae_nocompile
550,u0550,32.0,65.71934848767705,3635.9251344949007,-113966.17862551787,0.9122170347943904,0.0696975477737123,5.512607321085803,7.6195926008202,0.9130695932935924,0.9122170347943904,0.0180876443560533,0.0696975477737123,0.6089479300715028,0.0,32.28481280198321,4519.661455526948,-536593.7463573217,0.4382092664586379,0.4818575640312129,16.5631901928708,42.87186867591738,0.4609209599024616,0.4382092664586379,0.0799353992464774,0.4818575640312129,1.0,0.0,0.0,0.0,0.0,0.0,1.0,1.0,0.0,1.0,1.0,0.0,0.0,0.0,STARS,91457,relational_critic__seed91457_20260712_124615_resume_u0400_bootstrapgae_nocompile
575,u0575,32.0,60.66634416254237,3462.5255559831858,-5245466.6504233545,0.8745709834583103,0.1045282331303881,5.958151680343211,9.350540897515645,0.875716794187203,0.8745709834583103,0.0209030337314042,0.1045282331303881,0.6171770961247385,0.0,32.28481280198321,4519.661455526948,-536593.7463573217,0.4382092664586379,0.4818575640312129,16.5631901928708,42.87186867591738,0.4609209599024616,0.4382092664586379,0.0799353992464774,0.4818575640312129,1.0,0.0,0.0,0.0,0.0,0.0,1.0,2.0,0.0,2.0,1.0,0.0,0.0,0.0,STARS,91457,relational_critic__seed91457_20260712_124615_resume_u0400_bootstrapgae_nocompile
600,u0600,32.0,62.89995558606461,3451.433346822858,-4142212.114888834,0.8731881864685564,0.1105539080743455,5.110880346434902,7.773533917674966,0.8740562584418805,0.8731881864685564,0.0162601310290567,0.1105539080743455,0.6490416808295996,0.0,32.28481280198321,4519.661455526948,-536593.7463573217,0.4382092664586379,0.4818575640312129,16.5631901928708,42.87186867591738,0.4609209599024616,0.4382092664586379,0.0799353992464774,0.4818575640312129,1.0,0.0,0.0,0.0,0.0,0.0,0.0,0.0,0.0,3.0,1.0,0.0,0.0,0.0,STARS,91457,relational_critic__seed91457_20260712_124615_resume_u0400_bootstrapgae_nocompile
625,u0625,32.0,60.54118931968696,3355.721212401986,-16596841.923924277,0.8487419223859908,0.1356772671125727,5.147305117037128,8.060638504211749,0.8492810147162527,0.8487419223859908,0.0155830303325567,0.1356772671125727,0.6551250139735638,0.0,32.28481280198321,4519.661455526948,-536593.7463573217,0.4382092664586379,0.4818575640312129,16.5631901928708,42.87186867591738,0.4609209599024616,0.4382092664586379,0.0799353992464774,0.4818575640312129,1.0,0.0,0.0,0.0,0.0,0.0,0.0,0.0,0.0,4.0,1.0,0.0,1.0,1.0,STARS,91457,relational_critic__seed91457_20260712_124615_resume_u0400_bootstrapgae_nocompile
