table_family,row_id,row_scope,scenario,kind,method,method_role,training_seed,return_target,checkpoint_update,config,checkpoint,remote_run_dir,remote_out_dir,local_metrics_file,remote_metrics_file,metrics_row_selector,eval_seed_base,eval_seed_bases,episodes_per_seed,total_episodes,num_envs,git_branch,git_commit,status,reward_sum,reward_mean,reward_std,processed_ratio_eval,processed_mean,drop_ratio_eval,drop_mean,gu_drop_ratio,uav_drop_ratio,sat_drop_ratio,pre_backlog_steps_eval,D_sys_report,queue_total_mean,sat_overlap_eval,sat_overlap_mean,collision_episode_fraction,collision_mean,terminated_early,episode_length,outflow_arrival_ratio,best_learned,best_learned_checkpoint,best_learned_reward_mean,best_baseline,best_baseline_reward_mean,delta_mean,delta_min_across_seeds,rank_mean,rank_min,rank_max,best_update_validation,best_reward_validation,final_update_validation,final_reward_validation,heldout_best_reward,heldout_final_reward,stop_reason,source_row_count,notes
phase3_same_scale_zero_shot,hotspot_sparse_3uav20gu_t250__learned__phase2_bootstrap_seed45211_u575__980000,evaluation seed row,hotspot_sparse_3uav20gu_t250,learned,phase2_bootstrap_seed45211_u575,learned_policy,45211,bootstrap_gae,575,configs/experiments/phase3_generalization/hotspot_sparse_3uav20gu_t250.yaml,/home/sgy/workspace/sagin_marl/runs/method_validation/horizon_fairness_mc_vs_bootstrap_threshold_u0_rep2_20260625_204118/bootstrap_seed45211/checkpoint_update0575.pt,/home/sgy/workspace/sagin_marl/runs/phase3/zero_shot/zero_shot_seed45211_ckpts_vs_baselines_multiseed_20260701_195403,,,/home/sgy/workspace/sagin_marl/runs/phase3/zero_shot/zero_shot_seed45211_ckpts_vs_baselines_multiseed_20260701_195403/all_seed_combined_summary.csv,scenario=hotspot_sparse_3uav20gu_t250;kind=learned;method=phase2_bootstrap_seed45211_u575;episode_seed_base=980000,980000,,64,64,64,codex/phase3-scenario-generalization,16d0936eff57264e0abd2fc80b2d915609bdf6e4,ok,42.966120465658605,,,0.781597399500664,,0.19086435342334557,,,,,6.944603993727944,10.411320720952698,277784156.4093124,0.7652708454355597,,0.0,,0.0,250.0,0.7817590112385874,,,,,,,,,,,,,,,,,,,Strict same-scale zero-shot; representative phase2 MC/bootstrap checkpoints plus seven baselines.
phase3_same_scale_zero_shot,hotspot_wide_3uav20gu_t250__learned__phase2_bootstrap_seed45211_u575__980000,evaluation seed row,hotspot_wide_3uav20gu_t250,learned,phase2_bootstrap_seed45211_u575,learned_policy,45211,bootstrap_gae,575,configs/experiments/phase3_generalization/hotspot_wide_3uav20gu_t250.yaml,/home/sgy/workspace/sagin_marl/runs/method_validation/horizon_fairness_mc_vs_bootstrap_threshold_u0_rep2_20260625_204118/bootstrap_seed45211/checkpoint_update0575.pt,/home/sgy/workspace/sagin_marl/runs/phase3/zero_shot/zero_shot_seed45211_ckpts_vs_baselines_multiseed_20260701_195403,,,/home/sgy/workspace/sagin_marl/runs/phase3/zero_shot/zero_shot_seed45211_ckpts_vs_baselines_multiseed_20260701_195403/all_seed_combined_summary.csv,scenario=hotspot_wide_3uav20gu_t250;kind=learned;method=phase2_bootstrap_seed45211_u575;episode_seed_base=980000,980000,,64,64,64,codex/phase3-scenario-generalization,16d0936eff57264e0abd2fc80b2d915609bdf6e4,ok,41.982903701253235,,,0.8273342752536992,,0.14156960270174745,,,,,8.072492202328519,11.141124402746561,322899684.2636875,0.7621770961955191,,0.0,,0.0,250.0,0.8275231290703491,,,,,,,,,,,,,,,,,,,Strict same-scale zero-shot; representative phase2 MC/bootstrap checkpoints plus seven baselines.
phase3_same_scale_zero_shot,k10_3uav20gu_t250__learned__phase2_bootstrap_seed45211_u575__980000,evaluation seed row,k10_3uav20gu_t250,learned,phase2_bootstrap_seed45211_u575,learned_policy,45211,bootstrap_gae,575,configs/experiments/phase3_generalization/k10_3uav20gu_t250.yaml,/home/sgy/workspace/sagin_marl/runs/method_validation/horizon_fairness_mc_vs_bootstrap_threshold_u0_rep2_20260625_204118/bootstrap_seed45211/checkpoint_update0575.pt,/home/sgy/workspace/sagin_marl/runs/phase3/zero_shot/zero_shot_seed45211_ckpts_vs_baselines_multiseed_20260701_195403,,,/home/sgy/workspace/sagin_marl/runs/phase3/zero_shot/zero_shot_seed45211_ckpts_vs_baselines_multiseed_20260701_195403/all_seed_combined_summary.csv,scenario=k10_3uav20gu_t250;kind=learned;method=phase2_bootstrap_seed45211_u575;episode_seed_base=980000,980000,,64,64,64,codex/phase3-scenario-generalization,16d0936eff57264e0abd2fc80b2d915609bdf6e4,ok,52.30394738726318,,,0.9191120198150169,,0.06033197149506896,,,,,5.415104300710095,7.100894935835367,216604169.28050002,0.722895847020671,,0.0,,0.0,250.0,0.9198815934657504,,,,,,,,,,,,,,,,,,,Strict same-scale zero-shot; representative phase2 MC/bootstrap checkpoints plus seven baselines.
phase3_same_scale_zero_shot,load_high_3uav20gu_t250__learned__phase2_bootstrap_seed45211_u575__980000,evaluation seed row,load_high_3uav20gu_t250,learned,phase2_bootstrap_seed45211_u575,learned_policy,45211,bootstrap_gae,575,configs/experiments/phase3_generalization/load_high_3uav20gu_t250.yaml,/home/sgy/workspace/sagin_marl/runs/method_validation/horizon_fairness_mc_vs_bootstrap_threshold_u0_rep2_20260625_204118/bootstrap_seed45211/checkpoint_update0575.pt,/home/sgy/workspace/sagin_marl/runs/phase3/zero_shot/zero_shot_seed45211_ckpts_vs_baselines_multiseed_20260701_195403,,,/home/sgy/workspace/sagin_marl/runs/phase3/zero_shot/zero_shot_seed45211_ckpts_vs_baselines_multiseed_20260701_195403/all_seed_combined_summary.csv,scenario=load_high_3uav20gu_t250;kind=learned;method=phase2_bootstrap_seed45211_u575;episode_seed_base=980000,980000,,64,64,64,codex/phase3-scenario-generalization,16d0936eff57264e0abd2fc80b2d915609bdf6e4,ok,42.06832491187379,,,0.7485979837032503,,0.22781584607388333,,,,,6.671056434663013,10.721806382961574,400263395.640375,0.7462187622655183,,0.0,,0.0,250.0,0.7492309908473477,,,,,,,,,,,,,,,,,,,Strict same-scale zero-shot; representative phase2 MC/bootstrap checkpoints plus seven baselines.
phase3_same_scale_zero_shot,load_low_3uav20gu_t250__learned__phase2_bootstrap_seed45211_u575__980000,evaluation seed row,load_low_3uav20gu_t250,learned,phase2_bootstrap_seed45211_u575,learned_policy,45211,bootstrap_gae,575,configs/experiments/phase3_generalization/load_low_3uav20gu_t250.yaml,/home/sgy/workspace/sagin_marl/runs/method_validation/horizon_fairness_mc_vs_bootstrap_threshold_u0_rep2_20260625_204118/bootstrap_seed45211/checkpoint_update0575.pt,/home/sgy/workspace/sagin_marl/runs/phase3/zero_shot/zero_shot_seed45211_ckpts_vs_baselines_multiseed_20260701_195403,,,/home/sgy/workspace/sagin_marl/runs/phase3/zero_shot/zero_shot_seed45211_ckpts_vs_baselines_multiseed_20260701_195403/all_seed_combined_summary.csv,scenario=load_low_3uav20gu_t250;kind=learned;method=phase2_bootstrap_seed45211_u575;episode_seed_base=980000,980000,,64,64,64,codex/phase3-scenario-generalization,16d0936eff57264e0abd2fc80b2d915609bdf6e4,ok,210.60824297508225,,,0.9964296300080604,,0.0023938866016833342,,,,,0.7711676993202137,0.9974881993798962,15423353.806000002,0.6942083474732936,,0.0,,0.0,250.0,0.9964286299135829,,,,,,,,,,,,,,,,,,,Strict same-scale zero-shot; representative phase2 MC/bootstrap checkpoints plus seven baselines.
phase3_same_scale_zero_shot,sat_visibility_harder_3uav20gu_t250__learned__phase2_bootstrap_seed45211_u575__980000,evaluation seed row,sat_visibility_harder_3uav20gu_t250,learned,phase2_bootstrap_seed45211_u575,learned_policy,45211,bootstrap_gae,575,configs/experiments/phase3_generalization/sat_visibility_harder_3uav20gu_t250.yaml,/home/sgy/workspace/sagin_marl/runs/method_validation/horizon_fairness_mc_vs_bootstrap_threshold_u0_rep2_20260625_204118/bootstrap_seed45211/checkpoint_update0575.pt,/home/sgy/workspace/sagin_marl/runs/phase3/zero_shot/zero_shot_seed45211_ckpts_vs_baselines_multiseed_20260701_195403,,,/home/sgy/workspace/sagin_marl/runs/phase3/zero_shot/zero_shot_seed45211_ckpts_vs_baselines_multiseed_20260701_195403/all_seed_combined_summary.csv,scenario=sat_visibility_harder_3uav20gu_t250;kind=learned;method=phase2_bootstrap_seed45211_u575;episode_seed_base=980000,980000,,64,64,64,codex/phase3-scenario-generalization,16d0936eff57264e0abd2fc80b2d915609bdf6e4,ok,58.70256495184731,,,0.9001053190603853,,0.06206856451195768,,,,,6.329436800520533,8.459905493985834,253177468.85737506,0.9834895843453704,,0.0,,0.0,250.0,0.9185669600663368,,,,,,,,,,,,,,,,,,,Strict same-scale zero-shot; representative phase2 MC/bootstrap checkpoints plus seven baselines.
phase3_same_scale_zero_shot,hotspot_sparse_3uav20gu_t250__learned__phase2_mc_seed45211_u400__980000,evaluation seed row,hotspot_sparse_3uav20gu_t250,learned,phase2_mc_seed45211_u400,learned_policy,45211,bootstrap_gae,400,configs/experiments/phase3_generalization/hotspot_sparse_3uav20gu_t250.yaml,/home/sgy/workspace/sagin_marl/runs/method_validation/horizon_fairness_mc_vs_bootstrap_threshold_u0_rep2_20260625_204118/mc_seed45211/checkpoint_update0400.pt,/home/sgy/workspace/sagin_marl/runs/phase3/zero_shot/zero_shot_seed45211_ckpts_vs_baselines_multiseed_20260701_195403,,,/home/sgy/workspace/sagin_marl/runs/phase3/zero_shot/zero_shot_seed45211_ckpts_vs_baselines_multiseed_20260701_195403/all_seed_combined_summary.csv,scenario=hotspot_sparse_3uav20gu_t250;kind=learned;method=phase2_mc_seed45211_u400;episode_seed_base=980000,980000,,64,64,64,codex/phase3-scenario-generalization,16d0936eff57264e0abd2fc80b2d915609bdf6e4,ok,42.71288469899446,,,0.7708803919753993,,0.19964212785941624,,,,,7.039310490213799,10.313334962499793,281572416.08631253,0.8992604220658543,,0.0,,0.0,250.0,0.7724990770880298,,,,,,,,,,,,,,,,,,,Strict same-scale zero-shot; representative phase2 MC/bootstrap checkpoints plus seven baselines.
phase3_same_scale_zero_shot,hotspot_wide_3uav20gu_t250__learned__phase2_mc_seed45211_u400__980000,evaluation seed row,hotspot_wide_3uav20gu_t250,learned,phase2_mc_seed45211_u400,learned_policy,45211,bootstrap_gae,400,configs/experiments/phase3_generalization/hotspot_wide_3uav20gu_t250.yaml,/home/sgy/workspace/sagin_marl/runs/method_validation/horizon_fairness_mc_vs_bootstrap_threshold_u0_rep2_20260625_204118/mc_seed45211/checkpoint_update0400.pt,/home/sgy/workspace/sagin_marl/runs/phase3/zero_shot/zero_shot_seed45211_ckpts_vs_baselines_multiseed_20260701_195403,,,/home/sgy/workspace/sagin_marl/runs/phase3/zero_shot/zero_shot_seed45211_ckpts_vs_baselines_multiseed_20260701_195403/all_seed_combined_summary.csv,scenario=hotspot_wide_3uav20gu_t250;kind=learned;method=phase2_mc_seed45211_u400;episode_seed_base=980000,980000,,64,64,64,codex/phase3-scenario-generalization,16d0936eff57264e0abd2fc80b2d915609bdf6e4,ok,42.00761980796233,,,0.8241367663133421,,0.14502502951003504,,,,,8.03542107264325,10.648989954115821,321416839.0017499,0.8982604220472277,,0.0,,0.0,250.0,0.8244468107118456,,,,,,,,,,,,,,,,,,,Strict same-scale zero-shot; representative phase2 MC/bootstrap checkpoints plus seven baselines.
phase3_same_scale_zero_shot,k10_3uav20gu_t250__learned__phase2_mc_seed45211_u400__980000,evaluation seed row,k10_3uav20gu_t250,learned,phase2_mc_seed45211_u400,learned_policy,45211,bootstrap_gae,400,configs/experiments/phase3_generalization/k10_3uav20gu_t250.yaml,/home/sgy/workspace/sagin_marl/runs/method_validation/horizon_fairness_mc_vs_bootstrap_threshold_u0_rep2_20260625_204118/mc_seed45211/checkpoint_update0400.pt,/home/sgy/workspace/sagin_marl/runs/phase3/zero_shot/zero_shot_seed45211_ckpts_vs_baselines_multiseed_20260701_195403,,,/home/sgy/workspace/sagin_marl/runs/phase3/zero_shot/zero_shot_seed45211_ckpts_vs_baselines_multiseed_20260701_195403/all_seed_combined_summary.csv,scenario=k10_3uav20gu_t250;kind=learned;method=phase2_mc_seed45211_u400;episode_seed_base=980000,980000,,64,64,64,codex/phase3-scenario-generalization,16d0936eff57264e0abd2fc80b2d915609bdf6e4,ok,52.02311139355879,,,0.9035049881888552,,0.06761335904572133,,,,,6.095903402498851,8.047883058669136,243836133.17293745,0.8983958387225867,,0.0,,0.0,250.0,0.9127542012526301,,,,,,,,,,,,,,,,,,,Strict same-scale zero-shot; representative phase2 MC/bootstrap checkpoints plus seven baselines.
phase3_same_scale_zero_shot,load_high_3uav20gu_t250__learned__phase2_mc_seed45211_u400__980000,evaluation seed row,load_high_3uav20gu_t250,learned,phase2_mc_seed45211_u400,learned_policy,45211,bootstrap_gae,400,configs/experiments/phase3_generalization/load_high_3uav20gu_t250.yaml,/home/sgy/workspace/sagin_marl/runs/method_validation/horizon_fairness_mc_vs_bootstrap_threshold_u0_rep2_20260625_204118/mc_seed45211/checkpoint_update0400.pt,/home/sgy/workspace/sagin_marl/runs/phase3/zero_shot/zero_shot_seed45211_ckpts_vs_baselines_multiseed_20260701_195403,,,/home/sgy/workspace/sagin_marl/runs/phase3/zero_shot/zero_shot_seed45211_ckpts_vs_baselines_multiseed_20260701_195403/all_seed_combined_summary.csv,scenario=load_high_3uav20gu_t250;kind=learned;method=phase2_mc_seed45211_u400;episode_seed_base=980000,980000,,64,64,64,codex/phase3-scenario-generalization,16d0936eff57264e0abd2fc80b2d915609bdf6e4,ok,41.910261241486296,,,0.7277063221996647,,0.23669883873449596,,,,,7.2898472072687,11.372483570005743,437390843.01912504,0.9095000049769877,,0.0,,0.0,250.0,0.7395560189751597,,,,,,,,,,,,,,,,,,,Strict same-scale zero-shot; representative phase2 MC/bootstrap checkpoints plus seven baselines.
phase3_same_scale_zero_shot,load_low_3uav20gu_t250__learned__phase2_mc_seed45211_u400__980000,evaluation seed row,load_low_3uav20gu_t250,learned,phase2_mc_seed45211_u400,learned_policy,45211,bootstrap_gae,400,configs/experiments/phase3_generalization/load_low_3uav20gu_t250.yaml,/home/sgy/workspace/sagin_marl/runs/method_validation/horizon_fairness_mc_vs_bootstrap_threshold_u0_rep2_20260625_204118/mc_seed45211/checkpoint_update0400.pt,/home/sgy/workspace/sagin_marl/runs/phase3/zero_shot/zero_shot_seed45211_ckpts_vs_baselines_multiseed_20260701_195403,,,/home/sgy/workspace/sagin_marl/runs/phase3/zero_shot/zero_shot_seed45211_ckpts_vs_baselines_multiseed_20260701_195403/all_seed_combined_summary.csv,scenario=load_low_3uav20gu_t250;kind=learned;method=phase2_mc_seed45211_u400;episode_seed_base=980000,980000,,64,64,64,codex/phase3-scenario-generalization,16d0936eff57264e0abd2fc80b2d915609bdf6e4,ok,196.34537549852394,,,0.9944107709471137,,0.00398822298401501,,,,,1.0225495081663898,1.3390690840222024,20450989.928874996,0.8955416720397767,,0.0,,0.0,250.0,0.9944099879562576,,,,,,,,,,,,,,,,,,,Strict same-scale zero-shot; representative phase2 MC/bootstrap checkpoints plus seven baselines.
phase3_same_scale_zero_shot,sat_visibility_harder_3uav20gu_t250__learned__phase2_mc_seed45211_u400__980000,evaluation seed row,sat_visibility_harder_3uav20gu_t250,learned,phase2_mc_seed45211_u400,learned_policy,45211,bootstrap_gae,400,configs/experiments/phase3_generalization/sat_visibility_harder_3uav20gu_t250.yaml,/home/sgy/workspace/sagin_marl/runs/method_validation/horizon_fairness_mc_vs_bootstrap_threshold_u0_rep2_20260625_204118/mc_seed45211/checkpoint_update0400.pt,/home/sgy/workspace/sagin_marl/runs/phase3/zero_shot/zero_shot_seed45211_ckpts_vs_baselines_multiseed_20260701_195403,,,/home/sgy/workspace/sagin_marl/runs/phase3/zero_shot/zero_shot_seed45211_ckpts_vs_baselines_multiseed_20260701_195403/all_seed_combined_summary.csv,scenario=sat_visibility_harder_3uav20gu_t250;kind=learned;method=phase2_mc_seed45211_u400;episode_seed_base=980000,980000,,64,64,64,codex/phase3-scenario-generalization,16d0936eff57264e0abd2fc80b2d915609bdf6e4,ok,58.59679596940987,,,0.8927820659927092,,0.0639079779278791,,,,,6.85576603951081,9.21988791974864,274230638.30881244,0.9946041670106347,,0.0,,0.0,250.0,0.917399627487352,,,,,,,,,,,,,,,,,,,Strict same-scale zero-shot; representative phase2 MC/bootstrap checkpoints plus seven baselines.
phase3_same_scale_zero_shot,hotspot_sparse_3uav20gu_t250__baseline__cluster_center_queue_aware__980000,evaluation seed row,hotspot_sparse_3uav20gu_t250,baseline,cluster_center_queue_aware,non_learning_baseline,,,,configs/experiments/phase3_generalization/hotspot_sparse_3uav20gu_t250.yaml,,/home/sgy/workspace/sagin_marl/runs/phase3/zero_shot/zero_shot_seed45211_ckpts_vs_baselines_multiseed_20260701_195403,,,/home/sgy/workspace/sagin_marl/runs/phase3/zero_shot/zero_shot_seed45211_ckpts_vs_baselines_multiseed_20260701_195403/all_seed_combined_summary.csv,scenario=hotspot_sparse_3uav20gu_t250;kind=baseline;method=cluster_center_queue_aware;episode_seed_base=980000,980000,,64,64,64,codex/phase3-scenario-generalization,16d0936eff57264e0abd2fc80b2d915609bdf6e4,ok,37.377917784266174,,,0.749462169386392,,0.21219880223622123,,,,,8.497469909584058,13.124347027337357,339898792.3181183,0.7898958392981443,,0.015625,,0.015625,246.828125,0.7520271971105345,,,,,,,,,,,,,,,,,,,Strict same-scale zero-shot; representative phase2 MC/bootstrap checkpoints plus seven baselines.
phase3_same_scale_zero_shot,hotspot_wide_3uav20gu_t250__baseline__cluster_center_queue_aware__980000,evaluation seed row,hotspot_wide_3uav20gu_t250,baseline,cluster_center_queue_aware,non_learning_baseline,,,,configs/experiments/phase3_generalization/hotspot_wide_3uav20gu_t250.yaml,,/home/sgy/workspace/sagin_marl/runs/phase3/zero_shot/zero_shot_seed45211_ckpts_vs_baselines_multiseed_20260701_195403,,,/home/sgy/workspace/sagin_marl/runs/phase3/zero_shot/zero_shot_seed45211_ckpts_vs_baselines_multiseed_20260701_195403/all_seed_combined_summary.csv,scenario=hotspot_wide_3uav20gu_t250;kind=baseline;method=cluster_center_queue_aware;episode_seed_base=980000,980000,,64,64,64,codex/phase3-scenario-generalization,16d0936eff57264e0abd2fc80b2d915609bdf6e4,ok,38.87502561521251,,,0.7738146582766201,,0.19028874166315424,,,,,9.350762729981914,13.985417729236188,374030504.75581247,0.7830104227252308,,0.0,,0.0,250.0,0.7738395649901084,,,,,,,,,,,,,,,,,,,Strict same-scale zero-shot; representative phase2 MC/bootstrap checkpoints plus seven baselines.
phase3_same_scale_zero_shot,k10_3uav20gu_t250__baseline__cluster_center_queue_aware__980000,evaluation seed row,k10_3uav20gu_t250,baseline,cluster_center_queue_aware,non_learning_baseline,,,,configs/experiments/phase3_generalization/k10_3uav20gu_t250.yaml,,/home/sgy/workspace/sagin_marl/runs/phase3/zero_shot/zero_shot_seed45211_ckpts_vs_baselines_multiseed_20260701_195403,,,/home/sgy/workspace/sagin_marl/runs/phase3/zero_shot/zero_shot_seed45211_ckpts_vs_baselines_multiseed_20260701_195403/all_seed_combined_summary.csv,scenario=k10_3uav20gu_t250;kind=baseline;method=cluster_center_queue_aware;episode_seed_base=980000,980000,,64,64,64,codex/phase3-scenario-generalization,16d0936eff57264e0abd2fc80b2d915609bdf6e4,ok,42.979383175843395,,,0.8690395823594881,,0.09420301691315768,,,,,7.964492302786093,11.27536330027599,318579688.35156244,0.7595729233901952,,0.0,,0.0,250.0,0.8769348946075168,,,,,,,,,,,,,,,,,,,Strict same-scale zero-shot; representative phase2 MC/bootstrap checkpoints plus seven baselines.
phase3_same_scale_zero_shot,load_high_3uav20gu_t250__baseline__cluster_center_queue_aware__980000,evaluation seed row,load_high_3uav20gu_t250,baseline,cluster_center_queue_aware,non_learning_baseline,,,,configs/experiments/phase3_generalization/load_high_3uav20gu_t250.yaml,,/home/sgy/workspace/sagin_marl/runs/phase3/zero_shot/zero_shot_seed45211_ckpts_vs_baselines_multiseed_20260701_195403,,,/home/sgy/workspace/sagin_marl/runs/phase3/zero_shot/zero_shot_seed45211_ckpts_vs_baselines_multiseed_20260701_195403/all_seed_combined_summary.csv,scenario=load_high_3uav20gu_t250;kind=baseline;method=cluster_center_queue_aware;episode_seed_base=980000,980000,,64,64,64,codex/phase3-scenario-generalization,16d0936eff57264e0abd2fc80b2d915609bdf6e4,ok,40.46276885829866,,,0.7111672969204371,,0.25360470975456567,,,,,7.507067744757979,12.60856475849636,450424075.528125,0.7595729233901952,,0.0,,0.0,250.0,0.721206936644236,,,,,,,,,,,,,,,,,,,Strict same-scale zero-shot; representative phase2 MC/bootstrap checkpoints plus seven baselines.
phase3_same_scale_zero_shot,load_low_3uav20gu_t250__baseline__cluster_center_queue_aware__980000,evaluation seed row,load_low_3uav20gu_t250,baseline,cluster_center_queue_aware,non_learning_baseline,,,,configs/experiments/phase3_generalization/load_low_3uav20gu_t250.yaml,,/home/sgy/workspace/sagin_marl/runs/phase3/zero_shot/zero_shot_seed45211_ckpts_vs_baselines_multiseed_20260701_195403,,,/home/sgy/workspace/sagin_marl/runs/phase3/zero_shot/zero_shot_seed45211_ckpts_vs_baselines_multiseed_20260701_195403/all_seed_combined_summary.csv,scenario=load_low_3uav20gu_t250;kind=baseline;method=cluster_center_queue_aware;episode_seed_base=980000,980000,,64,64,64,codex/phase3-scenario-generalization,16d0936eff57264e0abd2fc80b2d915609bdf6e4,ok,75.99497359339148,,,0.9819652533642949,,0.010603422664873506,,,,,3.0188281674484747,4.564028256882011,60376562.638812505,0.7595729233901952,,0.0,,0.0,250.0,0.982077912101012,,,,,,,,,,,,,,,,,,,Strict same-scale zero-shot; representative phase2 MC/bootstrap checkpoints plus seven baselines.
phase3_same_scale_zero_shot,sat_visibility_harder_3uav20gu_t250__baseline__cluster_center_queue_aware__980000,evaluation seed row,sat_visibility_harder_3uav20gu_t250,baseline,cluster_center_queue_aware,non_learning_baseline,,,,configs/experiments/phase3_generalization/sat_visibility_harder_3uav20gu_t250.yaml,,/home/sgy/workspace/sagin_marl/runs/phase3/zero_shot/zero_shot_seed45211_ckpts_vs_baselines_multiseed_20260701_195403,,,/home/sgy/workspace/sagin_marl/runs/phase3/zero_shot/zero_shot_seed45211_ckpts_vs_baselines_multiseed_20260701_195403/all_seed_combined_summary.csv,scenario=sat_visibility_harder_3uav20gu_t250;kind=baseline;method=cluster_center_queue_aware;episode_seed_base=980000,980000,,64,64,64,codex/phase3-scenario-generalization,16d0936eff57264e0abd2fc80b2d915609bdf6e4,ok,44.74847195507027,,,0.8654456393186701,,0.08730581084823644,,,,,8.276698215895799,11.896003301346669,331067924.7238749,0.9997083333693445,,0.0,,0.0,250.0,0.8897510442195949,,,,,,,,,,,,,,,,,,,Strict same-scale zero-shot; representative phase2 MC/bootstrap checkpoints plus seven baselines.
phase3_same_scale_zero_shot,hotspot_sparse_3uav20gu_t250__baseline__dpp_resource_hybrid_native__980000,evaluation seed row,hotspot_sparse_3uav20gu_t250,baseline,dpp_resource_hybrid_native,non_learning_baseline,,,,configs/experiments/phase3_generalization/hotspot_sparse_3uav20gu_t250.yaml,,/home/sgy/workspace/sagin_marl/runs/phase3/zero_shot/zero_shot_seed45211_ckpts_vs_baselines_multiseed_20260701_195403,,,/home/sgy/workspace/sagin_marl/runs/phase3/zero_shot/zero_shot_seed45211_ckpts_vs_baselines_multiseed_20260701_195403/all_seed_combined_summary.csv,scenario=hotspot_sparse_3uav20gu_t250;kind=baseline;method=dpp_resource_hybrid_native;episode_seed_base=980000,980000,,64,64,64,codex/phase3-scenario-generalization,16d0936eff57264e0abd2fc80b2d915609bdf6e4,ok,34.190729576628655,,,0.7050045596532364,,0.24296985790656894,,,,,11.405394128177631,18.439239550191612,456215759.8459176,0.7898958392981443,,0.015625,,0.015625,246.828125,0.7064376358381034,,,,,,,,,,,,,,,,,,,Strict same-scale zero-shot; representative phase2 MC/bootstrap checkpoints plus seven baselines.
phase3_same_scale_zero_shot,hotspot_wide_3uav20gu_t250__baseline__dpp_resource_hybrid_native__980000,evaluation seed row,hotspot_wide_3uav20gu_t250,baseline,dpp_resource_hybrid_native,non_learning_baseline,,,,configs/experiments/phase3_generalization/hotspot_wide_3uav20gu_t250.yaml,,/home/sgy/workspace/sagin_marl/runs/phase3/zero_shot/zero_shot_seed45211_ckpts_vs_baselines_multiseed_20260701_195403,,,/home/sgy/workspace/sagin_marl/runs/phase3/zero_shot/zero_shot_seed45211_ckpts_vs_baselines_multiseed_20260701_195403/all_seed_combined_summary.csv,scenario=hotspot_wide_3uav20gu_t250;kind=baseline;method=dpp_resource_hybrid_native;episode_seed_base=980000,980000,,64,64,64,codex/phase3-scenario-generalization,16d0936eff57264e0abd2fc80b2d915609bdf6e4,ok,35.276221353095025,,,0.7335805732806914,,0.21733280062390709,,,,,12.127384014869113,18.93980455463752,485095354.9274376,0.7830104227252308,,0.0,,0.0,250.0,0.7335842380253033,,,,,,,,,,,,,,,,,,,Strict same-scale zero-shot; representative phase2 MC/bootstrap checkpoints plus seven baselines.
phase3_same_scale_zero_shot,k10_3uav20gu_t250__baseline__dpp_resource_hybrid_native__980000,evaluation seed row,k10_3uav20gu_t250,baseline,dpp_resource_hybrid_native,non_learning_baseline,,,,configs/experiments/phase3_generalization/k10_3uav20gu_t250.yaml,,/home/sgy/workspace/sagin_marl/runs/phase3/zero_shot/zero_shot_seed45211_ckpts_vs_baselines_multiseed_20260701_195403,,,/home/sgy/workspace/sagin_marl/runs/phase3/zero_shot/zero_shot_seed45211_ckpts_vs_baselines_multiseed_20260701_195403/all_seed_combined_summary.csv,scenario=k10_3uav20gu_t250;kind=baseline;method=dpp_resource_hybrid_native;episode_seed_base=980000,980000,,64,64,64,codex/phase3-scenario-generalization,16d0936eff57264e0abd2fc80b2d915609bdf6e4,ok,39.17385804280639,,,0.8279694916085574,,0.13613608652790413,,,,,9.03969784564152,13.456319420175626,361587909.557375,0.7595729233901952,,0.0,,0.0,250.0,0.8305781590884054,,,,,,,,,,,,,,,,,,,Strict same-scale zero-shot; representative phase2 MC/bootstrap checkpoints plus seven baselines.
phase3_same_scale_zero_shot,load_high_3uav20gu_t250__baseline__dpp_resource_hybrid_native__980000,evaluation seed row,load_high_3uav20gu_t250,baseline,dpp_resource_hybrid_native,non_learning_baseline,,,,configs/experiments/phase3_generalization/load_high_3uav20gu_t250.yaml,,/home/sgy/workspace/sagin_marl/runs/phase3/zero_shot/zero_shot_seed45211_ckpts_vs_baselines_multiseed_20260701_195403,,,/home/sgy/workspace/sagin_marl/runs/phase3/zero_shot/zero_shot_seed45211_ckpts_vs_baselines_multiseed_20260701_195403/all_seed_combined_summary.csv,scenario=load_high_3uav20gu_t250;kind=baseline;method=dpp_resource_hybrid_native;episode_seed_base=980000,980000,,64,64,64,codex/phase3-scenario-generalization,16d0936eff57264e0abd2fc80b2d915609bdf6e4,ok,37.194032581173815,,,0.6927254419059027,,0.2706309405808731,,,,,8.322099658140912,13.995072562687094,499325991.42537504,0.7595729233901952,,0.0,,0.0,250.0,0.6999250832934975,,,,,,,,,,,,,,,,,,,Strict same-scale zero-shot; representative phase2 MC/bootstrap checkpoints plus seven baselines.
phase3_same_scale_zero_shot,load_low_3uav20gu_t250__baseline__dpp_resource_hybrid_native__980000,evaluation seed row,load_low_3uav20gu_t250,baseline,dpp_resource_hybrid_native,non_learning_baseline,,,,configs/experiments/phase3_generalization/load_low_3uav20gu_t250.yaml,,/home/sgy/workspace/sagin_marl/runs/phase3/zero_shot/zero_shot_seed45211_ckpts_vs_baselines_multiseed_20260701_195403,,,/home/sgy/workspace/sagin_marl/runs/phase3/zero_shot/zero_shot_seed45211_ckpts_vs_baselines_multiseed_20260701_195403/all_seed_combined_summary.csv,scenario=load_low_3uav20gu_t250;kind=baseline;method=dpp_resource_hybrid_native;episode_seed_base=980000,980000,,64,64,64,codex/phase3-scenario-generalization,16d0936eff57264e0abd2fc80b2d915609bdf6e4,ok,59.57478319783695,,,0.9766843843744137,,0.01181644986195033,,,,,4.579101552500739,6.635969473865931,91582029.9191875,0.7595729233901952,,0.0,,0.0,250.0,0.976707750013125,,,,,,,,,,,,,,,,,,,Strict same-scale zero-shot; representative phase2 MC/bootstrap checkpoints plus seven baselines.
phase3_same_scale_zero_shot,sat_visibility_harder_3uav20gu_t250__baseline__dpp_resource_hybrid_native__980000,evaluation seed row,sat_visibility_harder_3uav20gu_t250,baseline,dpp_resource_hybrid_native,non_learning_baseline,,,,configs/experiments/phase3_generalization/sat_visibility_harder_3uav20gu_t250.yaml,,/home/sgy/workspace/sagin_marl/runs/phase3/zero_shot/zero_shot_seed45211_ckpts_vs_baselines_multiseed_20260701_195403,,,/home/sgy/workspace/sagin_marl/runs/phase3/zero_shot/zero_shot_seed45211_ckpts_vs_baselines_multiseed_20260701_195403/all_seed_combined_summary.csv,scenario=sat_visibility_harder_3uav20gu_t250;kind=baseline;method=dpp_resource_hybrid_native;episode_seed_base=980000,980000,,64,64,64,codex/phase3-scenario-generalization,16d0936eff57264e0abd2fc80b2d915609bdf6e4,ok,40.28899545466993,,,0.8481819548973581,,0.10767575811586277,,,,,9.430585976361295,13.487694018200507,377223434.6155001,0.9997083333693445,,0.0,,0.0,250.0,0.8625639509679307,,,,,,,,,,,,,,,,,,,Strict same-scale zero-shot; representative phase2 MC/bootstrap checkpoints plus seven baselines.
phase3_same_scale_zero_shot,hotspot_sparse_3uav20gu_t250__baseline__full_topology_dpp_joint__980000,evaluation seed row,hotspot_sparse_3uav20gu_t250,baseline,full_topology_dpp_joint,non_learning_baseline,,,,configs/experiments/phase3_generalization/hotspot_sparse_3uav20gu_t250.yaml,,/home/sgy/workspace/sagin_marl/runs/phase3/zero_shot/zero_shot_seed45211_ckpts_vs_baselines_multiseed_20260701_195403,,,/home/sgy/workspace/sagin_marl/runs/phase3/zero_shot/zero_shot_seed45211_ckpts_vs_baselines_multiseed_20260701_195403/all_seed_combined_summary.csv,scenario=hotspot_sparse_3uav20gu_t250;kind=baseline;method=full_topology_dpp_joint;episode_seed_base=980000,980000,,64,64,64,codex/phase3-scenario-generalization,16d0936eff57264e0abd2fc80b2d915609bdf6e4,ok,25.210579362988938,,,0.37287461872606326,,0.46586380903538865,,,,,14.823979312689993,43.642473974321554,592959165.7186534,0.9868125001993031,,0.21875,,0.21875,201.734375,0.37287452387513165,,,,,,,,,,,,,,,,,,,Strict same-scale zero-shot; representative phase2 MC/bootstrap checkpoints plus seven baselines.
phase3_same_scale_zero_shot,hotspot_wide_3uav20gu_t250__baseline__full_topology_dpp_joint__980000,evaluation seed row,hotspot_wide_3uav20gu_t250,baseline,full_topology_dpp_joint,non_learning_baseline,,,,configs/experiments/phase3_generalization/hotspot_wide_3uav20gu_t250.yaml,,/home/sgy/workspace/sagin_marl/runs/phase3/zero_shot/zero_shot_seed45211_ckpts_vs_baselines_multiseed_20260701_195403,,,/home/sgy/workspace/sagin_marl/runs/phase3/zero_shot/zero_shot_seed45211_ckpts_vs_baselines_multiseed_20260701_195403/all_seed_combined_summary.csv,scenario=hotspot_wide_3uav20gu_t250;kind=baseline;method=full_topology_dpp_joint;episode_seed_base=980000,980000,,64,64,64,codex/phase3-scenario-generalization,16d0936eff57264e0abd2fc80b2d915609bdf6e4,ok,24.376095928426366,,,0.3595045748916699,,0.46868211620119915,,,,,15.541100422267581,50.78544132472895,621644010.0418344,0.9823333336003125,,0.203125,,0.203125,205.171875,0.3595052575388949,,,,,,,,,,,,,,,,,,,Strict same-scale zero-shot; representative phase2 MC/bootstrap checkpoints plus seven baselines.
phase3_same_scale_zero_shot,k10_3uav20gu_t250__baseline__full_topology_dpp_joint__980000,evaluation seed row,k10_3uav20gu_t250,baseline,full_topology_dpp_joint,non_learning_baseline,,,,configs/experiments/phase3_generalization/k10_3uav20gu_t250.yaml,,/home/sgy/workspace/sagin_marl/runs/phase3/zero_shot/zero_shot_seed45211_ckpts_vs_baselines_multiseed_20260701_195403,,,/home/sgy/workspace/sagin_marl/runs/phase3/zero_shot/zero_shot_seed45211_ckpts_vs_baselines_multiseed_20260701_195403/all_seed_combined_summary.csv,scenario=k10_3uav20gu_t250;kind=baseline;method=full_topology_dpp_joint;episode_seed_base=980000,980000,,64,64,64,codex/phase3-scenario-generalization,16d0936eff57264e0abd2fc80b2d915609bdf6e4,ok,24.69014978193445,,,0.3931030549203504,,0.4473235503909003,,,,,14.840771692775663,49.3387733797503,593630861.0332991,0.981916667027399,,0.203125,,0.203125,205.171875,0.39310311389348424,,,,,,,,,,,,,,,,,,,Strict same-scale zero-shot; representative phase2 MC/bootstrap checkpoints plus seven baselines.
phase3_same_scale_zero_shot,load_high_3uav20gu_t250__baseline__full_topology_dpp_joint__980000,evaluation seed row,load_high_3uav20gu_t250,baseline,full_topology_dpp_joint,non_learning_baseline,,,,configs/experiments/phase3_generalization/load_high_3uav20gu_t250.yaml,,/home/sgy/workspace/sagin_marl/runs/phase3/zero_shot/zero_shot_seed45211_ckpts_vs_baselines_multiseed_20260701_195403,,,/home/sgy/workspace/sagin_marl/runs/phase3/zero_shot/zero_shot_seed45211_ckpts_vs_baselines_multiseed_20260701_195403/all_seed_combined_summary.csv,scenario=load_high_3uav20gu_t250;kind=baseline;method=full_topology_dpp_joint;episode_seed_base=980000,980000,,64,64,64,codex/phase3-scenario-generalization,16d0936eff57264e0abd2fc80b2d915609bdf6e4,ok,24.613679727888666,,,0.2902959632598685,,0.5887077585033339,,,,,11.167300665818203,46.735107359619505,670038055.758434,0.9813750003445894,,0.203125,,0.203125,205.171875,0.2903093942822509,,,,,,,,,,,,,,,,,,,Strict same-scale zero-shot; representative phase2 MC/bootstrap checkpoints plus seven baselines.
phase3_same_scale_zero_shot,load_low_3uav20gu_t250__baseline__full_topology_dpp_joint__980000,evaluation seed row,load_low_3uav20gu_t250,baseline,full_topology_dpp_joint,non_learning_baseline,,,,configs/experiments/phase3_generalization/load_low_3uav20gu_t250.yaml,,/home/sgy/workspace/sagin_marl/runs/phase3/zero_shot/zero_shot_seed45211_ckpts_vs_baselines_multiseed_20260701_195403,,,/home/sgy/workspace/sagin_marl/runs/phase3/zero_shot/zero_shot_seed45211_ckpts_vs_baselines_multiseed_20260701_195403/all_seed_combined_summary.csv,scenario=load_low_3uav20gu_t250;kind=baseline;method=full_topology_dpp_joint;episode_seed_base=980000,980000,,64,64,64,codex/phase3-scenario-generalization,16d0936eff57264e0abd2fc80b2d915609bdf6e4,ok,26.66551553911995,,,0.6371831948387527,,0.16132353743107838,,,,,20.264790648988914,39.537994882086174,405295808.34978986,0.9823333336003125,,0.203125,,0.203125,205.171875,0.6371831086177809,,,,,,,,,,,,,,,,,,,Strict same-scale zero-shot; representative phase2 MC/bootstrap checkpoints plus seven baselines.
phase3_same_scale_zero_shot,sat_visibility_harder_3uav20gu_t250__baseline__full_topology_dpp_joint__980000,evaluation seed row,sat_visibility_harder_3uav20gu_t250,baseline,full_topology_dpp_joint,non_learning_baseline,,,,configs/experiments/phase3_generalization/sat_visibility_harder_3uav20gu_t250.yaml,,/home/sgy/workspace/sagin_marl/runs/phase3/zero_shot/zero_shot_seed45211_ckpts_vs_baselines_multiseed_20260701_195403,,,/home/sgy/workspace/sagin_marl/runs/phase3/zero_shot/zero_shot_seed45211_ckpts_vs_baselines_multiseed_20260701_195403/all_seed_combined_summary.csv,scenario=sat_visibility_harder_3uav20gu_t250;kind=baseline;method=full_topology_dpp_joint;episode_seed_base=980000,980000,,64,64,64,codex/phase3-scenario-generalization,16d0936eff57264e0abd2fc80b2d915609bdf6e4,ok,24.972830458253156,,,0.4009456441808568,,0.438285085269399,,,,,14.967820742257986,45.90580176175956,598712822.5496575,0.9974687502048913,,0.203125,,0.203125,205.171875,0.4011806085646936,,,,,,,,,,,,,,,,,,,Strict same-scale zero-shot; representative phase2 MC/bootstrap checkpoints plus seven baselines.
phase3_same_scale_zero_shot,hotspot_sparse_3uav20gu_t250__baseline__maxweight_lyapunov__980000,evaluation seed row,hotspot_sparse_3uav20gu_t250,baseline,maxweight_lyapunov,non_learning_baseline,,,,configs/experiments/phase3_generalization/hotspot_sparse_3uav20gu_t250.yaml,,/home/sgy/workspace/sagin_marl/runs/phase3/zero_shot/zero_shot_seed45211_ckpts_vs_baselines_multiseed_20260701_195403,,,/home/sgy/workspace/sagin_marl/runs/phase3/zero_shot/zero_shot_seed45211_ckpts_vs_baselines_multiseed_20260701_195403/all_seed_combined_summary.csv,scenario=hotspot_sparse_3uav20gu_t250;kind=baseline;method=maxweight_lyapunov;episode_seed_base=980000,980000,,64,64,64,codex/phase3-scenario-generalization,16d0936eff57264e0abd2fc80b2d915609bdf6e4,ok,38.66177223518025,,,0.7713535003061406,,0.1953302099314465,,,,,8.564965446719436,12.303596780182323,342598613.7945626,0.9878541673906148,,0.0,,0.0,250.0,0.772619940596334,,,,,,,,,,,,,,,,,,,Strict same-scale zero-shot; representative phase2 MC/bootstrap checkpoints plus seven baselines.
phase3_same_scale_zero_shot,hotspot_wide_3uav20gu_t250__baseline__maxweight_lyapunov__980000,evaluation seed row,hotspot_wide_3uav20gu_t250,baseline,maxweight_lyapunov,non_learning_baseline,,,,configs/experiments/phase3_generalization/hotspot_wide_3uav20gu_t250.yaml,,/home/sgy/workspace/sagin_marl/runs/phase3/zero_shot/zero_shot_seed45211_ckpts_vs_baselines_multiseed_20260701_195403,,,/home/sgy/workspace/sagin_marl/runs/phase3/zero_shot/zero_shot_seed45211_ckpts_vs_baselines_multiseed_20260701_195403/all_seed_combined_summary.csv,scenario=hotspot_wide_3uav20gu_t250;kind=baseline;method=maxweight_lyapunov;episode_seed_base=980000,980000,,64,64,64,codex/phase3-scenario-generalization,16d0936eff57264e0abd2fc80b2d915609bdf6e4,ok,37.59840982872993,,,0.7817292518102911,,0.18122158890247664,,,,,9.876989796817307,14.655367100285366,395079587.2884375,0.997010416842997,,0.0,,0.0,250.0,0.7819915777678932,,,,,,,,,,,,,,,,,,,Strict same-scale zero-shot; representative phase2 MC/bootstrap checkpoints plus seven baselines.
phase3_same_scale_zero_shot,k10_3uav20gu_t250__baseline__maxweight_lyapunov__980000,evaluation seed row,k10_3uav20gu_t250,baseline,maxweight_lyapunov,non_learning_baseline,,,,configs/experiments/phase3_generalization/k10_3uav20gu_t250.yaml,,/home/sgy/workspace/sagin_marl/runs/phase3/zero_shot/zero_shot_seed45211_ckpts_vs_baselines_multiseed_20260701_195403,,,/home/sgy/workspace/sagin_marl/runs/phase3/zero_shot/zero_shot_seed45211_ckpts_vs_baselines_multiseed_20260701_195403/all_seed_combined_summary.csv,scenario=k10_3uav20gu_t250;kind=baseline;method=maxweight_lyapunov;episode_seed_base=980000,980000,,64,64,64,codex/phase3-scenario-generalization,16d0936eff57264e0abd2fc80b2d915609bdf6e4,ok,40.5678525720723,,,0.8272609306587839,,0.13233281419954754,,,,,8.88110667242296,13.109955161680004,355244262.70043737,0.972656251572073,,0.0,,0.0,250.0,0.8335267185463878,,,,,,,,,,,,,,,,,,,Strict same-scale zero-shot; representative phase2 MC/bootstrap checkpoints plus seven baselines.
phase3_same_scale_zero_shot,load_high_3uav20gu_t250__baseline__maxweight_lyapunov__980000,evaluation seed row,load_high_3uav20gu_t250,baseline,maxweight_lyapunov,non_learning_baseline,,,,configs/experiments/phase3_generalization/load_high_3uav20gu_t250.yaml,,/home/sgy/workspace/sagin_marl/runs/phase3/zero_shot/zero_shot_seed45211_ckpts_vs_baselines_multiseed_20260701_195403,,,/home/sgy/workspace/sagin_marl/runs/phase3/zero_shot/zero_shot_seed45211_ckpts_vs_baselines_multiseed_20260701_195403/all_seed_combined_summary.csv,scenario=load_high_3uav20gu_t250;kind=baseline;method=maxweight_lyapunov;episode_seed_base=980000,980000,,64,64,64,codex/phase3-scenario-generalization,16d0936eff57264e0abd2fc80b2d915609bdf6e4,ok,38.67245191265829,,,0.6689097350938246,,0.295353857138331,,,,,8.075368597704918,14.218609832488003,484522127.3268749,0.9627083353772761,,0.0,,0.0,250.0,0.6765559996893619,,,,,,,,,,,,,,,,,,,Strict same-scale zero-shot; representative phase2 MC/bootstrap checkpoints plus seven baselines.
phase3_same_scale_zero_shot,load_low_3uav20gu_t250__baseline__maxweight_lyapunov__980000,evaluation seed row,load_low_3uav20gu_t250,baseline,maxweight_lyapunov,non_learning_baseline,,,,configs/experiments/phase3_generalization/load_low_3uav20gu_t250.yaml,,/home/sgy/workspace/sagin_marl/runs/phase3/zero_shot/zero_shot_seed45211_ckpts_vs_baselines_multiseed_20260701_195403,,,/home/sgy/workspace/sagin_marl/runs/phase3/zero_shot/zero_shot_seed45211_ckpts_vs_baselines_multiseed_20260701_195403/all_seed_combined_summary.csv,scenario=load_low_3uav20gu_t250;kind=baseline;method=maxweight_lyapunov;episode_seed_base=980000,980000,,64,64,64,codex/phase3-scenario-generalization,16d0936eff57264e0abd2fc80b2d915609bdf6e4,ok,62.67203384928871,,,0.9758696795651922,,0.011857331414178131,,,,,4.18774088608536,5.980865397146467,83754816.74975,0.9892812506183976,,0.0,,0.0,250.0,0.9758687473296963,,,,,,,,,,,,,,,,,,,Strict same-scale zero-shot; representative phase2 MC/bootstrap checkpoints plus seven baselines.
phase3_same_scale_zero_shot,sat_visibility_harder_3uav20gu_t250__baseline__maxweight_lyapunov__980000,evaluation seed row,sat_visibility_harder_3uav20gu_t250,baseline,maxweight_lyapunov,non_learning_baseline,,,,configs/experiments/phase3_generalization/sat_visibility_harder_3uav20gu_t250.yaml,,/home/sgy/workspace/sagin_marl/runs/phase3/zero_shot/zero_shot_seed45211_ckpts_vs_baselines_multiseed_20260701_195403,,,/home/sgy/workspace/sagin_marl/runs/phase3/zero_shot/zero_shot_seed45211_ckpts_vs_baselines_multiseed_20260701_195403/all_seed_combined_summary.csv,scenario=sat_visibility_harder_3uav20gu_t250;kind=baseline;method=maxweight_lyapunov;episode_seed_base=980000,980000,,64,64,64,codex/phase3-scenario-generalization,16d0936eff57264e0abd2fc80b2d915609bdf6e4,ok,41.77587347966619,,,0.8258387921534014,,0.1274604890547706,,,,,8.983137625621634,13.373140140869184,359325500.5651874,0.9827083343304698,,0.0,,0.0,250.0,0.8430537150268514,,,,,,,,,,,,,,,,,,,Strict same-scale zero-shot; representative phase2 MC/bootstrap checkpoints plus seven baselines.
phase3_same_scale_zero_shot,hotspot_sparse_3uav20gu_t250__baseline__observable_cluster_queue_aware__980000,evaluation seed row,hotspot_sparse_3uav20gu_t250,baseline,observable_cluster_queue_aware,non_learning_baseline,,,,configs/experiments/phase3_generalization/hotspot_sparse_3uav20gu_t250.yaml,,/home/sgy/workspace/sagin_marl/runs/phase3/zero_shot/zero_shot_seed45211_ckpts_vs_baselines_multiseed_20260701_195403,,,/home/sgy/workspace/sagin_marl/runs/phase3/zero_shot/zero_shot_seed45211_ckpts_vs_baselines_multiseed_20260701_195403/all_seed_combined_summary.csv,scenario=hotspot_sparse_3uav20gu_t250;kind=baseline;method=observable_cluster_queue_aware;episode_seed_base=980000,980000,,64,64,64,codex/phase3-scenario-generalization,16d0936eff57264e0abd2fc80b2d915609bdf6e4,ok,32.181854314520024,,,0.5749807013144587,,0.35713138942852884,,,,,10.443153243939797,21.349087558905605,417726124.84956956,0.8644514976510137,,0.203125,,0.203125,225.296875,0.5751168146514594,,,,,,,,,,,,,,,,,,,Strict same-scale zero-shot; representative phase2 MC/bootstrap checkpoints plus seven baselines.
phase3_same_scale_zero_shot,hotspot_wide_3uav20gu_t250__baseline__observable_cluster_queue_aware__980000,evaluation seed row,hotspot_wide_3uav20gu_t250,baseline,observable_cluster_queue_aware,non_learning_baseline,,,,configs/experiments/phase3_generalization/hotspot_wide_3uav20gu_t250.yaml,,/home/sgy/workspace/sagin_marl/runs/phase3/zero_shot/zero_shot_seed45211_ckpts_vs_baselines_multiseed_20260701_195403,,,/home/sgy/workspace/sagin_marl/runs/phase3/zero_shot/zero_shot_seed45211_ckpts_vs_baselines_multiseed_20260701_195403/all_seed_combined_summary.csv,scenario=hotspot_wide_3uav20gu_t250;kind=baseline;method=observable_cluster_queue_aware;episode_seed_base=980000,980000,,64,64,64,codex/phase3-scenario-generalization,16d0936eff57264e0abd2fc80b2d915609bdf6e4,ok,27.854420593823306,,,0.5624663435902496,,0.33594972212475904,,,,,11.675950238479436,24.74402622045354,467038003.8629486,0.874110845265258,,0.359375,,0.359375,198.390625,0.5624667900598983,,,,,,,,,,,,,,,,,,,Strict same-scale zero-shot; representative phase2 MC/bootstrap checkpoints plus seven baselines.
phase3_same_scale_zero_shot,k10_3uav20gu_t250__baseline__observable_cluster_queue_aware__980000,evaluation seed row,k10_3uav20gu_t250,baseline,observable_cluster_queue_aware,non_learning_baseline,,,,configs/experiments/phase3_generalization/k10_3uav20gu_t250.yaml,,/home/sgy/workspace/sagin_marl/runs/phase3/zero_shot/zero_shot_seed45211_ckpts_vs_baselines_multiseed_20260701_195403,,,/home/sgy/workspace/sagin_marl/runs/phase3/zero_shot/zero_shot_seed45211_ckpts_vs_baselines_multiseed_20260701_195403/all_seed_combined_summary.csv,scenario=k10_3uav20gu_t250;kind=baseline;method=observable_cluster_queue_aware;episode_seed_base=980000,980000,,64,64,64,codex/phase3-scenario-generalization,16d0936eff57264e0abd2fc80b2d915609bdf6e4,ok,28.439662987948395,,,0.5939228148221496,,0.26611501064416504,,,,,10.396688285999785,21.713711916181257,415867526.6051388,0.8706195788060408,,0.34375,,0.34375,193.15625,0.5943299446239861,,,,,,,,,,,,,,,,,,,Strict same-scale zero-shot; representative phase2 MC/bootstrap checkpoints plus seven baselines.
phase3_same_scale_zero_shot,load_high_3uav20gu_t250__baseline__observable_cluster_queue_aware__980000,evaluation seed row,load_high_3uav20gu_t250,baseline,observable_cluster_queue_aware,non_learning_baseline,,,,configs/experiments/phase3_generalization/load_high_3uav20gu_t250.yaml,,/home/sgy/workspace/sagin_marl/runs/phase3/zero_shot/zero_shot_seed45211_ckpts_vs_baselines_multiseed_20260701_195403,,,/home/sgy/workspace/sagin_marl/runs/phase3/zero_shot/zero_shot_seed45211_ckpts_vs_baselines_multiseed_20260701_195403/all_seed_combined_summary.csv,scenario=load_high_3uav20gu_t250;kind=baseline;method=observable_cluster_queue_aware;episode_seed_base=980000,980000,,64,64,64,codex/phase3-scenario-generalization,16d0936eff57264e0abd2fc80b2d915609bdf6e4,ok,30.134797813836485,,,0.4548878957106519,,0.4566350513696613,,,,,8.82369991402087,22.981937784655624,529422007.37666935,0.8525020817876635,,0.234375,,0.234375,212.421875,0.4552453902750581,,,,,,,,,,,,,,,,,,,Strict same-scale zero-shot; representative phase2 MC/bootstrap checkpoints plus seven baselines.
phase3_same_scale_zero_shot,load_low_3uav20gu_t250__baseline__observable_cluster_queue_aware__980000,evaluation seed row,load_low_3uav20gu_t250,baseline,observable_cluster_queue_aware,non_learning_baseline,,,,configs/experiments/phase3_generalization/load_low_3uav20gu_t250.yaml,,/home/sgy/workspace/sagin_marl/runs/phase3/zero_shot/zero_shot_seed45211_ckpts_vs_baselines_multiseed_20260701_195403,,,/home/sgy/workspace/sagin_marl/runs/phase3/zero_shot/zero_shot_seed45211_ckpts_vs_baselines_multiseed_20260701_195403/all_seed_combined_summary.csv,scenario=load_low_3uav20gu_t250;kind=baseline;method=observable_cluster_queue_aware;episode_seed_base=980000,980000,,64,64,64,codex/phase3-scenario-generalization,16d0936eff57264e0abd2fc80b2d915609bdf6e4,ok,35.71415954164695,,,0.8726978565934718,,0.041795568500883444,,,,,8.564935616998277,13.42919231947911,171298710.30608255,0.859772592292508,,0.28125,,0.28125,205.140625,0.8732494482851232,,,,,,,,,,,,,,,,,,,Strict same-scale zero-shot; representative phase2 MC/bootstrap checkpoints plus seven baselines.
phase3_same_scale_zero_shot,sat_visibility_harder_3uav20gu_t250__baseline__observable_cluster_queue_aware__980000,evaluation seed row,sat_visibility_harder_3uav20gu_t250,baseline,observable_cluster_queue_aware,non_learning_baseline,,,,configs/experiments/phase3_generalization/sat_visibility_harder_3uav20gu_t250.yaml,,/home/sgy/workspace/sagin_marl/runs/phase3/zero_shot/zero_shot_seed45211_ckpts_vs_baselines_multiseed_20260701_195403,,,/home/sgy/workspace/sagin_marl/runs/phase3/zero_shot/zero_shot_seed45211_ckpts_vs_baselines_multiseed_20260701_195403/all_seed_combined_summary.csv,scenario=sat_visibility_harder_3uav20gu_t250;kind=baseline;method=observable_cluster_queue_aware;episode_seed_base=980000,980000,,64,64,64,codex/phase3-scenario-generalization,16d0936eff57264e0abd2fc80b2d915609bdf6e4,ok,28.66915673681069,,,0.6133663796433291,,0.2564226205338827,,,,,10.325323247675787,20.07578203508951,413012925.1977248,0.9996562500335278,,0.3125,,0.3125,194.453125,0.6138056154816608,,,,,,,,,,,,,,,,,,,Strict same-scale zero-shot; representative phase2 MC/bootstrap checkpoints plus seven baselines.
phase3_same_scale_zero_shot,hotspot_sparse_3uav20gu_t250__baseline__queue_aware__980000,evaluation seed row,hotspot_sparse_3uav20gu_t250,baseline,queue_aware,non_learning_baseline,,,,configs/experiments/phase3_generalization/hotspot_sparse_3uav20gu_t250.yaml,,/home/sgy/workspace/sagin_marl/runs/phase3/zero_shot/zero_shot_seed45211_ckpts_vs_baselines_multiseed_20260701_195403,,,/home/sgy/workspace/sagin_marl/runs/phase3/zero_shot/zero_shot_seed45211_ckpts_vs_baselines_multiseed_20260701_195403/all_seed_combined_summary.csv,scenario=hotspot_sparse_3uav20gu_t250;kind=baseline;method=queue_aware;episode_seed_base=980000,980000,,64,64,64,codex/phase3-scenario-generalization,16d0936eff57264e0abd2fc80b2d915609bdf6e4,ok,16.31776150711812,,,0.44341586331923494,,0.331979338152932,,,,,10.019820705099542,27.282976959577635,400792823.5370378,0.9710731395058831,,0.765625,,0.75,118.265625,0.4435165374746609,,,,,,,,,,,,,,,,,,,Strict same-scale zero-shot; representative phase2 MC/bootstrap checkpoints plus seven baselines.
phase3_same_scale_zero_shot,hotspot_wide_3uav20gu_t250__baseline__queue_aware__980000,evaluation seed row,hotspot_wide_3uav20gu_t250,baseline,queue_aware,non_learning_baseline,,,,configs/experiments/phase3_generalization/hotspot_wide_3uav20gu_t250.yaml,,/home/sgy/workspace/sagin_marl/runs/phase3/zero_shot/zero_shot_seed45211_ckpts_vs_baselines_multiseed_20260701_195403,,,/home/sgy/workspace/sagin_marl/runs/phase3/zero_shot/zero_shot_seed45211_ckpts_vs_baselines_multiseed_20260701_195403/all_seed_combined_summary.csv,scenario=hotspot_wide_3uav20gu_t250;kind=baseline;method=queue_aware;episode_seed_base=980000,980000,,64,64,64,codex/phase3-scenario-generalization,16d0936eff57264e0abd2fc80b2d915609bdf6e4,ok,17.129987605148926,,,0.44902652958146905,,0.3324683421835102,,,,,11.94256906700196,30.958899285148348,477702757.05872035,0.9592257665444965,,0.78125,,0.78125,127.984375,0.4490359589557113,,,,,,,,,,,,,,,,,,,Strict same-scale zero-shot; representative phase2 MC/bootstrap checkpoints plus seven baselines.
phase3_same_scale_zero_shot,k10_3uav20gu_t250__baseline__queue_aware__980000,evaluation seed row,k10_3uav20gu_t250,baseline,queue_aware,non_learning_baseline,,,,configs/experiments/phase3_generalization/k10_3uav20gu_t250.yaml,,/home/sgy/workspace/sagin_marl/runs/phase3/zero_shot/zero_shot_seed45211_ckpts_vs_baselines_multiseed_20260701_195403,,,/home/sgy/workspace/sagin_marl/runs/phase3/zero_shot/zero_shot_seed45211_ckpts_vs_baselines_multiseed_20260701_195403/all_seed_combined_summary.csv,scenario=k10_3uav20gu_t250;kind=baseline;method=queue_aware;episode_seed_base=980000,980000,,64,64,64,codex/phase3-scenario-generalization,16d0936eff57264e0abd2fc80b2d915609bdf6e4,ok,20.85276037454605,,,0.45991278514302414,,0.3633256984887907,,,,,12.195323921412372,33.814417833376815,487812950.7962982,0.9621222825840402,,0.65625,,0.65625,152.984375,0.46019657727594954,,,,,,,,,,,,,,,,,,,Strict same-scale zero-shot; representative phase2 MC/bootstrap checkpoints plus seven baselines.
phase3_same_scale_zero_shot,load_high_3uav20gu_t250__baseline__queue_aware__980000,evaluation seed row,load_high_3uav20gu_t250,baseline,queue_aware,non_learning_baseline,,,,configs/experiments/phase3_generalization/load_high_3uav20gu_t250.yaml,,/home/sgy/workspace/sagin_marl/runs/phase3/zero_shot/zero_shot_seed45211_ckpts_vs_baselines_multiseed_20260701_195403,,,/home/sgy/workspace/sagin_marl/runs/phase3/zero_shot/zero_shot_seed45211_ckpts_vs_baselines_multiseed_20260701_195403/all_seed_combined_summary.csv,scenario=load_high_3uav20gu_t250;kind=baseline;method=queue_aware;episode_seed_base=980000,980000,,64,64,64,codex/phase3-scenario-generalization,16d0936eff57264e0abd2fc80b2d915609bdf6e4,ok,20.509622413432226,,,0.3331349978365902,,0.5335905766611283,,,,,9.702870399544317,33.458329356221064,582172237.9211105,0.9535788783520315,,0.703125,,0.703125,152.546875,0.33371051330697993,,,,,,,,,,,,,,,,,,,Strict same-scale zero-shot; representative phase2 MC/bootstrap checkpoints plus seven baselines.
phase3_same_scale_zero_shot,load_low_3uav20gu_t250__baseline__queue_aware__980000,evaluation seed row,load_low_3uav20gu_t250,baseline,queue_aware,non_learning_baseline,,,,configs/experiments/phase3_generalization/load_low_3uav20gu_t250.yaml,,/home/sgy/workspace/sagin_marl/runs/phase3/zero_shot/zero_shot_seed45211_ckpts_vs_baselines_multiseed_20260701_195403,,,/home/sgy/workspace/sagin_marl/runs/phase3/zero_shot/zero_shot_seed45211_ckpts_vs_baselines_multiseed_20260701_195403/all_seed_combined_summary.csv,scenario=load_low_3uav20gu_t250;kind=baseline;method=queue_aware;episode_seed_base=980000,980000,,64,64,64,codex/phase3-scenario-generalization,16d0936eff57264e0abd2fc80b2d915609bdf6e4,ok,20.15755555976648,,,0.7396517233592796,,0.07091261771798826,,,,,11.991645882926496,20.691040634358153,239832914.8086441,0.9673012359978463,,0.8125,,0.8125,132.109375,0.7401608422841904,,,,,,,,,,,,,,,,,,,Strict same-scale zero-shot; representative phase2 MC/bootstrap checkpoints plus seven baselines.
phase3_same_scale_zero_shot,sat_visibility_harder_3uav20gu_t250__baseline__queue_aware__980000,evaluation seed row,sat_visibility_harder_3uav20gu_t250,baseline,queue_aware,non_learning_baseline,,,,configs/experiments/phase3_generalization/sat_visibility_harder_3uav20gu_t250.yaml,,/home/sgy/workspace/sagin_marl/runs/phase3/zero_shot/zero_shot_seed45211_ckpts_vs_baselines_multiseed_20260701_195403,,,/home/sgy/workspace/sagin_marl/runs/phase3/zero_shot/zero_shot_seed45211_ckpts_vs_baselines_multiseed_20260701_195403/all_seed_combined_summary.csv,scenario=sat_visibility_harder_3uav20gu_t250;kind=baseline;method=queue_aware;episode_seed_base=980000,980000,,64,64,64,codex/phase3-scenario-generalization,16d0936eff57264e0abd2fc80b2d915609bdf6e4,ok,21.625731486827135,,,0.4665784414430506,,0.3665822856163301,,,,,12.255082847480677,30.771040635557064,490203308.2106194,0.9999895833358169,,0.640625,,0.640625,158.46875,0.4665944001358582,,,,,,,,,,,,,,,,,,,Strict same-scale zero-shot; representative phase2 MC/bootstrap checkpoints plus seven baselines.
phase3_same_scale_zero_shot,hotspot_sparse_3uav20gu_t250__baseline__topology_dpp_native_bw_sat_cached__980000,evaluation seed row,hotspot_sparse_3uav20gu_t250,baseline,topology_dpp_native_bw_sat_cached,non_learning_baseline,,,,configs/experiments/phase3_generalization/hotspot_sparse_3uav20gu_t250.yaml,,/home/sgy/workspace/sagin_marl/runs/phase3/zero_shot/zero_shot_seed45211_ckpts_vs_baselines_multiseed_20260701_195403,,,/home/sgy/workspace/sagin_marl/runs/phase3/zero_shot/zero_shot_seed45211_ckpts_vs_baselines_multiseed_20260701_195403/all_seed_combined_summary.csv,scenario=hotspot_sparse_3uav20gu_t250;kind=baseline;method=topology_dpp_native_bw_sat_cached;episode_seed_base=980000,980000,,64,64,64,codex/phase3-scenario-generalization,16d0936eff57264e0abd2fc80b2d915609bdf6e4,ok,34.173629358178005,,,0.7044846963369128,,0.24303553200850278,,,,,11.667985940520033,18.89304490705336,466719432.15591764,0.8863229199908675,,0.015625,,0.015625,246.828125,0.7064376358381034,,,,,,,,,,,,,,,,,,,Strict same-scale zero-shot; representative phase2 MC/bootstrap checkpoints plus seven baselines.
phase3_same_scale_zero_shot,hotspot_wide_3uav20gu_t250__baseline__topology_dpp_native_bw_sat_cached__980000,evaluation seed row,hotspot_wide_3uav20gu_t250,baseline,topology_dpp_native_bw_sat_cached,non_learning_baseline,,,,configs/experiments/phase3_generalization/hotspot_wide_3uav20gu_t250.yaml,,/home/sgy/workspace/sagin_marl/runs/phase3/zero_shot/zero_shot_seed45211_ckpts_vs_baselines_multiseed_20260701_195403,,,/home/sgy/workspace/sagin_marl/runs/phase3/zero_shot/zero_shot_seed45211_ckpts_vs_baselines_multiseed_20260701_195403/all_seed_combined_summary.csv,scenario=hotspot_wide_3uav20gu_t250;kind=baseline;method=topology_dpp_native_bw_sat_cached;episode_seed_base=980000,980000,,64,64,64,codex/phase3-scenario-generalization,16d0936eff57264e0abd2fc80b2d915609bdf6e4,ok,35.24968111049384,,,0.7335805722096701,,0.21733280062390709,,,,,12.1346531249974,18.954959423910825,485386119.3014374,0.9819166670273989,,0.0,,0.0,250.0,0.7335842380253033,,,,,,,,,,,,,,,,,,,Strict same-scale zero-shot; representative phase2 MC/bootstrap checkpoints plus seven baselines.
phase3_same_scale_zero_shot,k10_3uav20gu_t250__baseline__topology_dpp_native_bw_sat_cached__980000,evaluation seed row,k10_3uav20gu_t250,baseline,topology_dpp_native_bw_sat_cached,non_learning_baseline,,,,configs/experiments/phase3_generalization/k10_3uav20gu_t250.yaml,,/home/sgy/workspace/sagin_marl/runs/phase3/zero_shot/zero_shot_seed45211_ckpts_vs_baselines_multiseed_20260701_195403,,,/home/sgy/workspace/sagin_marl/runs/phase3/zero_shot/zero_shot_seed45211_ckpts_vs_baselines_multiseed_20260701_195403/all_seed_combined_summary.csv,scenario=k10_3uav20gu_t250;kind=baseline;method=topology_dpp_native_bw_sat_cached;episode_seed_base=980000,980000,,64,64,64,codex/phase3-scenario-generalization,16d0936eff57264e0abd2fc80b2d915609bdf6e4,ok,39.06732658983674,,,0.8271178957229715,,0.1370776128498476,,,,,9.678250403292477,14.793652274044232,387130011.48199993,0.8187187555022538,,0.0,,0.0,250.0,0.8305781590884054,,,,,,,,,,,,,,,,,,,Strict same-scale zero-shot; representative phase2 MC/bootstrap checkpoints plus seven baselines.
phase3_same_scale_zero_shot,load_high_3uav20gu_t250__baseline__topology_dpp_native_bw_sat_cached__980000,evaluation seed row,load_high_3uav20gu_t250,baseline,topology_dpp_native_bw_sat_cached,non_learning_baseline,,,,configs/experiments/phase3_generalization/load_high_3uav20gu_t250.yaml,,/home/sgy/workspace/sagin_marl/runs/phase3/zero_shot/zero_shot_seed45211_ckpts_vs_baselines_multiseed_20260701_195403,,,/home/sgy/workspace/sagin_marl/runs/phase3/zero_shot/zero_shot_seed45211_ckpts_vs_baselines_multiseed_20260701_195403/all_seed_combined_summary.csv,scenario=load_high_3uav20gu_t250;kind=baseline;method=topology_dpp_native_bw_sat_cached;episode_seed_base=980000,980000,,64,64,64,codex/phase3-scenario-generalization,16d0936eff57264e0abd2fc80b2d915609bdf6e4,ok,37.09757579525467,,,0.6931436452853958,,0.27247285743265975,,,,,9.412333500990647,16.713038594178858,564740023.5513752,0.716385424302891,,0.0,,0.0,250.0,0.6999250832934975,,,,,,,,,,,,,,,,,,,Strict same-scale zero-shot; representative phase2 MC/bootstrap checkpoints plus seven baselines.
phase3_same_scale_zero_shot,load_low_3uav20gu_t250__baseline__topology_dpp_native_bw_sat_cached__980000,evaluation seed row,load_low_3uav20gu_t250,baseline,topology_dpp_native_bw_sat_cached,non_learning_baseline,,,,configs/experiments/phase3_generalization/load_low_3uav20gu_t250.yaml,,/home/sgy/workspace/sagin_marl/runs/phase3/zero_shot/zero_shot_seed45211_ckpts_vs_baselines_multiseed_20260701_195403,,,/home/sgy/workspace/sagin_marl/runs/phase3/zero_shot/zero_shot_seed45211_ckpts_vs_baselines_multiseed_20260701_195403/all_seed_combined_summary.csv,scenario=load_low_3uav20gu_t250;kind=baseline;method=topology_dpp_native_bw_sat_cached;episode_seed_base=980000,980000,,64,64,64,codex/phase3-scenario-generalization,16d0936eff57264e0abd2fc80b2d915609bdf6e4,ok,59.480006663594395,,,0.9767086572921835,,0.01181644986195033,,,,,4.603835826014984,6.638818278189457,92076715.40062496,0.9236666690278799,,0.0,,0.0,250.0,0.976707750013125,,,,,,,,,,,,,,,,,,,Strict same-scale zero-shot; representative phase2 MC/bootstrap checkpoints plus seven baselines.
phase3_same_scale_zero_shot,sat_visibility_harder_3uav20gu_t250__baseline__topology_dpp_native_bw_sat_cached__980000,evaluation seed row,sat_visibility_harder_3uav20gu_t250,baseline,topology_dpp_native_bw_sat_cached,non_learning_baseline,,,,configs/experiments/phase3_generalization/sat_visibility_harder_3uav20gu_t250.yaml,,/home/sgy/workspace/sagin_marl/runs/phase3/zero_shot/zero_shot_seed45211_ckpts_vs_baselines_multiseed_20260701_195403,,,/home/sgy/workspace/sagin_marl/runs/phase3/zero_shot/zero_shot_seed45211_ckpts_vs_baselines_multiseed_20260701_195403/all_seed_combined_summary.csv,scenario=sat_visibility_harder_3uav20gu_t250;kind=baseline;method=topology_dpp_native_bw_sat_cached;episode_seed_base=980000,980000,,64,64,64,codex/phase3-scenario-generalization,16d0936eff57264e0abd2fc80b2d915609bdf6e4,ok,40.34697156492621,,,0.851140520905494,,0.10767575811586277,,,,,9.076924331701361,12.989884865262077,363076969.0655,0.9699166681282224,,0.0,,0.0,250.0,0.8625639509679307,,,,,,,,,,,,,,,,,,,Strict same-scale zero-shot; representative phase2 MC/bootstrap checkpoints plus seven baselines.
phase3_same_scale_zero_shot,hotspot_sparse_3uav20gu_t250__baseline__cluster_center_queue_aware__981000,evaluation seed row,hotspot_sparse_3uav20gu_t250,baseline,cluster_center_queue_aware,non_learning_baseline,,,,configs/experiments/phase3_generalization/hotspot_sparse_3uav20gu_t250.yaml,,/home/sgy/workspace/sagin_marl/runs/phase3/zero_shot/zero_shot_seed45211_ckpts_vs_baselines_multiseed_20260701_195403,,,/home/sgy/workspace/sagin_marl/runs/phase3/zero_shot/zero_shot_seed45211_ckpts_vs_baselines_multiseed_20260701_195403/all_seed_combined_summary.csv,scenario=hotspot_sparse_3uav20gu_t250;kind=baseline;method=cluster_center_queue_aware;episode_seed_base=981000,981000,,64,64,64,codex/phase3-scenario-generalization,16d0936eff57264e0abd2fc80b2d915609bdf6e4,ok,36.649052030057646,,,0.738923002679509,,0.20913943742891716,,,,,8.561108496235166,13.292828741168497,342444335.91488194,0.8186041717138145,,0.03125,,0.03125,243.328125,0.7422738157188575,,,,,,,,,,,,,,,,,,,Strict same-scale zero-shot; representative phase2 MC/bootstrap checkpoints plus seven baselines.
phase3_same_scale_zero_shot,hotspot_wide_3uav20gu_t250__baseline__cluster_center_queue_aware__981000,evaluation seed row,hotspot_wide_3uav20gu_t250,baseline,cluster_center_queue_aware,non_learning_baseline,,,,configs/experiments/phase3_generalization/hotspot_wide_3uav20gu_t250.yaml,,/home/sgy/workspace/sagin_marl/runs/phase3/zero_shot/zero_shot_seed45211_ckpts_vs_baselines_multiseed_20260701_195403,,,/home/sgy/workspace/sagin_marl/runs/phase3/zero_shot/zero_shot_seed45211_ckpts_vs_baselines_multiseed_20260701_195403/all_seed_combined_summary.csv,scenario=hotspot_wide_3uav20gu_t250;kind=baseline;method=cluster_center_queue_aware;episode_seed_base=981000,981000,,64,64,64,codex/phase3-scenario-generalization,16d0936eff57264e0abd2fc80b2d915609bdf6e4,ok,36.76907512778416,,,0.7472895280678471,,0.18726068757158262,,,,,9.069730002045436,13.286914029027018,362789195.95722866,0.8020625054631388,,0.0625,,0.0625,235.96875,0.7474802318504533,,,,,,,,,,,,,,,,,,,Strict same-scale zero-shot; representative phase2 MC/bootstrap checkpoints plus seven baselines.
phase3_same_scale_zero_shot,k10_3uav20gu_t250__baseline__cluster_center_queue_aware__981000,evaluation seed row,k10_3uav20gu_t250,baseline,cluster_center_queue_aware,non_learning_baseline,,,,configs/experiments/phase3_generalization/k10_3uav20gu_t250.yaml,,/home/sgy/workspace/sagin_marl/runs/phase3/zero_shot/zero_shot_seed45211_ckpts_vs_baselines_multiseed_20260701_195403,,,/home/sgy/workspace/sagin_marl/runs/phase3/zero_shot/zero_shot_seed45211_ckpts_vs_baselines_multiseed_20260701_195403/all_seed_combined_summary.csv,scenario=k10_3uav20gu_t250;kind=baseline;method=cluster_center_queue_aware;episode_seed_base=981000,981000,,64,64,64,codex/phase3-scenario-generalization,16d0936eff57264e0abd2fc80b2d915609bdf6e4,ok,43.316662615630776,,,0.865669893391896,,0.09492629502016621,,,,,7.566555119311062,10.481979024525854,302662201.32924986,0.7511875069011008,,0.015625,,0.015625,246.875,0.8744853197360197,,,,,,,,,,,,,,,,,,,Strict same-scale zero-shot; representative phase2 MC/bootstrap checkpoints plus seven baselines.
phase3_same_scale_zero_shot,load_high_3uav20gu_t250__baseline__cluster_center_queue_aware__981000,evaluation seed row,load_high_3uav20gu_t250,baseline,cluster_center_queue_aware,non_learning_baseline,,,,configs/experiments/phase3_generalization/load_high_3uav20gu_t250.yaml,,/home/sgy/workspace/sagin_marl/runs/phase3/zero_shot/zero_shot_seed45211_ckpts_vs_baselines_multiseed_20260701_195403,,,/home/sgy/workspace/sagin_marl/runs/phase3/zero_shot/zero_shot_seed45211_ckpts_vs_baselines_multiseed_20260701_195403/all_seed_combined_summary.csv,scenario=load_high_3uav20gu_t250;kind=baseline;method=cluster_center_queue_aware;episode_seed_base=981000,981000,,64,64,64,codex/phase3-scenario-generalization,16d0936eff57264e0abd2fc80b2d915609bdf6e4,ok,40.73141539061908,,,0.7092564191501587,,0.25273424781169357,,,,,7.174459987587297,11.91818738489132,430467609.5093751,0.7511875069011008,,0.015625,,0.015625,246.875,0.7188255255201599,,,,,,,,,,,,,,,,,,,Strict same-scale zero-shot; representative phase2 MC/bootstrap checkpoints plus seven baselines.
phase3_same_scale_zero_shot,load_low_3uav20gu_t250__baseline__cluster_center_queue_aware__981000,evaluation seed row,load_low_3uav20gu_t250,baseline,cluster_center_queue_aware,non_learning_baseline,,,,configs/experiments/phase3_generalization/load_low_3uav20gu_t250.yaml,,/home/sgy/workspace/sagin_marl/runs/phase3/zero_shot/zero_shot_seed45211_ckpts_vs_baselines_multiseed_20260701_195403,,,/home/sgy/workspace/sagin_marl/runs/phase3/zero_shot/zero_shot_seed45211_ckpts_vs_baselines_multiseed_20260701_195403/all_seed_combined_summary.csv,scenario=load_low_3uav20gu_t250;kind=baseline;method=cluster_center_queue_aware;episode_seed_base=981000,981000,,64,64,64,codex/phase3-scenario-generalization,16d0936eff57264e0abd2fc80b2d915609bdf6e4,ok,72.37642100499943,,,0.9829759221454151,,0.006109049483105081,,,,,2.620231364192092,3.767541293637755,52404626.6869375,0.7511875069011008,,0.015625,,0.015625,246.875,0.9830256618690651,,,,,,,,,,,,,,,,,,,Strict same-scale zero-shot; representative phase2 MC/bootstrap checkpoints plus seven baselines.
phase3_same_scale_zero_shot,sat_visibility_harder_3uav20gu_t250__baseline__cluster_center_queue_aware__981000,evaluation seed row,sat_visibility_harder_3uav20gu_t250,baseline,cluster_center_queue_aware,non_learning_baseline,,,,configs/experiments/phase3_generalization/sat_visibility_harder_3uav20gu_t250.yaml,,/home/sgy/workspace/sagin_marl/runs/phase3/zero_shot/zero_shot_seed45211_ckpts_vs_baselines_multiseed_20260701_195403,,,/home/sgy/workspace/sagin_marl/runs/phase3/zero_shot/zero_shot_seed45211_ckpts_vs_baselines_multiseed_20260701_195403/all_seed_combined_summary.csv,scenario=sat_visibility_harder_3uav20gu_t250;kind=baseline;method=cluster_center_queue_aware;episode_seed_base=981000,981000,,64,64,64,codex/phase3-scenario-generalization,16d0936eff57264e0abd2fc80b2d915609bdf6e4,ok,44.86852978589013,,,0.8692496479456313,,0.08670888843517334,,,,,7.958496868813032,11.180491933081411,318339871.06031257,0.9998854166939856,,0.015625,,0.015625,246.875,0.8889896669986886,,,,,,,,,,,,,,,,,,,Strict same-scale zero-shot; representative phase2 MC/bootstrap checkpoints plus seven baselines.
phase3_same_scale_zero_shot,hotspot_sparse_3uav20gu_t250__baseline__dpp_resource_hybrid_native__981000,evaluation seed row,hotspot_sparse_3uav20gu_t250,baseline,dpp_resource_hybrid_native,non_learning_baseline,,,,configs/experiments/phase3_generalization/hotspot_sparse_3uav20gu_t250.yaml,,/home/sgy/workspace/sagin_marl/runs/phase3/zero_shot/zero_shot_seed45211_ckpts_vs_baselines_multiseed_20260701_195403,,,/home/sgy/workspace/sagin_marl/runs/phase3/zero_shot/zero_shot_seed45211_ckpts_vs_baselines_multiseed_20260701_195403/all_seed_combined_summary.csv,scenario=hotspot_sparse_3uav20gu_t250;kind=baseline;method=dpp_resource_hybrid_native;episode_seed_base=981000,981000,,64,64,64,codex/phase3-scenario-generalization,16d0936eff57264e0abd2fc80b2d915609bdf6e4,ok,33.66784962126985,,,0.6921431961472714,,0.24153213573122154,,,,,11.563245205086968,19.31915344309807,462529802.7586735,0.8186041717138145,,0.03125,,0.03125,243.328125,0.6946233310373092,,,,,,,,,,,,,,,,,,,Strict same-scale zero-shot; representative phase2 MC/bootstrap checkpoints plus seven baselines.
phase3_same_scale_zero_shot,hotspot_wide_3uav20gu_t250__baseline__dpp_resource_hybrid_native__981000,evaluation seed row,hotspot_wide_3uav20gu_t250,baseline,dpp_resource_hybrid_native,non_learning_baseline,,,,configs/experiments/phase3_generalization/hotspot_wide_3uav20gu_t250.yaml,,/home/sgy/workspace/sagin_marl/runs/phase3/zero_shot/zero_shot_seed45211_ckpts_vs_baselines_multiseed_20260701_195403,,,/home/sgy/workspace/sagin_marl/runs/phase3/zero_shot/zero_shot_seed45211_ckpts_vs_baselines_multiseed_20260701_195403/all_seed_combined_summary.csv,scenario=hotspot_wide_3uav20gu_t250;kind=baseline;method=dpp_resource_hybrid_native;episode_seed_base=981000,981000,,64,64,64,codex/phase3-scenario-generalization,16d0936eff57264e0abd2fc80b2d915609bdf6e4,ok,33.42289617925417,,,0.7043954718149961,,0.21624634887148583,,,,,11.850879502995047,18.424232700230732,474035174.62983966,0.8020625054631388,,0.0625,,0.0625,235.96875,0.7044561400449985,,,,,,,,,,,,,,,,,,,Strict same-scale zero-shot; representative phase2 MC/bootstrap checkpoints plus seven baselines.
phase3_same_scale_zero_shot,k10_3uav20gu_t250__baseline__dpp_resource_hybrid_native__981000,evaluation seed row,k10_3uav20gu_t250,baseline,dpp_resource_hybrid_native,non_learning_baseline,,,,configs/experiments/phase3_generalization/k10_3uav20gu_t250.yaml,,/home/sgy/workspace/sagin_marl/runs/phase3/zero_shot/zero_shot_seed45211_ckpts_vs_baselines_multiseed_20260701_195403,,,/home/sgy/workspace/sagin_marl/runs/phase3/zero_shot/zero_shot_seed45211_ckpts_vs_baselines_multiseed_20260701_195403/all_seed_combined_summary.csv,scenario=k10_3uav20gu_t250;kind=baseline;method=dpp_resource_hybrid_native;episode_seed_base=981000,981000,,64,64,64,codex/phase3-scenario-generalization,16d0936eff57264e0abd2fc80b2d915609bdf6e4,ok,38.956048904685304,,,0.8242338400117589,,0.13410831841283027,,,,,8.903923520182259,13.124609276224863,356156936.63918734,0.7511875069011008,,0.015625,,0.015625,246.875,0.8287128336004884,,,,,,,,,,,,,,,,,,,Strict same-scale zero-shot; representative phase2 MC/bootstrap checkpoints plus seven baselines.
phase3_same_scale_zero_shot,load_high_3uav20gu_t250__baseline__dpp_resource_hybrid_native__981000,evaluation seed row,load_high_3uav20gu_t250,baseline,dpp_resource_hybrid_native,non_learning_baseline,,,,configs/experiments/phase3_generalization/load_high_3uav20gu_t250.yaml,,/home/sgy/workspace/sagin_marl/runs/phase3/zero_shot/zero_shot_seed45211_ckpts_vs_baselines_multiseed_20260701_195403,,,/home/sgy/workspace/sagin_marl/runs/phase3/zero_shot/zero_shot_seed45211_ckpts_vs_baselines_multiseed_20260701_195403/all_seed_combined_summary.csv,scenario=load_high_3uav20gu_t250;kind=baseline;method=dpp_resource_hybrid_native;episode_seed_base=981000,981000,,64,64,64,codex/phase3-scenario-generalization,16d0936eff57264e0abd2fc80b2d915609bdf6e4,ok,37.376714037382044,,,0.6913829241036439,,0.2683136097615837,,,,,7.999646961738354,13.463366457156836,479978829.31075,0.7511875069011008,,0.015625,,0.015625,246.875,0.6980636361517292,,,,,,,,,,,,,,,,,,,Strict same-scale zero-shot; representative phase2 MC/bootstrap checkpoints plus seven baselines.
phase3_same_scale_zero_shot,load_low_3uav20gu_t250__baseline__dpp_resource_hybrid_native__981000,evaluation seed row,load_low_3uav20gu_t250,baseline,dpp_resource_hybrid_native,non_learning_baseline,,,,configs/experiments/phase3_generalization/load_low_3uav20gu_t250.yaml,,/home/sgy/workspace/sagin_marl/runs/phase3/zero_shot/zero_shot_seed45211_ckpts_vs_baselines_multiseed_20260701_195403,,,/home/sgy/workspace/sagin_marl/runs/phase3/zero_shot/zero_shot_seed45211_ckpts_vs_baselines_multiseed_20260701_195403/all_seed_combined_summary.csv,scenario=load_low_3uav20gu_t250;kind=baseline;method=dpp_resource_hybrid_native;episode_seed_base=981000,981000,,64,64,64,codex/phase3-scenario-generalization,16d0936eff57264e0abd2fc80b2d915609bdf6e4,ok,63.56594336300623,,,0.9794999858057126,,0.0062697597344194955,,,,,4.038013708503684,5.559945059610008,80760273.2265625,0.7511875069011008,,0.015625,,0.015625,246.875,0.9796774580271566,,,,,,,,,,,,,,,,,,,Strict same-scale zero-shot; representative phase2 MC/bootstrap checkpoints plus seven baselines.
phase3_same_scale_zero_shot,sat_visibility_harder_3uav20gu_t250__baseline__dpp_resource_hybrid_native__981000,evaluation seed row,sat_visibility_harder_3uav20gu_t250,baseline,dpp_resource_hybrid_native,non_learning_baseline,,,,configs/experiments/phase3_generalization/sat_visibility_harder_3uav20gu_t250.yaml,,/home/sgy/workspace/sagin_marl/runs/phase3/zero_shot/zero_shot_seed45211_ckpts_vs_baselines_multiseed_20260701_195403,,,/home/sgy/workspace/sagin_marl/runs/phase3/zero_shot/zero_shot_seed45211_ckpts_vs_baselines_multiseed_20260701_195403/all_seed_combined_summary.csv,scenario=sat_visibility_harder_3uav20gu_t250;kind=baseline;method=dpp_resource_hybrid_native;episode_seed_base=981000,981000,,64,64,64,codex/phase3-scenario-generalization,16d0936eff57264e0abd2fc80b2d915609bdf6e4,ok,40.35619166842662,,,0.8500854025180452,,0.10522250573642718,,,,,9.164899823945944,13.024152735964392,366595988.8130625,0.9998854166939856,,0.015625,,0.015625,246.875,0.8620531468719455,,,,,,,,,,,,,,,,,,,Strict same-scale zero-shot; representative phase2 MC/bootstrap checkpoints plus seven baselines.
phase3_same_scale_zero_shot,hotspot_sparse_3uav20gu_t250__baseline__full_topology_dpp_joint__981000,evaluation seed row,hotspot_sparse_3uav20gu_t250,baseline,full_topology_dpp_joint,non_learning_baseline,,,,configs/experiments/phase3_generalization/hotspot_sparse_3uav20gu_t250.yaml,,/home/sgy/workspace/sagin_marl/runs/phase3/zero_shot/zero_shot_seed45211_ckpts_vs_baselines_multiseed_20260701_195403,,,/home/sgy/workspace/sagin_marl/runs/phase3/zero_shot/zero_shot_seed45211_ckpts_vs_baselines_multiseed_20260701_195403/all_seed_combined_summary.csv,scenario=hotspot_sparse_3uav20gu_t250;kind=baseline;method=full_topology_dpp_joint;episode_seed_base=981000,981000,,64,64,64,codex/phase3-scenario-generalization,16d0936eff57264e0abd2fc80b2d915609bdf6e4,ok,24.702796464436688,,,0.35360057551482493,,0.4914071448801411,,,,,15.601447096673848,52.75592053551239,624057876.5045596,0.995604166733101,,0.21875,,0.21875,203.84375,0.3535999382330808,,,,,,,,,,,,,,,,,,,Strict same-scale zero-shot; representative phase2 MC/bootstrap checkpoints plus seven baselines.
phase3_same_scale_zero_shot,hotspot_wide_3uav20gu_t250__baseline__full_topology_dpp_joint__981000,evaluation seed row,hotspot_wide_3uav20gu_t250,baseline,full_topology_dpp_joint,non_learning_baseline,,,,configs/experiments/phase3_generalization/hotspot_wide_3uav20gu_t250.yaml,,/home/sgy/workspace/sagin_marl/runs/phase3/zero_shot/zero_shot_seed45211_ckpts_vs_baselines_multiseed_20260701_195403,,,/home/sgy/workspace/sagin_marl/runs/phase3/zero_shot/zero_shot_seed45211_ckpts_vs_baselines_multiseed_20260701_195403/all_seed_combined_summary.csv,scenario=hotspot_wide_3uav20gu_t250;kind=baseline;method=full_topology_dpp_joint;episode_seed_base=981000,981000,,64,64,64,codex/phase3-scenario-generalization,16d0936eff57264e0abd2fc80b2d915609bdf6e4,ok,23.37351890996797,,,0.3622534334238313,,0.47696438168486077,,,,,15.547052521129357,56.796239127426304,621882093.580714,0.9907916668932886,,0.234375,,0.234375,200.609375,0.3622632950367953,,,,,,,,,,,,,,,,,,,Strict same-scale zero-shot; representative phase2 MC/bootstrap checkpoints plus seven baselines.
phase3_same_scale_zero_shot,k10_3uav20gu_t250__baseline__full_topology_dpp_joint__981000,evaluation seed row,k10_3uav20gu_t250,baseline,full_topology_dpp_joint,non_learning_baseline,,,,configs/experiments/phase3_generalization/k10_3uav20gu_t250.yaml,,/home/sgy/workspace/sagin_marl/runs/phase3/zero_shot/zero_shot_seed45211_ckpts_vs_baselines_multiseed_20260701_195403,,,/home/sgy/workspace/sagin_marl/runs/phase3/zero_shot/zero_shot_seed45211_ckpts_vs_baselines_multiseed_20260701_195403/all_seed_combined_summary.csv,scenario=k10_3uav20gu_t250;kind=baseline;method=full_topology_dpp_joint;episode_seed_base=981000,981000,,64,64,64,codex/phase3-scenario-generalization,16d0936eff57264e0abd2fc80b2d915609bdf6e4,ok,23.92173891881248,,,0.40822946246919994,,0.4392978705498053,,,,,14.48057165435909,42.231348345897565,579222859.4182004,0.9883541669007391,,0.25,,0.25,197.640625,0.40921346628954464,,,,,,,,,,,,,,,,,,,Strict same-scale zero-shot; representative phase2 MC/bootstrap checkpoints plus seven baselines.
phase3_same_scale_zero_shot,load_high_3uav20gu_t250__baseline__full_topology_dpp_joint__981000,evaluation seed row,load_high_3uav20gu_t250,baseline,full_topology_dpp_joint,non_learning_baseline,,,,configs/experiments/phase3_generalization/load_high_3uav20gu_t250.yaml,,/home/sgy/workspace/sagin_marl/runs/phase3/zero_shot/zero_shot_seed45211_ckpts_vs_baselines_multiseed_20260701_195403,,,/home/sgy/workspace/sagin_marl/runs/phase3/zero_shot/zero_shot_seed45211_ckpts_vs_baselines_multiseed_20260701_195403/all_seed_combined_summary.csv,scenario=load_high_3uav20gu_t250;kind=baseline;method=full_topology_dpp_joint;episode_seed_base=981000,981000,,64,64,64,codex/phase3-scenario-generalization,16d0936eff57264e0abd2fc80b2d915609bdf6e4,ok,23.8570292389486,,,0.30519057206706335,,0.5773614699553976,,,,,11.00590892291399,41.50040094326303,660354551.1164101,0.9829583337567748,,0.25,,0.25,197.640625,0.30658198133531483,,,,,,,,,,,,,,,,,,,Strict same-scale zero-shot; representative phase2 MC/bootstrap checkpoints plus seven baselines.
phase3_same_scale_zero_shot,load_low_3uav20gu_t250__baseline__full_topology_dpp_joint__981000,evaluation seed row,load_low_3uav20gu_t250,baseline,full_topology_dpp_joint,non_learning_baseline,,,,configs/experiments/phase3_generalization/load_low_3uav20gu_t250.yaml,,/home/sgy/workspace/sagin_marl/runs/phase3/zero_shot/zero_shot_seed45211_ckpts_vs_baselines_multiseed_20260701_195403,,,/home/sgy/workspace/sagin_marl/runs/phase3/zero_shot/zero_shot_seed45211_ckpts_vs_baselines_multiseed_20260701_195403/all_seed_combined_summary.csv,scenario=load_low_3uav20gu_t250;kind=baseline;method=full_topology_dpp_joint;episode_seed_base=981000,981000,,64,64,64,codex/phase3-scenario-generalization,16d0936eff57264e0abd2fc80b2d915609bdf6e4,ok,25.62144170195097,,,0.6561634305488475,,0.16035642581203297,,,,,19.352637036461832,35.79370120347598,387052736.1821469,0.995604166733101,,0.25,,0.25,197.640625,0.6561647199569204,,,,,,,,,,,,,,,,,,,Strict same-scale zero-shot; representative phase2 MC/bootstrap checkpoints plus seven baselines.
phase3_same_scale_zero_shot,sat_visibility_harder_3uav20gu_t250__baseline__full_topology_dpp_joint__981000,evaluation seed row,sat_visibility_harder_3uav20gu_t250,baseline,full_topology_dpp_joint,non_learning_baseline,,,,configs/experiments/phase3_generalization/sat_visibility_harder_3uav20gu_t250.yaml,,/home/sgy/workspace/sagin_marl/runs/phase3/zero_shot/zero_shot_seed45211_ckpts_vs_baselines_multiseed_20260701_195403,,,/home/sgy/workspace/sagin_marl/runs/phase3/zero_shot/zero_shot_seed45211_ckpts_vs_baselines_multiseed_20260701_195403/all_seed_combined_summary.csv,scenario=sat_visibility_harder_3uav20gu_t250;kind=baseline;method=full_topology_dpp_joint;episode_seed_base=981000,981000,,64,64,64,codex/phase3-scenario-generalization,16d0936eff57264e0abd2fc80b2d915609bdf6e4,ok,24.20877089264104,,,0.4201245716576248,,0.4280450599603225,,,,,14.453443193494007,40.55799251887651,578137720.8733394,0.9982708334811035,,0.25,,0.25,197.640625,0.4208779743023627,,,,,,,,,,,,,,,,,,,Strict same-scale zero-shot; representative phase2 MC/bootstrap checkpoints plus seven baselines.
phase3_same_scale_zero_shot,hotspot_sparse_3uav20gu_t250__baseline__maxweight_lyapunov__981000,evaluation seed row,hotspot_sparse_3uav20gu_t250,baseline,maxweight_lyapunov,non_learning_baseline,,,,configs/experiments/phase3_generalization/hotspot_sparse_3uav20gu_t250.yaml,,/home/sgy/workspace/sagin_marl/runs/phase3/zero_shot/zero_shot_seed45211_ckpts_vs_baselines_multiseed_20260701_195403,,,/home/sgy/workspace/sagin_marl/runs/phase3/zero_shot/zero_shot_seed45211_ckpts_vs_baselines_multiseed_20260701_195403/all_seed_combined_summary.csv,scenario=hotspot_sparse_3uav20gu_t250;kind=baseline;method=maxweight_lyapunov;episode_seed_base=981000,981000,,64,64,64,codex/phase3-scenario-generalization,16d0936eff57264e0abd2fc80b2d915609bdf6e4,ok,38.55477126466576,,,0.7552471237767021,,0.1978617134926094,,,,,8.147002932659351,12.190649046699518,325880113.33749986,0.9866666674464941,,0.015625,,0.015625,246.109375,0.7564770623745519,,,,,,,,,,,,,,,,,,,Strict same-scale zero-shot; representative phase2 MC/bootstrap checkpoints plus seven baselines.
phase3_same_scale_zero_shot,hotspot_wide_3uav20gu_t250__baseline__maxweight_lyapunov__981000,evaluation seed row,hotspot_wide_3uav20gu_t250,baseline,maxweight_lyapunov,non_learning_baseline,,,,configs/experiments/phase3_generalization/hotspot_wide_3uav20gu_t250.yaml,,/home/sgy/workspace/sagin_marl/runs/phase3/zero_shot/zero_shot_seed45211_ckpts_vs_baselines_multiseed_20260701_195403,,,/home/sgy/workspace/sagin_marl/runs/phase3/zero_shot/zero_shot_seed45211_ckpts_vs_baselines_multiseed_20260701_195403/all_seed_combined_summary.csv,scenario=hotspot_wide_3uav20gu_t250;kind=baseline;method=maxweight_lyapunov;episode_seed_base=981000,981000,,64,64,64,codex/phase3-scenario-generalization,16d0936eff57264e0abd2fc80b2d915609bdf6e4,ok,37.23031622997951,,,0.7729631341723726,,0.18137139654637913,,,,,9.459848300858399,13.252254526623526,378393927.5775,0.9973333334922788,,0.015625,,0.015625,246.109375,0.772964817084302,,,,,,,,,,,,,,,,,,,Strict same-scale zero-shot; representative phase2 MC/bootstrap checkpoints plus seven baselines.
phase3_same_scale_zero_shot,k10_3uav20gu_t250__baseline__maxweight_lyapunov__981000,evaluation seed row,k10_3uav20gu_t250,baseline,maxweight_lyapunov,non_learning_baseline,,,,configs/experiments/phase3_generalization/k10_3uav20gu_t250.yaml,,/home/sgy/workspace/sagin_marl/runs/phase3/zero_shot/zero_shot_seed45211_ckpts_vs_baselines_multiseed_20260701_195403,,,/home/sgy/workspace/sagin_marl/runs/phase3/zero_shot/zero_shot_seed45211_ckpts_vs_baselines_multiseed_20260701_195403/all_seed_combined_summary.csv,scenario=k10_3uav20gu_t250;kind=baseline;method=maxweight_lyapunov;episode_seed_base=981000,981000,,64,64,64,codex/phase3-scenario-generalization,16d0936eff57264e0abd2fc80b2d915609bdf6e4,ok,41.38289156137034,,,0.8337359881373124,,0.13134965119018124,,,,,8.467037732536669,12.034148203595864,338681505.26843756,0.9714375016428533,,0.0,,0.0,250.0,0.8383851683316096,,,,,,,,,,,,,,,,,,,Strict same-scale zero-shot; representative phase2 MC/bootstrap checkpoints plus seven baselines.
phase3_same_scale_zero_shot,load_high_3uav20gu_t250__baseline__maxweight_lyapunov__981000,evaluation seed row,load_high_3uav20gu_t250,baseline,maxweight_lyapunov,non_learning_baseline,,,,configs/experiments/phase3_generalization/load_high_3uav20gu_t250.yaml,,/home/sgy/workspace/sagin_marl/runs/phase3/zero_shot/zero_shot_seed45211_ckpts_vs_baselines_multiseed_20260701_195403,,,/home/sgy/workspace/sagin_marl/runs/phase3/zero_shot/zero_shot_seed45211_ckpts_vs_baselines_multiseed_20260701_195403/all_seed_combined_summary.csv,scenario=load_high_3uav20gu_t250;kind=baseline;method=maxweight_lyapunov;episode_seed_base=981000,981000,,64,64,64,codex/phase3-scenario-generalization,16d0936eff57264e0abd2fc80b2d915609bdf6e4,ok,39.55172563530505,,,0.6755533376536333,,0.2917588346577903,,,,,7.647017822347579,13.005773555769586,458821080.54712504,0.960875002223998,,0.0,,0.0,250.0,0.6811572153320962,,,,,,,,,,,,,,,,,,,Strict same-scale zero-shot; representative phase2 MC/bootstrap checkpoints plus seven baselines.
phase3_same_scale_zero_shot,load_low_3uav20gu_t250__baseline__maxweight_lyapunov__981000,evaluation seed row,load_low_3uav20gu_t250,baseline,maxweight_lyapunov,non_learning_baseline,,,,configs/experiments/phase3_generalization/load_low_3uav20gu_t250.yaml,,/home/sgy/workspace/sagin_marl/runs/phase3/zero_shot/zero_shot_seed45211_ckpts_vs_baselines_multiseed_20260701_195403,,,/home/sgy/workspace/sagin_marl/runs/phase3/zero_shot/zero_shot_seed45211_ckpts_vs_baselines_multiseed_20260701_195403/all_seed_combined_summary.csv,scenario=load_low_3uav20gu_t250;kind=baseline;method=maxweight_lyapunov;episode_seed_base=981000,981000,,64,64,64,codex/phase3-scenario-generalization,16d0936eff57264e0abd2fc80b2d915609bdf6e4,ok,67.01225901313592,,,0.9840351964284201,,0.005272456165272161,,,,,3.1899164525089136,4.403755951690197,63798328.33875,0.9894687506183979,,0.0,,0.0,250.0,0.9840427173690235,,,,,,,,,,,,,,,,,,,Strict same-scale zero-shot; representative phase2 MC/bootstrap checkpoints plus seven baselines.
phase3_same_scale_zero_shot,sat_visibility_harder_3uav20gu_t250__baseline__maxweight_lyapunov__981000,evaluation seed row,sat_visibility_harder_3uav20gu_t250,baseline,maxweight_lyapunov,non_learning_baseline,,,,configs/experiments/phase3_generalization/sat_visibility_harder_3uav20gu_t250.yaml,,/home/sgy/workspace/sagin_marl/runs/phase3/zero_shot/zero_shot_seed45211_ckpts_vs_baselines_multiseed_20260701_195403,,,/home/sgy/workspace/sagin_marl/runs/phase3/zero_shot/zero_shot_seed45211_ckpts_vs_baselines_multiseed_20260701_195403/all_seed_combined_summary.csv,scenario=sat_visibility_harder_3uav20gu_t250;kind=baseline;method=maxweight_lyapunov;episode_seed_base=981000,981000,,64,64,64,codex/phase3-scenario-generalization,16d0936eff57264e0abd2fc80b2d915609bdf6e4,ok,42.503826970467344,,,0.8345272093117237,,0.12779986878957486,,,,,8.512304289168444,12.179870398045836,340492167.56956244,0.9811145844198764,,0.0,,0.0,250.0,0.8470273309721403,,,,,,,,,,,,,,,,,,,Strict same-scale zero-shot; representative phase2 MC/bootstrap checkpoints plus seven baselines.
phase3_same_scale_zero_shot,hotspot_sparse_3uav20gu_t250__baseline__observable_cluster_queue_aware__981000,evaluation seed row,hotspot_sparse_3uav20gu_t250,baseline,observable_cluster_queue_aware,non_learning_baseline,,,,configs/experiments/phase3_generalization/hotspot_sparse_3uav20gu_t250.yaml,,/home/sgy/workspace/sagin_marl/runs/phase3/zero_shot/zero_shot_seed45211_ckpts_vs_baselines_multiseed_20260701_195403,,,/home/sgy/workspace/sagin_marl/runs/phase3/zero_shot/zero_shot_seed45211_ckpts_vs_baselines_multiseed_20260701_195403/all_seed_combined_summary.csv,scenario=hotspot_sparse_3uav20gu_t250;kind=baseline;method=observable_cluster_queue_aware;episode_seed_base=981000,981000,,64,64,64,codex/phase3-scenario-generalization,16d0936eff57264e0abd2fc80b2d915609bdf6e4,ok,32.039496459881775,,,0.5504043712419561,,0.3654009807725382,,,,,10.739869678670164,23.074435541372743,429594782.07399815,0.826361498474129,,0.203125,,0.203125,226.5,0.5505085981958737,,,,,,,,,,,,,,,,,,,Strict same-scale zero-shot; representative phase2 MC/bootstrap checkpoints plus seven baselines.
phase3_same_scale_zero_shot,hotspot_wide_3uav20gu_t250__baseline__observable_cluster_queue_aware__981000,evaluation seed row,hotspot_wide_3uav20gu_t250,baseline,observable_cluster_queue_aware,non_learning_baseline,,,,configs/experiments/phase3_generalization/hotspot_wide_3uav20gu_t250.yaml,,/home/sgy/workspace/sagin_marl/runs/phase3/zero_shot/zero_shot_seed45211_ckpts_vs_baselines_multiseed_20260701_195403,,,/home/sgy/workspace/sagin_marl/runs/phase3/zero_shot/zero_shot_seed45211_ckpts_vs_baselines_multiseed_20260701_195403/all_seed_combined_summary.csv,scenario=hotspot_wide_3uav20gu_t250;kind=baseline;method=observable_cluster_queue_aware;episode_seed_base=981000,981000,,64,64,64,codex/phase3-scenario-generalization,16d0936eff57264e0abd2fc80b2d915609bdf6e4,ok,29.556219681631774,,,0.5596859761360807,,0.3468213736173593,,,,,11.706140866233836,24.278333646918295,468245629.1380677,0.8716637114451911,,0.296875,,0.296875,211.515625,0.5597067167201412,,,,,,,,,,,,,,,,,,,Strict same-scale zero-shot; representative phase2 MC/bootstrap checkpoints plus seven baselines.
phase3_same_scale_zero_shot,k10_3uav20gu_t250__baseline__observable_cluster_queue_aware__981000,evaluation seed row,k10_3uav20gu_t250,baseline,observable_cluster_queue_aware,non_learning_baseline,,,,configs/experiments/phase3_generalization/k10_3uav20gu_t250.yaml,,/home/sgy/workspace/sagin_marl/runs/phase3/zero_shot/zero_shot_seed45211_ckpts_vs_baselines_multiseed_20260701_195403,,,/home/sgy/workspace/sagin_marl/runs/phase3/zero_shot/zero_shot_seed45211_ckpts_vs_baselines_multiseed_20260701_195403/all_seed_combined_summary.csv,scenario=k10_3uav20gu_t250;kind=baseline;method=observable_cluster_queue_aware;episode_seed_base=981000,981000,,64,64,64,codex/phase3-scenario-generalization,16d0936eff57264e0abd2fc80b2d915609bdf6e4,ok,30.303374930284917,,,0.6164880902194506,,0.2762542056695431,,,,,10.271046251098989,20.54770656674452,410841845.0824277,0.8704306726612232,,0.265625,,0.265625,205.59375,0.6171386009300165,,,,,,,,,,,,,,,,,,,Strict same-scale zero-shot; representative phase2 MC/bootstrap checkpoints plus seven baselines.
phase3_same_scale_zero_shot,load_high_3uav20gu_t250__baseline__observable_cluster_queue_aware__981000,evaluation seed row,load_high_3uav20gu_t250,baseline,observable_cluster_queue_aware,non_learning_baseline,,,,configs/experiments/phase3_generalization/load_high_3uav20gu_t250.yaml,,/home/sgy/workspace/sagin_marl/runs/phase3/zero_shot/zero_shot_seed45211_ckpts_vs_baselines_multiseed_20260701_195403,,,/home/sgy/workspace/sagin_marl/runs/phase3/zero_shot/zero_shot_seed45211_ckpts_vs_baselines_multiseed_20260701_195403/all_seed_combined_summary.csv,scenario=load_high_3uav20gu_t250;kind=baseline;method=observable_cluster_queue_aware;episode_seed_base=981000,981000,,64,64,64,codex/phase3-scenario-generalization,16d0936eff57264e0abd2fc80b2d915609bdf6e4,ok,30.536890089977533,,,0.46812541835142657,,0.4502693038940723,,,,,8.669113264941092,21.497356529740586,520146808.3245086,0.8515279428038852,,0.25,,0.25,214.984375,0.46893187554281696,,,,,,,,,,,,,,,,,,,Strict same-scale zero-shot; representative phase2 MC/bootstrap checkpoints plus seven baselines.
phase3_same_scale_zero_shot,load_low_3uav20gu_t250__baseline__observable_cluster_queue_aware__981000,evaluation seed row,load_low_3uav20gu_t250,baseline,observable_cluster_queue_aware,non_learning_baseline,,,,configs/experiments/phase3_generalization/load_low_3uav20gu_t250.yaml,,/home/sgy/workspace/sagin_marl/runs/phase3/zero_shot/zero_shot_seed45211_ckpts_vs_baselines_multiseed_20260701_195403,,,/home/sgy/workspace/sagin_marl/runs/phase3/zero_shot/zero_shot_seed45211_ckpts_vs_baselines_multiseed_20260701_195403/all_seed_combined_summary.csv,scenario=load_low_3uav20gu_t250;kind=baseline;method=observable_cluster_queue_aware;episode_seed_base=981000,981000,,64,64,64,codex/phase3-scenario-generalization,16d0936eff57264e0abd2fc80b2d915609bdf6e4,ok,38.34407045552507,,,0.8893782653550169,,0.03310620588579836,,,,,7.38782105343793,11.56848366157887,147756419.3249261,0.865003297318454,,0.234375,,0.234375,208.484375,0.8895102446655394,,,,,,,,,,,,,,,,,,,Strict same-scale zero-shot; representative phase2 MC/bootstrap checkpoints plus seven baselines.
phase3_same_scale_zero_shot,sat_visibility_harder_3uav20gu_t250__baseline__observable_cluster_queue_aware__981000,evaluation seed row,sat_visibility_harder_3uav20gu_t250,baseline,observable_cluster_queue_aware,non_learning_baseline,,,,configs/experiments/phase3_generalization/sat_visibility_harder_3uav20gu_t250.yaml,,/home/sgy/workspace/sagin_marl/runs/phase3/zero_shot/zero_shot_seed45211_ckpts_vs_baselines_multiseed_20260701_195403,,,/home/sgy/workspace/sagin_marl/runs/phase3/zero_shot/zero_shot_seed45211_ckpts_vs_baselines_multiseed_20260701_195403/all_seed_combined_summary.csv,scenario=sat_visibility_harder_3uav20gu_t250;kind=baseline;method=observable_cluster_queue_aware;episode_seed_base=981000,981000,,64,64,64,codex/phase3-scenario-generalization,16d0936eff57264e0abd2fc80b2d915609bdf6e4,ok,30.538171802647412,,,0.6389129638303009,,0.26961937424540117,,,,,10.458691888431751,19.12464254349733,418347670.54992753,0.9999479166790843,,0.296875,,0.296875,206.015625,0.6395411393124601,,,,,,,,,,,,,,,,,,,Strict same-scale zero-shot; representative phase2 MC/bootstrap checkpoints plus seven baselines.
phase3_same_scale_zero_shot,hotspot_sparse_3uav20gu_t250__learned__phase2_bootstrap_seed45211_u575__981000,evaluation seed row,hotspot_sparse_3uav20gu_t250,learned,phase2_bootstrap_seed45211_u575,learned_policy,45211,bootstrap_gae,575,configs/experiments/phase3_generalization/hotspot_sparse_3uav20gu_t250.yaml,/home/sgy/workspace/sagin_marl/runs/method_validation/horizon_fairness_mc_vs_bootstrap_threshold_u0_rep2_20260625_204118/bootstrap_seed45211/checkpoint_update0575.pt,/home/sgy/workspace/sagin_marl/runs/phase3/zero_shot/zero_shot_seed45211_ckpts_vs_baselines_multiseed_20260701_195403,,,/home/sgy/workspace/sagin_marl/runs/phase3/zero_shot/zero_shot_seed45211_ckpts_vs_baselines_multiseed_20260701_195403/all_seed_combined_summary.csv,scenario=hotspot_sparse_3uav20gu_t250;kind=learned;method=phase2_bootstrap_seed45211_u575;episode_seed_base=981000,981000,,64,64,64,codex/phase3-scenario-generalization,16d0936eff57264e0abd2fc80b2d915609bdf6e4,ok,42.639087471179664,,,0.7800144134177827,,0.17950965039877662,,,,,6.85673390915105,10.016817909678444,274269353.08993757,0.7669791786558923,,0.015625,,0.015625,246.109375,0.7802722354922296,,,,,,,,,,,,,,,,,,,Strict same-scale zero-shot; representative phase2 MC/bootstrap checkpoints plus seven baselines.
phase3_same_scale_zero_shot,hotspot_wide_3uav20gu_t250__learned__phase2_bootstrap_seed45211_u575__981000,evaluation seed row,hotspot_wide_3uav20gu_t250,learned,phase2_bootstrap_seed45211_u575,learned_policy,45211,bootstrap_gae,575,configs/experiments/phase3_generalization/hotspot_wide_3uav20gu_t250.yaml,/home/sgy/workspace/sagin_marl/runs/method_validation/horizon_fairness_mc_vs_bootstrap_threshold_u0_rep2_20260625_204118/bootstrap_seed45211/checkpoint_update0575.pt,/home/sgy/workspace/sagin_marl/runs/phase3/zero_shot/zero_shot_seed45211_ckpts_vs_baselines_multiseed_20260701_195403,,,/home/sgy/workspace/sagin_marl/runs/phase3/zero_shot/zero_shot_seed45211_ckpts_vs_baselines_multiseed_20260701_195403/all_seed_combined_summary.csv,scenario=hotspot_wide_3uav20gu_t250;kind=learned;method=phase2_bootstrap_seed45211_u575;episode_seed_base=981000,981000,,64,64,64,codex/phase3-scenario-generalization,16d0936eff57264e0abd2fc80b2d915609bdf6e4,ok,40.84149084542878,,,0.8001668993281198,,0.15895473576489333,,,,,8.111457882213406,11.347450355809183,324458311.38868743,0.7699895958565173,,0.015625,,0.015625,246.109375,0.8002698579266779,,,,,,,,,,,,,,,,,,,Strict same-scale zero-shot; representative phase2 MC/bootstrap checkpoints plus seven baselines.
phase3_same_scale_zero_shot,k10_3uav20gu_t250__learned__phase2_bootstrap_seed45211_u575__981000,evaluation seed row,k10_3uav20gu_t250,learned,phase2_bootstrap_seed45211_u575,learned_policy,45211,bootstrap_gae,575,configs/experiments/phase3_generalization/k10_3uav20gu_t250.yaml,/home/sgy/workspace/sagin_marl/runs/method_validation/horizon_fairness_mc_vs_bootstrap_threshold_u0_rep2_20260625_204118/bootstrap_seed45211/checkpoint_update0575.pt,/home/sgy/workspace/sagin_marl/runs/phase3/zero_shot/zero_shot_seed45211_ckpts_vs_baselines_multiseed_20260701_195403,,,/home/sgy/workspace/sagin_marl/runs/phase3/zero_shot/zero_shot_seed45211_ckpts_vs_baselines_multiseed_20260701_195403/all_seed_combined_summary.csv,scenario=k10_3uav20gu_t250;kind=learned;method=phase2_bootstrap_seed45211_u575;episode_seed_base=981000,981000,,64,64,64,codex/phase3-scenario-generalization,16d0936eff57264e0abd2fc80b2d915609bdf6e4,ok,51.55395907070488,,,0.9040027941730806,,0.07077163981276954,,,,,5.17604468583827,6.9898492340136205,207041784.718,0.7242083470486103,,0.015625,,0.015625,246.109375,0.9040914755443054,,,,,,,,,,,,,,,,,,,Strict same-scale zero-shot; representative phase2 MC/bootstrap checkpoints plus seven baselines.
phase3_same_scale_zero_shot,load_high_3uav20gu_t250__learned__phase2_bootstrap_seed45211_u575__981000,evaluation seed row,load_high_3uav20gu_t250,learned,phase2_bootstrap_seed45211_u575,learned_policy,45211,bootstrap_gae,575,configs/experiments/phase3_generalization/load_high_3uav20gu_t250.yaml,/home/sgy/workspace/sagin_marl/runs/method_validation/horizon_fairness_mc_vs_bootstrap_threshold_u0_rep2_20260625_204118/bootstrap_seed45211/checkpoint_update0575.pt,/home/sgy/workspace/sagin_marl/runs/phase3/zero_shot/zero_shot_seed45211_ckpts_vs_baselines_multiseed_20260701_195403,,,/home/sgy/workspace/sagin_marl/runs/phase3/zero_shot/zero_shot_seed45211_ckpts_vs_baselines_multiseed_20260701_195403/all_seed_combined_summary.csv,scenario=load_high_3uav20gu_t250;kind=learned;method=phase2_bootstrap_seed45211_u575;episode_seed_base=981000,981000,,64,64,64,codex/phase3-scenario-generalization,16d0936eff57264e0abd2fc80b2d915609bdf6e4,ok,42.11707730637863,,,0.732463885860983,,0.23511615064500224,,,,,6.359364474603907,10.502093275563787,381561877.6746249,0.751416677961126,,0.015625,,0.015625,246.109375,0.7332604958025164,,,,,,,,,,,,,,,,,,,Strict same-scale zero-shot; representative phase2 MC/bootstrap checkpoints plus seven baselines.
phase3_same_scale_zero_shot,load_low_3uav20gu_t250__learned__phase2_bootstrap_seed45211_u575__981000,evaluation seed row,load_low_3uav20gu_t250,learned,phase2_bootstrap_seed45211_u575,learned_policy,45211,bootstrap_gae,575,configs/experiments/phase3_generalization/load_low_3uav20gu_t250.yaml,/home/sgy/workspace/sagin_marl/runs/method_validation/horizon_fairness_mc_vs_bootstrap_threshold_u0_rep2_20260625_204118/bootstrap_seed45211/checkpoint_update0575.pt,/home/sgy/workspace/sagin_marl/runs/phase3/zero_shot/zero_shot_seed45211_ckpts_vs_baselines_multiseed_20260701_195403,,,/home/sgy/workspace/sagin_marl/runs/phase3/zero_shot/zero_shot_seed45211_ckpts_vs_baselines_multiseed_20260701_195403/all_seed_combined_summary.csv,scenario=load_low_3uav20gu_t250;kind=learned;method=phase2_bootstrap_seed45211_u575;episode_seed_base=981000,981000,,64,64,64,codex/phase3-scenario-generalization,16d0936eff57264e0abd2fc80b2d915609bdf6e4,ok,204.58600602764636,,,0.9853526254775934,,0.002711796926601892,,,,,0.9365026938999124,1.1489568215904933,18730053.6579375,0.6973541802074759,,0.015625,,0.015625,246.109375,0.9853555726796265,,,,,,,,,,,,,,,,,,,Strict same-scale zero-shot; representative phase2 MC/bootstrap checkpoints plus seven baselines.
phase3_same_scale_zero_shot,sat_visibility_harder_3uav20gu_t250__learned__phase2_bootstrap_seed45211_u575__981000,evaluation seed row,sat_visibility_harder_3uav20gu_t250,learned,phase2_bootstrap_seed45211_u575,learned_policy,45211,bootstrap_gae,575,configs/experiments/phase3_generalization/sat_visibility_harder_3uav20gu_t250.yaml,/home/sgy/workspace/sagin_marl/runs/method_validation/horizon_fairness_mc_vs_bootstrap_threshold_u0_rep2_20260625_204118/bootstrap_seed45211/checkpoint_update0575.pt,/home/sgy/workspace/sagin_marl/runs/phase3/zero_shot/zero_shot_seed45211_ckpts_vs_baselines_multiseed_20260701_195403,,,/home/sgy/workspace/sagin_marl/runs/phase3/zero_shot/zero_shot_seed45211_ckpts_vs_baselines_multiseed_20260701_195403/all_seed_combined_summary.csv,scenario=sat_visibility_harder_3uav20gu_t250;kind=learned;method=phase2_bootstrap_seed45211_u575;episode_seed_base=981000,981000,,64,64,64,codex/phase3-scenario-generalization,16d0936eff57264e0abd2fc80b2d915609bdf6e4,ok,54.42918378487229,,,0.8886749759307129,,0.07309452798017832,,,,,5.990189533842899,8.255388729949631,239607578.42956254,0.9861354175284505,,0.015625,,0.015625,246.109375,0.9017632347528313,,,,,,,,,,,,,,,,,,,Strict same-scale zero-shot; representative phase2 MC/bootstrap checkpoints plus seven baselines.
phase3_same_scale_zero_shot,hotspot_sparse_3uav20gu_t250__learned__phase2_mc_seed45211_u400__981000,evaluation seed row,hotspot_sparse_3uav20gu_t250,learned,phase2_mc_seed45211_u400,learned_policy,45211,bootstrap_gae,400,configs/experiments/phase3_generalization/hotspot_sparse_3uav20gu_t250.yaml,/home/sgy/workspace/sagin_marl/runs/method_validation/horizon_fairness_mc_vs_bootstrap_threshold_u0_rep2_20260625_204118/mc_seed45211/checkpoint_update0400.pt,/home/sgy/workspace/sagin_marl/runs/phase3/zero_shot/zero_shot_seed45211_ckpts_vs_baselines_multiseed_20260701_195403,,,/home/sgy/workspace/sagin_marl/runs/phase3/zero_shot/zero_shot_seed45211_ckpts_vs_baselines_multiseed_20260701_195403/all_seed_combined_summary.csv,scenario=hotspot_sparse_3uav20gu_t250;kind=learned;method=phase2_mc_seed45211_u400;episode_seed_base=981000,981000,,64,64,64,codex/phase3-scenario-generalization,16d0936eff57264e0abd2fc80b2d915609bdf6e4,ok,43.04150290112011,,,0.7726009493060407,,0.19676573635466293,,,,,7.1385834145708955,10.300308116920295,285543333.0602499,0.8992604220733047,,0.0,,0.0,250.0,0.7742501431845774,,,,,,,,,,,,,,,,,,,Strict same-scale zero-shot; representative phase2 MC/bootstrap checkpoints plus seven baselines.
phase3_same_scale_zero_shot,hotspot_wide_3uav20gu_t250__learned__phase2_mc_seed45211_u400__981000,evaluation seed row,hotspot_wide_3uav20gu_t250,learned,phase2_mc_seed45211_u400,learned_policy,45211,bootstrap_gae,400,configs/experiments/phase3_generalization/hotspot_wide_3uav20gu_t250.yaml,/home/sgy/workspace/sagin_marl/runs/method_validation/horizon_fairness_mc_vs_bootstrap_threshold_u0_rep2_20260625_204118/mc_seed45211/checkpoint_update0400.pt,/home/sgy/workspace/sagin_marl/runs/phase3/zero_shot/zero_shot_seed45211_ckpts_vs_baselines_multiseed_20260701_195403,,,/home/sgy/workspace/sagin_marl/runs/phase3/zero_shot/zero_shot_seed45211_ckpts_vs_baselines_multiseed_20260701_195403/all_seed_combined_summary.csv,scenario=hotspot_wide_3uav20gu_t250;kind=learned;method=phase2_mc_seed45211_u400;episode_seed_base=981000,981000,,64,64,64,codex/phase3-scenario-generalization,16d0936eff57264e0abd2fc80b2d915609bdf6e4,ok,41.41873314161785,,,0.7988520426284519,,0.1667586567669167,,,,,8.258818611186928,11.174628787679593,330352740.4338125,0.8992187553308902,,0.0,,0.0,250.0,0.7989862494602691,,,,,,,,,,,,,,,,,,,Strict same-scale zero-shot; representative phase2 MC/bootstrap checkpoints plus seven baselines.
phase3_same_scale_zero_shot,k10_3uav20gu_t250__learned__phase2_mc_seed45211_u400__981000,evaluation seed row,k10_3uav20gu_t250,learned,phase2_mc_seed45211_u400,learned_policy,45211,bootstrap_gae,400,configs/experiments/phase3_generalization/k10_3uav20gu_t250.yaml,/home/sgy/workspace/sagin_marl/runs/method_validation/horizon_fairness_mc_vs_bootstrap_threshold_u0_rep2_20260625_204118/mc_seed45211/checkpoint_update0400.pt,/home/sgy/workspace/sagin_marl/runs/phase3/zero_shot/zero_shot_seed45211_ckpts_vs_baselines_multiseed_20260701_195403,,,/home/sgy/workspace/sagin_marl/runs/phase3/zero_shot/zero_shot_seed45211_ckpts_vs_baselines_multiseed_20260701_195403/all_seed_combined_summary.csv,scenario=k10_3uav20gu_t250;kind=learned;method=phase2_mc_seed45211_u400;episode_seed_base=981000,981000,,64,64,64,codex/phase3-scenario-generalization,16d0936eff57264e0abd2fc80b2d915609bdf6e4,ok,52.61120205838233,,,0.9121585911134527,,0.06112952087867752,,,,,5.507155156283942,7.036950758381825,220286203.44250888,0.9008854218646886,,0.015625,,0.015625,246.3125,0.918416655069913,,,,,,,,,,,,,,,,,,,Strict same-scale zero-shot; representative phase2 MC/bootstrap checkpoints plus seven baselines.
phase3_same_scale_zero_shot,load_high_3uav20gu_t250__learned__phase2_mc_seed45211_u400__981000,evaluation seed row,load_high_3uav20gu_t250,learned,phase2_mc_seed45211_u400,learned_policy,45211,bootstrap_gae,400,configs/experiments/phase3_generalization/load_high_3uav20gu_t250.yaml,/home/sgy/workspace/sagin_marl/runs/method_validation/horizon_fairness_mc_vs_bootstrap_threshold_u0_rep2_20260625_204118/mc_seed45211/checkpoint_update0400.pt,/home/sgy/workspace/sagin_marl/runs/phase3/zero_shot/zero_shot_seed45211_ckpts_vs_baselines_multiseed_20260701_195403,,,/home/sgy/workspace/sagin_marl/runs/phase3/zero_shot/zero_shot_seed45211_ckpts_vs_baselines_multiseed_20260701_195403/all_seed_combined_summary.csv,scenario=load_high_3uav20gu_t250;kind=learned;method=phase2_mc_seed45211_u400;episode_seed_base=981000,981000,,64,64,64,codex/phase3-scenario-generalization,16d0936eff57264e0abd2fc80b2d915609bdf6e4,ok,42.397852421272546,,,0.7338865135732505,,0.22920925703589137,,,,,6.719251822092571,10.316461503339795,403155118.95892864,0.9112395882941787,,0.015625,,0.015625,246.3125,0.7433456875138261,,,,,,,,,,,,,,,,,,,Strict same-scale zero-shot; representative phase2 MC/bootstrap checkpoints plus seven baselines.
phase3_same_scale_zero_shot,load_low_3uav20gu_t250__learned__phase2_mc_seed45211_u400__981000,evaluation seed row,load_low_3uav20gu_t250,learned,phase2_mc_seed45211_u400,learned_policy,45211,bootstrap_gae,400,configs/experiments/phase3_generalization/load_low_3uav20gu_t250.yaml,/home/sgy/workspace/sagin_marl/runs/method_validation/horizon_fairness_mc_vs_bootstrap_threshold_u0_rep2_20260625_204118/mc_seed45211/checkpoint_update0400.pt,/home/sgy/workspace/sagin_marl/runs/phase3/zero_shot/zero_shot_seed45211_ckpts_vs_baselines_multiseed_20260701_195403,,,/home/sgy/workspace/sagin_marl/runs/phase3/zero_shot/zero_shot_seed45211_ckpts_vs_baselines_multiseed_20260701_195403/all_seed_combined_summary.csv,scenario=load_low_3uav20gu_t250;kind=learned;method=phase2_mc_seed45211_u400;episode_seed_base=981000,981000,,64,64,64,codex/phase3-scenario-generalization,16d0936eff57264e0abd2fc80b2d915609bdf6e4,ok,199.0771048264578,,,0.9990923785977066,,0.0004926843281864422,,,,,0.5107190456224066,0.6232994966937312,10214380.7945,0.8955625053755938,,0.0,,0.0,250.0,0.9990936892209736,,,,,,,,,,,,,,,,,,,Strict same-scale zero-shot; representative phase2 MC/bootstrap checkpoints plus seven baselines.
phase3_same_scale_zero_shot,sat_visibility_harder_3uav20gu_t250__learned__phase2_mc_seed45211_u400__981000,evaluation seed row,sat_visibility_harder_3uav20gu_t250,learned,phase2_mc_seed45211_u400,learned_policy,45211,bootstrap_gae,400,configs/experiments/phase3_generalization/sat_visibility_harder_3uav20gu_t250.yaml,/home/sgy/workspace/sagin_marl/runs/method_validation/horizon_fairness_mc_vs_bootstrap_threshold_u0_rep2_20260625_204118/mc_seed45211/checkpoint_update0400.pt,/home/sgy/workspace/sagin_marl/runs/phase3/zero_shot/zero_shot_seed45211_ckpts_vs_baselines_multiseed_20260701_195403,,,/home/sgy/workspace/sagin_marl/runs/phase3/zero_shot/zero_shot_seed45211_ckpts_vs_baselines_multiseed_20260701_195403/all_seed_combined_summary.csv,scenario=sat_visibility_harder_3uav20gu_t250;kind=learned;method=phase2_mc_seed45211_u400;episode_seed_base=981000,981000,,64,64,64,codex/phase3-scenario-generalization,16d0936eff57264e0abd2fc80b2d915609bdf6e4,ok,56.01825750363059,,,0.9080957236057148,,0.059308323350932945,,,,,6.300923975076662,8.311874189278427,252036955.854,0.9948750003390011,,0.0,,0.0,250.0,0.9275752392696905,,,,,,,,,,,,,,,,,,,Strict same-scale zero-shot; representative phase2 MC/bootstrap checkpoints plus seven baselines.
phase3_same_scale_zero_shot,hotspot_sparse_3uav20gu_t250__baseline__queue_aware__981000,evaluation seed row,hotspot_sparse_3uav20gu_t250,baseline,queue_aware,non_learning_baseline,,,,configs/experiments/phase3_generalization/hotspot_sparse_3uav20gu_t250.yaml,,/home/sgy/workspace/sagin_marl/runs/phase3/zero_shot/zero_shot_seed45211_ckpts_vs_baselines_multiseed_20260701_195403,,,/home/sgy/workspace/sagin_marl/runs/phase3/zero_shot/zero_shot_seed45211_ckpts_vs_baselines_multiseed_20260701_195403/all_seed_combined_summary.csv,scenario=hotspot_sparse_3uav20gu_t250;kind=baseline;method=queue_aware;episode_seed_base=981000,981000,,64,64,64,codex/phase3-scenario-generalization,16d0936eff57264e0abd2fc80b2d915609bdf6e4,ok,17.772304502199404,,,0.46386543265233576,,0.3520605353715565,,,,,10.598668099992556,26.81426457394014,423946718.9901786,0.9820000622806274,,0.828125,,0.828125,129.21875,0.4639416681176861,,,,,,,,,,,,,,,,,,,Strict same-scale zero-shot; representative phase2 MC/bootstrap checkpoints plus seven baselines.
phase3_same_scale_zero_shot,hotspot_wide_3uav20gu_t250__baseline__queue_aware__981000,evaluation seed row,hotspot_wide_3uav20gu_t250,baseline,queue_aware,non_learning_baseline,,,,configs/experiments/phase3_generalization/hotspot_wide_3uav20gu_t250.yaml,,/home/sgy/workspace/sagin_marl/runs/phase3/zero_shot/zero_shot_seed45211_ckpts_vs_baselines_multiseed_20260701_195403,,,/home/sgy/workspace/sagin_marl/runs/phase3/zero_shot/zero_shot_seed45211_ckpts_vs_baselines_multiseed_20260701_195403/all_seed_combined_summary.csv,scenario=hotspot_wide_3uav20gu_t250;kind=baseline;method=queue_aware;episode_seed_base=981000,981000,,64,64,64,codex/phase3-scenario-generalization,16d0936eff57264e0abd2fc80b2d915609bdf6e4,ok,17.70134229050018,,,0.4435443466327252,,0.34289768282391714,,,,,11.531358444278828,29.948370658946846,461254332.44725174,0.9663380635194662,,0.734375,,0.734375,132.15625,0.44355772154245654,,,,,,,,,,,,,,,,,,,Strict same-scale zero-shot; representative phase2 MC/bootstrap checkpoints plus seven baselines.
phase3_same_scale_zero_shot,k10_3uav20gu_t250__baseline__queue_aware__981000,evaluation seed row,k10_3uav20gu_t250,baseline,queue_aware,non_learning_baseline,,,,configs/experiments/phase3_generalization/k10_3uav20gu_t250.yaml,,/home/sgy/workspace/sagin_marl/runs/phase3/zero_shot/zero_shot_seed45211_ckpts_vs_baselines_multiseed_20260701_195403,,,/home/sgy/workspace/sagin_marl/runs/phase3/zero_shot/zero_shot_seed45211_ckpts_vs_baselines_multiseed_20260701_195403/all_seed_combined_summary.csv,scenario=k10_3uav20gu_t250;kind=baseline;method=queue_aware;episode_seed_base=981000,981000,,64,64,64,codex/phase3-scenario-generalization,16d0936eff57264e0abd2fc80b2d915609bdf6e4,ok,19.89339071395807,,,0.46236229246415933,,0.36015117237504823,,,,,11.585467069459991,31.024982438763043,463418677.25989443,0.9742519667884878,,0.734375,,0.734375,144.421875,0.46273306956185783,,,,,,,,,,,,,,,,,,,Strict same-scale zero-shot; representative phase2 MC/bootstrap checkpoints plus seven baselines.
phase3_same_scale_zero_shot,load_high_3uav20gu_t250__baseline__queue_aware__981000,evaluation seed row,load_high_3uav20gu_t250,baseline,queue_aware,non_learning_baseline,,,,configs/experiments/phase3_generalization/load_high_3uav20gu_t250.yaml,,/home/sgy/workspace/sagin_marl/runs/phase3/zero_shot/zero_shot_seed45211_ckpts_vs_baselines_multiseed_20260701_195403,,,/home/sgy/workspace/sagin_marl/runs/phase3/zero_shot/zero_shot_seed45211_ckpts_vs_baselines_multiseed_20260701_195403/all_seed_combined_summary.csv,scenario=load_high_3uav20gu_t250;kind=baseline;method=queue_aware;episode_seed_base=981000,981000,,64,64,64,codex/phase3-scenario-generalization,16d0936eff57264e0abd2fc80b2d915609bdf6e4,ok,17.872439215425402,,,0.3442114807932308,,0.4986626152971878,,,,,8.898388340931824,29.687193154127588,533903313.1729765,0.9628355363051354,,0.78125,,0.78125,130.984375,0.34434897917668644,,,,,,,,,,,,,,,,,,,Strict same-scale zero-shot; representative phase2 MC/bootstrap checkpoints plus seven baselines.
phase3_same_scale_zero_shot,load_low_3uav20gu_t250__baseline__queue_aware__981000,evaluation seed row,load_low_3uav20gu_t250,baseline,queue_aware,non_learning_baseline,,,,configs/experiments/phase3_generalization/load_low_3uav20gu_t250.yaml,,/home/sgy/workspace/sagin_marl/runs/phase3/zero_shot/zero_shot_seed45211_ckpts_vs_baselines_multiseed_20260701_195403,,,/home/sgy/workspace/sagin_marl/runs/phase3/zero_shot/zero_shot_seed45211_ckpts_vs_baselines_multiseed_20260701_195403/all_seed_combined_summary.csv,scenario=load_low_3uav20gu_t250;kind=baseline;method=queue_aware;episode_seed_base=981000,981000,,64,64,64,codex/phase3-scenario-generalization,16d0936eff57264e0abd2fc80b2d915609bdf6e4,ok,21.158208332839422,,,0.7317108879507394,,0.08603050857905092,,,,,11.699041311843287,20.522280949252263,233980823.4936878,0.9702481216504575,,0.765625,,0.765625,138.484375,0.7325368748099607,,,,,,,,,,,,,,,,,,,Strict same-scale zero-shot; representative phase2 MC/bootstrap checkpoints plus seven baselines.
phase3_same_scale_zero_shot,sat_visibility_harder_3uav20gu_t250__baseline__queue_aware__981000,evaluation seed row,sat_visibility_harder_3uav20gu_t250,baseline,queue_aware,non_learning_baseline,,,,configs/experiments/phase3_generalization/sat_visibility_harder_3uav20gu_t250.yaml,,/home/sgy/workspace/sagin_marl/runs/phase3/zero_shot/zero_shot_seed45211_ckpts_vs_baselines_multiseed_20260701_195403,,,/home/sgy/workspace/sagin_marl/runs/phase3/zero_shot/zero_shot_seed45211_ckpts_vs_baselines_multiseed_20260701_195403/all_seed_combined_summary.csv,scenario=sat_visibility_harder_3uav20gu_t250;kind=baseline;method=queue_aware;episode_seed_base=981000,981000,,64,64,64,codex/phase3-scenario-generalization,16d0936eff57264e0abd2fc80b2d915609bdf6e4,ok,20.07673148147296,,,0.4689159115037615,,0.35269106277856094,,,,,11.459100811102928,28.541798504389206,458364027.13172114,1.0,,0.703125,,0.703125,145.234375,0.46904219495670474,,,,,,,,,,,,,,,,,,,Strict same-scale zero-shot; representative phase2 MC/bootstrap checkpoints plus seven baselines.
phase3_same_scale_zero_shot,hotspot_sparse_3uav20gu_t250__baseline__topology_dpp_native_bw_sat_cached__981000,evaluation seed row,hotspot_sparse_3uav20gu_t250,baseline,topology_dpp_native_bw_sat_cached,non_learning_baseline,,,,configs/experiments/phase3_generalization/hotspot_sparse_3uav20gu_t250.yaml,,/home/sgy/workspace/sagin_marl/runs/phase3/zero_shot/zero_shot_seed45211_ckpts_vs_baselines_multiseed_20260701_195403,,,/home/sgy/workspace/sagin_marl/runs/phase3/zero_shot/zero_shot_seed45211_ckpts_vs_baselines_multiseed_20260701_195403/all_seed_combined_summary.csv,scenario=hotspot_sparse_3uav20gu_t250;kind=baseline;method=topology_dpp_native_bw_sat_cached;episode_seed_base=981000,981000,,64,64,64,codex/phase3-scenario-generalization,16d0936eff57264e0abd2fc80b2d915609bdf6e4,ok,33.638335120282136,,,0.6930414116893016,,0.2418053718390594,,,,,11.820035112178152,19.771333466821247,472801398.9828959,0.9489166682250798,,0.03125,,0.03125,243.328125,0.6946233310373092,,,,,,,,,,,,,,,,,,,Strict same-scale zero-shot; representative phase2 MC/bootstrap checkpoints plus seven baselines.
phase3_same_scale_zero_shot,hotspot_wide_3uav20gu_t250__baseline__topology_dpp_native_bw_sat_cached__981000,evaluation seed row,hotspot_wide_3uav20gu_t250,baseline,topology_dpp_native_bw_sat_cached,non_learning_baseline,,,,configs/experiments/phase3_generalization/hotspot_wide_3uav20gu_t250.yaml,,/home/sgy/workspace/sagin_marl/runs/phase3/zero_shot/zero_shot_seed45211_ckpts_vs_baselines_multiseed_20260701_195403,,,/home/sgy/workspace/sagin_marl/runs/phase3/zero_shot/zero_shot_seed45211_ckpts_vs_baselines_multiseed_20260701_195403/all_seed_combined_summary.csv,scenario=hotspot_wide_3uav20gu_t250;kind=baseline;method=topology_dpp_native_bw_sat_cached;episode_seed_base=981000,981000,,64,64,64,codex/phase3-scenario-generalization,16d0936eff57264e0abd2fc80b2d915609bdf6e4,ok,33.398116930620745,,,0.7044378103943807,,0.21624634887148583,,,,,11.86223525641683,18.444930483776748,474489404.7738396,0.9859791670534759,,0.0625,,0.0625,235.96875,0.7044561400449985,,,,,,,,,,,,,,,,,,,Strict same-scale zero-shot; representative phase2 MC/bootstrap checkpoints plus seven baselines.
phase3_same_scale_zero_shot,k10_3uav20gu_t250__baseline__topology_dpp_native_bw_sat_cached__981000,evaluation seed row,k10_3uav20gu_t250,baseline,topology_dpp_native_bw_sat_cached,non_learning_baseline,,,,configs/experiments/phase3_generalization/k10_3uav20gu_t250.yaml,,/home/sgy/workspace/sagin_marl/runs/phase3/zero_shot/zero_shot_seed45211_ckpts_vs_baselines_multiseed_20260701_195403,,,/home/sgy/workspace/sagin_marl/runs/phase3/zero_shot/zero_shot_seed45211_ckpts_vs_baselines_multiseed_20260701_195403/all_seed_combined_summary.csv,scenario=k10_3uav20gu_t250;kind=baseline;method=topology_dpp_native_bw_sat_cached;episode_seed_base=981000,981000,,64,64,64,codex/phase3-scenario-generalization,16d0936eff57264e0abd2fc80b2d915609bdf6e4,ok,38.84771377884317,,,0.8264121641756503,,0.13490147381628878,,,,,9.644415106554519,14.634644540307113,385776599.79218745,0.8286770882401615,,0.015625,,0.015625,246.875,0.8287128336004884,,,,,,,,,,,,,,,,,,,Strict same-scale zero-shot; representative phase2 MC/bootstrap checkpoints plus seven baselines.
phase3_same_scale_zero_shot,load_high_3uav20gu_t250__baseline__topology_dpp_native_bw_sat_cached__981000,evaluation seed row,load_high_3uav20gu_t250,baseline,topology_dpp_native_bw_sat_cached,non_learning_baseline,,,,configs/experiments/phase3_generalization/load_high_3uav20gu_t250.yaml,,/home/sgy/workspace/sagin_marl/runs/phase3/zero_shot/zero_shot_seed45211_ckpts_vs_baselines_multiseed_20260701_195403,,,/home/sgy/workspace/sagin_marl/runs/phase3/zero_shot/zero_shot_seed45211_ckpts_vs_baselines_multiseed_20260701_195403/all_seed_combined_summary.csv,scenario=load_high_3uav20gu_t250;kind=baseline;method=topology_dpp_native_bw_sat_cached;episode_seed_base=981000,981000,,64,64,64,codex/phase3-scenario-generalization,16d0936eff57264e0abd2fc80b2d915609bdf6e4,ok,37.231103862286545,,,0.6928721762229687,,0.26994669872749116,,,,,9.325114303623327,15.981585106529298,559506871.6497499,0.7237083402127028,,0.015625,,0.015625,246.875,0.6980636361517292,,,,,,,,,,,,,,,,,,,Strict same-scale zero-shot; representative phase2 MC/bootstrap checkpoints plus seven baselines.
phase3_same_scale_zero_shot,load_low_3uav20gu_t250__baseline__topology_dpp_native_bw_sat_cached__981000,evaluation seed row,load_low_3uav20gu_t250,baseline,topology_dpp_native_bw_sat_cached,non_learning_baseline,,,,configs/experiments/phase3_generalization/load_low_3uav20gu_t250.yaml,,/home/sgy/workspace/sagin_marl/runs/phase3/zero_shot/zero_shot_seed45211_ckpts_vs_baselines_multiseed_20260701_195403,,,/home/sgy/workspace/sagin_marl/runs/phase3/zero_shot/zero_shot_seed45211_ckpts_vs_baselines_multiseed_20260701_195403/all_seed_combined_summary.csv,scenario=load_low_3uav20gu_t250;kind=baseline;method=topology_dpp_native_bw_sat_cached;episode_seed_base=981000,981000,,64,64,64,codex/phase3-scenario-generalization,16d0936eff57264e0abd2fc80b2d915609bdf6e4,ok,63.45572857186198,,,0.9796639096830042,,0.0062697597344194955,,,,,4.051633524251402,5.564038861125357,81032669.54012501,0.9187291692681612,,0.015625,,0.015625,246.875,0.9796774580271566,,,,,,,,,,,,,,,,,,,Strict same-scale zero-shot; representative phase2 MC/bootstrap checkpoints plus seven baselines.
phase3_same_scale_zero_shot,sat_visibility_harder_3uav20gu_t250__baseline__topology_dpp_native_bw_sat_cached__981000,evaluation seed row,sat_visibility_harder_3uav20gu_t250,baseline,topology_dpp_native_bw_sat_cached,non_learning_baseline,,,,configs/experiments/phase3_generalization/sat_visibility_harder_3uav20gu_t250.yaml,,/home/sgy/workspace/sagin_marl/runs/phase3/zero_shot/zero_shot_seed45211_ckpts_vs_baselines_multiseed_20260701_195403,,,/home/sgy/workspace/sagin_marl/runs/phase3/zero_shot/zero_shot_seed45211_ckpts_vs_baselines_multiseed_20260701_195403/all_seed_combined_summary.csv,scenario=sat_visibility_harder_3uav20gu_t250;kind=baseline;method=topology_dpp_native_bw_sat_cached;episode_seed_base=981000,981000,,64,64,64,codex/phase3-scenario-generalization,16d0936eff57264e0abd2fc80b2d915609bdf6e4,ok,40.423917272128165,,,0.8534919631942177,,0.10522250573642718,,,,,8.731066942748614,12.346823797793128,349242673.69031245,0.9691562515459955,,0.015625,,0.015625,246.875,0.8620531468719455,,,,,,,,,,,,,,,,,,,Strict same-scale zero-shot; representative phase2 MC/bootstrap checkpoints plus seven baselines.
phase3_same_scale_zero_shot,hotspot_sparse_3uav20gu_t250__baseline__cluster_center_queue_aware__982000,evaluation seed row,hotspot_sparse_3uav20gu_t250,baseline,cluster_center_queue_aware,non_learning_baseline,,,,configs/experiments/phase3_generalization/hotspot_sparse_3uav20gu_t250.yaml,,/home/sgy/workspace/sagin_marl/runs/phase3/zero_shot/zero_shot_seed45211_ckpts_vs_baselines_multiseed_20260701_195403,,,/home/sgy/workspace/sagin_marl/runs/phase3/zero_shot/zero_shot_seed45211_ckpts_vs_baselines_multiseed_20260701_195403/all_seed_combined_summary.csv,scenario=hotspot_sparse_3uav20gu_t250;kind=baseline;method=cluster_center_queue_aware;episode_seed_base=982000,982000,,64,64,64,codex/phase3-scenario-generalization,16d0936eff57264e0abd2fc80b2d915609bdf6e4,ok,37.304602029849775,,,0.7479369073582349,,0.2132724801235293,,,,,8.912358579806982,13.46503090479225,356494338.98737496,0.8106250053104018,,0.0,,0.0,250.0,0.7498907097492243,,,,,,,,,,,,,,,,,,,Strict same-scale zero-shot; representative phase2 MC/bootstrap checkpoints plus seven baselines.
phase3_same_scale_zero_shot,hotspot_wide_3uav20gu_t250__baseline__cluster_center_queue_aware__982000,evaluation seed row,hotspot_wide_3uav20gu_t250,baseline,cluster_center_queue_aware,non_learning_baseline,,,,configs/experiments/phase3_generalization/hotspot_wide_3uav20gu_t250.yaml,,/home/sgy/workspace/sagin_marl/runs/phase3/zero_shot/zero_shot_seed45211_ckpts_vs_baselines_multiseed_20260701_195403,,,/home/sgy/workspace/sagin_marl/runs/phase3/zero_shot/zero_shot_seed45211_ckpts_vs_baselines_multiseed_20260701_195403/all_seed_combined_summary.csv,scenario=hotspot_wide_3uav20gu_t250;kind=baseline;method=cluster_center_queue_aware;episode_seed_base=982000,982000,,64,64,64,codex/phase3-scenario-generalization,16d0936eff57264e0abd2fc80b2d915609bdf6e4,ok,37.630184738198295,,,0.7609598061861259,,0.18696110616743739,,,,,9.2683512866696,13.612461353508754,370734047.2001251,0.809729172047228,,0.03125,,0.03125,242.953125,0.7615114415424731,,,,,,,,,,,,,,,,,,,Strict same-scale zero-shot; representative phase2 MC/bootstrap checkpoints plus seven baselines.
phase3_same_scale_zero_shot,k10_3uav20gu_t250__baseline__cluster_center_queue_aware__982000,evaluation seed row,k10_3uav20gu_t250,baseline,cluster_center_queue_aware,non_learning_baseline,,,,configs/experiments/phase3_generalization/k10_3uav20gu_t250.yaml,,/home/sgy/workspace/sagin_marl/runs/phase3/zero_shot/zero_shot_seed45211_ckpts_vs_baselines_multiseed_20260701_195403,,,/home/sgy/workspace/sagin_marl/runs/phase3/zero_shot/zero_shot_seed45211_ckpts_vs_baselines_multiseed_20260701_195403/all_seed_combined_summary.csv,scenario=k10_3uav20gu_t250;kind=baseline;method=cluster_center_queue_aware;episode_seed_base=982000,982000,,64,64,64,codex/phase3-scenario-generalization,16d0936eff57264e0abd2fc80b2d915609bdf6e4,ok,43.41527238721028,,,0.8810168482982552,,0.08379978795783902,,,,,7.781568985758584,10.50373583484208,311262755.72337496,0.7747395896930251,,0.0,,0.0,250.0,0.8895888663188697,,,,,,,,,,,,,,,,,,,Strict same-scale zero-shot; representative phase2 MC/bootstrap checkpoints plus seven baselines.
phase3_same_scale_zero_shot,load_high_3uav20gu_t250__baseline__cluster_center_queue_aware__982000,evaluation seed row,load_high_3uav20gu_t250,baseline,cluster_center_queue_aware,non_learning_baseline,,,,configs/experiments/phase3_generalization/load_high_3uav20gu_t250.yaml,,/home/sgy/workspace/sagin_marl/runs/phase3/zero_shot/zero_shot_seed45211_ckpts_vs_baselines_multiseed_20260701_195403,,,/home/sgy/workspace/sagin_marl/runs/phase3/zero_shot/zero_shot_seed45211_ckpts_vs_baselines_multiseed_20260701_195403/all_seed_combined_summary.csv,scenario=load_high_3uav20gu_t250;kind=baseline;method=cluster_center_queue_aware;episode_seed_base=982000,982000,,64,64,64,codex/phase3-scenario-generalization,16d0936eff57264e0abd2fc80b2d915609bdf6e4,ok,40.70869548677001,,,0.7179272342582701,,0.24625275505668195,,,,,7.493612183914519,12.069506332880817,449616741.70287496,0.7747395896930251,,0.0,,0.0,250.0,0.727813274684767,,,,,,,,,,,,,,,,,,,Strict same-scale zero-shot; representative phase2 MC/bootstrap checkpoints plus seven baselines.
phase3_same_scale_zero_shot,load_low_3uav20gu_t250__baseline__cluster_center_queue_aware__982000,evaluation seed row,load_low_3uav20gu_t250,baseline,cluster_center_queue_aware,non_learning_baseline,,,,configs/experiments/phase3_generalization/load_low_3uav20gu_t250.yaml,,/home/sgy/workspace/sagin_marl/runs/phase3/zero_shot/zero_shot_seed45211_ckpts_vs_baselines_multiseed_20260701_195403,,,/home/sgy/workspace/sagin_marl/runs/phase3/zero_shot/zero_shot_seed45211_ckpts_vs_baselines_multiseed_20260701_195403/all_seed_combined_summary.csv,scenario=load_low_3uav20gu_t250;kind=baseline;method=cluster_center_queue_aware;episode_seed_base=982000,982000,,64,64,64,codex/phase3-scenario-generalization,16d0936eff57264e0abd2fc80b2d915609bdf6e4,ok,73.83660103078,,,0.987567045759875,,0.004523994276562007,,,,,2.585686134229822,3.690287216096171,51713722.07125,0.7747395896930251,,0.0,,0.0,250.0,0.9876376860054936,,,,,,,,,,,,,,,,,,,Strict same-scale zero-shot; representative phase2 MC/bootstrap checkpoints plus seven baselines.
phase3_same_scale_zero_shot,sat_visibility_harder_3uav20gu_t250__baseline__cluster_center_queue_aware__982000,evaluation seed row,sat_visibility_harder_3uav20gu_t250,baseline,cluster_center_queue_aware,non_learning_baseline,,,,configs/experiments/phase3_generalization/sat_visibility_harder_3uav20gu_t250.yaml,,/home/sgy/workspace/sagin_marl/runs/phase3/zero_shot/zero_shot_seed45211_ckpts_vs_baselines_multiseed_20260701_195403,,,/home/sgy/workspace/sagin_marl/runs/phase3/zero_shot/zero_shot_seed45211_ckpts_vs_baselines_multiseed_20260701_195403/all_seed_combined_summary.csv,scenario=sat_visibility_harder_3uav20gu_t250;kind=baseline;method=cluster_center_queue_aware;episode_seed_base=982000,982000,,64,64,64,codex/phase3-scenario-generalization,16d0936eff57264e0abd2fc80b2d915609bdf6e4,ok,45.310376365552656,,,0.8809063480992335,,0.07700329082611745,,,,,7.950164898692864,10.946903392135631,318006592.29718757,0.9996562500484291,,0.0,,0.0,250.0,0.9020095824018807,,,,,,,,,,,,,,,,,,,Strict same-scale zero-shot; representative phase2 MC/bootstrap checkpoints plus seven baselines.
phase3_same_scale_zero_shot,hotspot_sparse_3uav20gu_t250__baseline__dpp_resource_hybrid_native__982000,evaluation seed row,hotspot_sparse_3uav20gu_t250,baseline,dpp_resource_hybrid_native,non_learning_baseline,,,,configs/experiments/phase3_generalization/hotspot_sparse_3uav20gu_t250.yaml,,/home/sgy/workspace/sagin_marl/runs/phase3/zero_shot/zero_shot_seed45211_ckpts_vs_baselines_multiseed_20260701_195403,,,/home/sgy/workspace/sagin_marl/runs/phase3/zero_shot/zero_shot_seed45211_ckpts_vs_baselines_multiseed_20260701_195403/all_seed_combined_summary.csv,scenario=hotspot_sparse_3uav20gu_t250;kind=baseline;method=dpp_resource_hybrid_native;episode_seed_base=982000,982000,,64,64,64,codex/phase3-scenario-generalization,16d0936eff57264e0abd2fc80b2d915609bdf6e4,ok,34.35719107405748,,,0.7020121203144082,,0.24685285144222216,,,,,11.728990779249,18.734609840557912,469159625.5358751,0.8106250053104018,,0.0,,0.0,250.0,0.7028364935580493,,,,,,,,,,,,,,,,,,,Strict same-scale zero-shot; representative phase2 MC/bootstrap checkpoints plus seven baselines.
phase3_same_scale_zero_shot,hotspot_wide_3uav20gu_t250__baseline__dpp_resource_hybrid_native__982000,evaluation seed row,hotspot_wide_3uav20gu_t250,baseline,dpp_resource_hybrid_native,non_learning_baseline,,,,configs/experiments/phase3_generalization/hotspot_wide_3uav20gu_t250.yaml,,/home/sgy/workspace/sagin_marl/runs/phase3/zero_shot/zero_shot_seed45211_ckpts_vs_baselines_multiseed_20260701_195403,,,/home/sgy/workspace/sagin_marl/runs/phase3/zero_shot/zero_shot_seed45211_ckpts_vs_baselines_multiseed_20260701_195403/all_seed_combined_summary.csv,scenario=hotspot_wide_3uav20gu_t250;kind=baseline;method=dpp_resource_hybrid_native;episode_seed_base=982000,982000,,64,64,64,codex/phase3-scenario-generalization,16d0936eff57264e0abd2fc80b2d915609bdf6e4,ok,34.503201642190106,,,0.7173193531221371,,0.21681061910497645,,,,,12.108306554406965,18.7584371689934,484332256.48874426,0.809729172047228,,0.03125,,0.03125,242.953125,0.7175837556404007,,,,,,,,,,,,,,,,,,,Strict same-scale zero-shot; representative phase2 MC/bootstrap checkpoints plus seven baselines.
phase3_same_scale_zero_shot,k10_3uav20gu_t250__baseline__dpp_resource_hybrid_native__982000,evaluation seed row,k10_3uav20gu_t250,baseline,dpp_resource_hybrid_native,non_learning_baseline,,,,configs/experiments/phase3_generalization/k10_3uav20gu_t250.yaml,,/home/sgy/workspace/sagin_marl/runs/phase3/zero_shot/zero_shot_seed45211_ckpts_vs_baselines_multiseed_20260701_195403,,,/home/sgy/workspace/sagin_marl/runs/phase3/zero_shot/zero_shot_seed45211_ckpts_vs_baselines_multiseed_20260701_195403/all_seed_combined_summary.csv,scenario=k10_3uav20gu_t250;kind=baseline;method=dpp_resource_hybrid_native;episode_seed_base=982000,982000,,64,64,64,codex/phase3-scenario-generalization,16d0936eff57264e0abd2fc80b2d915609bdf6e4,ok,39.31861225038301,,,0.830837437380105,,0.1315827282239981,,,,,9.063905902598057,13.395500585906204,362556231.89312494,0.7747395896930251,,0.0,,0.0,250.0,0.834114453522897,,,,,,,,,,,,,,,,,,,Strict same-scale zero-shot; representative phase2 MC/bootstrap checkpoints plus seven baselines.
phase3_same_scale_zero_shot,load_high_3uav20gu_t250__baseline__dpp_resource_hybrid_native__982000,evaluation seed row,load_high_3uav20gu_t250,baseline,dpp_resource_hybrid_native,non_learning_baseline,,,,configs/experiments/phase3_generalization/load_high_3uav20gu_t250.yaml,,/home/sgy/workspace/sagin_marl/runs/phase3/zero_shot/zero_shot_seed45211_ckpts_vs_baselines_multiseed_20260701_195403,,,/home/sgy/workspace/sagin_marl/runs/phase3/zero_shot/zero_shot_seed45211_ckpts_vs_baselines_multiseed_20260701_195403/all_seed_combined_summary.csv,scenario=load_high_3uav20gu_t250;kind=baseline;method=dpp_resource_hybrid_native;episode_seed_base=982000,982000,,64,64,64,codex/phase3-scenario-generalization,16d0936eff57264e0abd2fc80b2d915609bdf6e4,ok,37.300571808591485,,,0.6984778072909685,,0.26331144931297407,,,,,8.345574863787736,13.717344992866744,500734503.6621251,0.7747395896930251,,0.0,,0.0,250.0,0.7051377462680855,,,,,,,,,,,,,,,,,,,Strict same-scale zero-shot; representative phase2 MC/bootstrap checkpoints plus seven baselines.
phase3_same_scale_zero_shot,load_low_3uav20gu_t250__baseline__dpp_resource_hybrid_native__982000,evaluation seed row,load_low_3uav20gu_t250,baseline,dpp_resource_hybrid_native,non_learning_baseline,,,,configs/experiments/phase3_generalization/load_low_3uav20gu_t250.yaml,,/home/sgy/workspace/sagin_marl/runs/phase3/zero_shot/zero_shot_seed45211_ckpts_vs_baselines_multiseed_20260701_195403,,,/home/sgy/workspace/sagin_marl/runs/phase3/zero_shot/zero_shot_seed45211_ckpts_vs_baselines_multiseed_20260701_195403/all_seed_combined_summary.csv,scenario=load_low_3uav20gu_t250;kind=baseline;method=dpp_resource_hybrid_native;episode_seed_base=982000,982000,,64,64,64,codex/phase3-scenario-generalization,16d0936eff57264e0abd2fc80b2d915609bdf6e4,ok,60.33954754064325,,,0.9839832793818786,,0.005111125826551871,,,,,4.077209181382613,5.751581204999413,81544182.65075003,0.7747395896930251,,0.0,,0.0,250.0,0.9840075382844079,,,,,,,,,,,,,,,,,,,Strict same-scale zero-shot; representative phase2 MC/bootstrap checkpoints plus seven baselines.
phase3_same_scale_zero_shot,sat_visibility_harder_3uav20gu_t250__baseline__dpp_resource_hybrid_native__982000,evaluation seed row,sat_visibility_harder_3uav20gu_t250,baseline,dpp_resource_hybrid_native,non_learning_baseline,,,,configs/experiments/phase3_generalization/sat_visibility_harder_3uav20gu_t250.yaml,,/home/sgy/workspace/sagin_marl/runs/phase3/zero_shot/zero_shot_seed45211_ckpts_vs_baselines_multiseed_20260701_195403,,,/home/sgy/workspace/sagin_marl/runs/phase3/zero_shot/zero_shot_seed45211_ckpts_vs_baselines_multiseed_20260701_195403/all_seed_combined_summary.csv,scenario=sat_visibility_harder_3uav20gu_t250;kind=baseline;method=dpp_resource_hybrid_native;episode_seed_base=982000,982000,,64,64,64,codex/phase3-scenario-generalization,16d0936eff57264e0abd2fc80b2d915609bdf6e4,ok,40.52131771098357,,,0.8586464775116183,,0.09832829173274424,,,,,9.306039222238585,13.049116606559608,372241564.5067503,0.9996562500484291,,0.0,,0.0,250.0,0.8713225566042304,,,,,,,,,,,,,,,,,,,Strict same-scale zero-shot; representative phase2 MC/bootstrap checkpoints plus seven baselines.
phase3_same_scale_zero_shot,hotspot_sparse_3uav20gu_t250__baseline__full_topology_dpp_joint__982000,evaluation seed row,hotspot_sparse_3uav20gu_t250,baseline,full_topology_dpp_joint,non_learning_baseline,,,,configs/experiments/phase3_generalization/hotspot_sparse_3uav20gu_t250.yaml,,/home/sgy/workspace/sagin_marl/runs/phase3/zero_shot/zero_shot_seed45211_ckpts_vs_baselines_multiseed_20260701_195403,,,/home/sgy/workspace/sagin_marl/runs/phase3/zero_shot/zero_shot_seed45211_ckpts_vs_baselines_multiseed_20260701_195403/all_seed_combined_summary.csv,scenario=hotspot_sparse_3uav20gu_t250;kind=baseline;method=full_topology_dpp_joint;episode_seed_base=982000,982000,,64,64,64,codex/phase3-scenario-generalization,16d0936eff57264e0abd2fc80b2d915609bdf6e4,ok,25.10351493646158,,,0.36797885272998077,,0.4883389716324334,,,,,15.03116515986469,46.82951871438143,601246599.032064,0.9845416670776904,,0.21875,,0.21875,203.859375,0.36798511511517923,,,,,,,,,,,,,,,,,,,Strict same-scale zero-shot; representative phase2 MC/bootstrap checkpoints plus seven baselines.
phase3_same_scale_zero_shot,hotspot_wide_3uav20gu_t250__baseline__full_topology_dpp_joint__982000,evaluation seed row,hotspot_wide_3uav20gu_t250,baseline,full_topology_dpp_joint,non_learning_baseline,,,,configs/experiments/phase3_generalization/hotspot_wide_3uav20gu_t250.yaml,,/home/sgy/workspace/sagin_marl/runs/phase3/zero_shot/zero_shot_seed45211_ckpts_vs_baselines_multiseed_20260701_195403,,,/home/sgy/workspace/sagin_marl/runs/phase3/zero_shot/zero_shot_seed45211_ckpts_vs_baselines_multiseed_20260701_195403/all_seed_combined_summary.csv,scenario=hotspot_wide_3uav20gu_t250;kind=baseline;method=full_topology_dpp_joint;episode_seed_base=982000,982000,,64,64,64,codex/phase3-scenario-generalization,16d0936eff57264e0abd2fc80b2d915609bdf6e4,ok,24.32763510197401,,,0.39047237865159784,,0.45017698353691593,,,,,15.556403400471748,45.527394947346124,622256128.506005,0.9848750003185123,,0.21875,,0.21875,203.859375,0.39068442453305735,,,,,,,,,,,,,,,,,,,Strict same-scale zero-shot; representative phase2 MC/bootstrap checkpoints plus seven baselines.
phase3_same_scale_zero_shot,k10_3uav20gu_t250__baseline__full_topology_dpp_joint__982000,evaluation seed row,k10_3uav20gu_t250,baseline,full_topology_dpp_joint,non_learning_baseline,,,,configs/experiments/phase3_generalization/k10_3uav20gu_t250.yaml,,/home/sgy/workspace/sagin_marl/runs/phase3/zero_shot/zero_shot_seed45211_ckpts_vs_baselines_multiseed_20260701_195403,,,/home/sgy/workspace/sagin_marl/runs/phase3/zero_shot/zero_shot_seed45211_ckpts_vs_baselines_multiseed_20260701_195403/all_seed_combined_summary.csv,scenario=k10_3uav20gu_t250;kind=baseline;method=full_topology_dpp_joint;episode_seed_base=982000,982000,,64,64,64,codex/phase3-scenario-generalization,16d0936eff57264e0abd2fc80b2d915609bdf6e4,ok,24.50773340871092,,,0.40292744701128225,,0.44175082465048665,,,,,14.93559154427355,41.999407813619996,597423654.663817,0.9848750003185123,,0.21875,,0.21875,203.4375,0.4029268553514817,,,,,,,,,,,,,,,,,,,Strict same-scale zero-shot; representative phase2 MC/bootstrap checkpoints plus seven baselines.
phase3_same_scale_zero_shot,load_high_3uav20gu_t250__baseline__full_topology_dpp_joint__982000,evaluation seed row,load_high_3uav20gu_t250,baseline,full_topology_dpp_joint,non_learning_baseline,,,,configs/experiments/phase3_generalization/load_high_3uav20gu_t250.yaml,,/home/sgy/workspace/sagin_marl/runs/phase3/zero_shot/zero_shot_seed45211_ckpts_vs_baselines_multiseed_20260701_195403,,,/home/sgy/workspace/sagin_marl/runs/phase3/zero_shot/zero_shot_seed45211_ckpts_vs_baselines_multiseed_20260701_195403/all_seed_combined_summary.csv,scenario=load_high_3uav20gu_t250;kind=baseline;method=full_topology_dpp_joint;episode_seed_base=982000,982000,,64,64,64,codex/phase3-scenario-generalization,16d0936eff57264e0abd2fc80b2d915609bdf6e4,ok,24.61382840090664,,,0.29655013499729627,,0.5858510225252791,,,,,11.292608228912943,42.43110694376369,677556509.780404,0.9848750003185123,,0.21875,,0.21875,203.4375,0.2966177859605954,,,,,,,,,,,,,,,,,,,Strict same-scale zero-shot; representative phase2 MC/bootstrap checkpoints plus seven baselines.
phase3_same_scale_zero_shot,load_low_3uav20gu_t250__baseline__full_topology_dpp_joint__982000,evaluation seed row,load_low_3uav20gu_t250,baseline,full_topology_dpp_joint,non_learning_baseline,,,,configs/experiments/phase3_generalization/load_low_3uav20gu_t250.yaml,,/home/sgy/workspace/sagin_marl/runs/phase3/zero_shot/zero_shot_seed45211_ckpts_vs_baselines_multiseed_20260701_195403,,,/home/sgy/workspace/sagin_marl/runs/phase3/zero_shot/zero_shot_seed45211_ckpts_vs_baselines_multiseed_20260701_195403/all_seed_combined_summary.csv,scenario=load_low_3uav20gu_t250;kind=baseline;method=full_topology_dpp_joint;episode_seed_base=982000,982000,,64,64,64,codex/phase3-scenario-generalization,16d0936eff57264e0abd2fc80b2d915609bdf6e4,ok,26.25616142776562,,,0.6585215808880389,,0.14899307850499474,,,,,20.478596319100653,34.78519543587725,409571921.5175793,0.9848750003185123,,0.21875,,0.21875,203.4375,0.658520111128924,,,,,,,,,,,,,,,,,,,Strict same-scale zero-shot; representative phase2 MC/bootstrap checkpoints plus seven baselines.
phase3_same_scale_zero_shot,sat_visibility_harder_3uav20gu_t250__baseline__full_topology_dpp_joint__982000,evaluation seed row,sat_visibility_harder_3uav20gu_t250,baseline,full_topology_dpp_joint,non_learning_baseline,,,,configs/experiments/phase3_generalization/sat_visibility_harder_3uav20gu_t250.yaml,,/home/sgy/workspace/sagin_marl/runs/phase3/zero_shot/zero_shot_seed45211_ckpts_vs_baselines_multiseed_20260701_195403,,,/home/sgy/workspace/sagin_marl/runs/phase3/zero_shot/zero_shot_seed45211_ckpts_vs_baselines_multiseed_20260701_195403/all_seed_combined_summary.csv,scenario=sat_visibility_harder_3uav20gu_t250;kind=baseline;method=full_topology_dpp_joint;episode_seed_base=982000,982000,,64,64,64,codex/phase3-scenario-generalization,16d0936eff57264e0abd2fc80b2d915609bdf6e4,ok,24.81010514817899,,,0.4113224528823628,,0.43346489703478774,,,,,15.111480539821489,40.76154430065714,604459214.2578264,0.998156250175089,,0.21875,,0.21875,203.4375,0.411363347338889,,,,,,,,,,,,,,,,,,,Strict same-scale zero-shot; representative phase2 MC/bootstrap checkpoints plus seven baselines.
phase3_same_scale_zero_shot,hotspot_sparse_3uav20gu_t250__baseline__maxweight_lyapunov__982000,evaluation seed row,hotspot_sparse_3uav20gu_t250,baseline,maxweight_lyapunov,non_learning_baseline,,,,configs/experiments/phase3_generalization/hotspot_sparse_3uav20gu_t250.yaml,,/home/sgy/workspace/sagin_marl/runs/phase3/zero_shot/zero_shot_seed45211_ckpts_vs_baselines_multiseed_20260701_195403,,,/home/sgy/workspace/sagin_marl/runs/phase3/zero_shot/zero_shot_seed45211_ckpts_vs_baselines_multiseed_20260701_195403/all_seed_combined_summary.csv,scenario=hotspot_sparse_3uav20gu_t250;kind=baseline;method=maxweight_lyapunov;episode_seed_base=982000,982000,,64,64,64,codex/phase3-scenario-generalization,16d0936eff57264e0abd2fc80b2d915609bdf6e4,ok,38.729397997958586,,,0.7657853908007963,,0.1988074897071605,,,,,8.54437958983565,12.497592065745966,341775179.541,0.9917500004917381,,0.0,,0.0,250.0,0.7671517998446363,,,,,,,,,,,,,,,,,,,Strict same-scale zero-shot; representative phase2 MC/bootstrap checkpoints plus seven baselines.
phase3_same_scale_zero_shot,hotspot_wide_3uav20gu_t250__baseline__maxweight_lyapunov__982000,evaluation seed row,hotspot_wide_3uav20gu_t250,baseline,maxweight_lyapunov,non_learning_baseline,,,,configs/experiments/phase3_generalization/hotspot_wide_3uav20gu_t250.yaml,,/home/sgy/workspace/sagin_marl/runs/phase3/zero_shot/zero_shot_seed45211_ckpts_vs_baselines_multiseed_20260701_195403,,,/home/sgy/workspace/sagin_marl/runs/phase3/zero_shot/zero_shot_seed45211_ckpts_vs_baselines_multiseed_20260701_195403/all_seed_combined_summary.csv,scenario=hotspot_wide_3uav20gu_t250;kind=baseline;method=maxweight_lyapunov;episode_seed_base=982000,982000,,64,64,64,codex/phase3-scenario-generalization,16d0936eff57264e0abd2fc80b2d915609bdf6e4,ok,37.25347931589931,,,0.7753516170447692,,0.18368101198492787,,,,,10.083412603186217,14.289389389994556,403336499.4726875,0.9975208334811031,,0.0,,0.0,250.0,0.7753504295443332,,,,,,,,,,,,,,,,,,,Strict same-scale zero-shot; representative phase2 MC/bootstrap checkpoints plus seven baselines.
phase3_same_scale_zero_shot,k10_3uav20gu_t250__baseline__maxweight_lyapunov__982000,evaluation seed row,k10_3uav20gu_t250,baseline,maxweight_lyapunov,non_learning_baseline,,,,configs/experiments/phase3_generalization/k10_3uav20gu_t250.yaml,,/home/sgy/workspace/sagin_marl/runs/phase3/zero_shot/zero_shot_seed45211_ckpts_vs_baselines_multiseed_20260701_195403,,,/home/sgy/workspace/sagin_marl/runs/phase3/zero_shot/zero_shot_seed45211_ckpts_vs_baselines_multiseed_20260701_195403/all_seed_combined_summary.csv,scenario=k10_3uav20gu_t250;kind=baseline;method=maxweight_lyapunov;episode_seed_base=982000,982000,,64,64,64,codex/phase3-scenario-generalization,16d0936eff57264e0abd2fc80b2d915609bdf6e4,ok,40.97371409169864,,,0.8441012319803702,,0.11877904084215327,,,,,8.56837482115184,11.921431408137547,342734988.81856257,0.9719583349451425,,0.0,,0.0,250.0,0.8491613710883822,,,,,,,,,,,,,,,,,,,Strict same-scale zero-shot; representative phase2 MC/bootstrap checkpoints plus seven baselines.
phase3_same_scale_zero_shot,load_high_3uav20gu_t250__baseline__maxweight_lyapunov__982000,evaluation seed row,load_high_3uav20gu_t250,baseline,maxweight_lyapunov,non_learning_baseline,,,,configs/experiments/phase3_generalization/load_high_3uav20gu_t250.yaml,,/home/sgy/workspace/sagin_marl/runs/phase3/zero_shot/zero_shot_seed45211_ckpts_vs_baselines_multiseed_20260701_195403,,,/home/sgy/workspace/sagin_marl/runs/phase3/zero_shot/zero_shot_seed45211_ckpts_vs_baselines_multiseed_20260701_195403/all_seed_combined_summary.csv,scenario=load_high_3uav20gu_t250;kind=baseline;method=maxweight_lyapunov;episode_seed_base=982000,982000,,64,64,64,codex/phase3-scenario-generalization,16d0936eff57264e0abd2fc80b2d915609bdf6e4,ok,39.161888265633024,,,0.6802795239500702,,0.283708695817646,,,,,7.918851104130039,12.997985910210758,475131077.5385,0.9595312522538008,,0.0,,0.0,250.0,0.6874092234953539,,,,,,,,,,,,,,,,,,,Strict same-scale zero-shot; representative phase2 MC/bootstrap checkpoints plus seven baselines.
phase3_same_scale_zero_shot,load_low_3uav20gu_t250__baseline__maxweight_lyapunov__982000,evaluation seed row,load_low_3uav20gu_t250,baseline,maxweight_lyapunov,non_learning_baseline,,,,configs/experiments/phase3_generalization/load_low_3uav20gu_t250.yaml,,/home/sgy/workspace/sagin_marl/runs/phase3/zero_shot/zero_shot_seed45211_ckpts_vs_baselines_multiseed_20260701_195403,,,/home/sgy/workspace/sagin_marl/runs/phase3/zero_shot/zero_shot_seed45211_ckpts_vs_baselines_multiseed_20260701_195403/all_seed_combined_summary.csv,scenario=load_low_3uav20gu_t250;kind=baseline;method=maxweight_lyapunov;episode_seed_base=982000,982000,,64,64,64,codex/phase3-scenario-generalization,16d0936eff57264e0abd2fc80b2d915609bdf6e4,ok,63.18786278238986,,,0.9832425948888995,,0.006496751036505885,,,,,3.1038989625561664,4.350943263760824,62077978.5238125,0.9888333339765663,,0.0,,0.0,250.0,0.9832410284802164,,,,,,,,,,,,,,,,,,,Strict same-scale zero-shot; representative phase2 MC/bootstrap checkpoints plus seven baselines.
phase3_same_scale_zero_shot,sat_visibility_harder_3uav20gu_t250__baseline__maxweight_lyapunov__982000,evaluation seed row,sat_visibility_harder_3uav20gu_t250,baseline,maxweight_lyapunov,non_learning_baseline,,,,configs/experiments/phase3_generalization/sat_visibility_harder_3uav20gu_t250.yaml,,/home/sgy/workspace/sagin_marl/runs/phase3/zero_shot/zero_shot_seed45211_ckpts_vs_baselines_multiseed_20260701_195403,,,/home/sgy/workspace/sagin_marl/runs/phase3/zero_shot/zero_shot_seed45211_ckpts_vs_baselines_multiseed_20260701_195403/all_seed_combined_summary.csv,scenario=sat_visibility_harder_3uav20gu_t250;kind=baseline;method=maxweight_lyapunov;episode_seed_base=982000,982000,,64,64,64,codex/phase3-scenario-generalization,16d0936eff57264e0abd2fc80b2d915609bdf6e4,ok,42.13179836014751,,,0.8402670587191822,,0.11715247867164526,,,,,8.59460938472231,12.239094059084074,343784371.4430627,0.9816666676998141,,0.0,,0.0,250.0,0.8552076498055708,,,,,,,,,,,,,,,,,,,Strict same-scale zero-shot; representative phase2 MC/bootstrap checkpoints plus seven baselines.
phase3_same_scale_zero_shot,hotspot_sparse_3uav20gu_t250__baseline__observable_cluster_queue_aware__982000,evaluation seed row,hotspot_sparse_3uav20gu_t250,baseline,observable_cluster_queue_aware,non_learning_baseline,,,,configs/experiments/phase3_generalization/hotspot_sparse_3uav20gu_t250.yaml,,/home/sgy/workspace/sagin_marl/runs/phase3/zero_shot/zero_shot_seed45211_ckpts_vs_baselines_multiseed_20260701_195403,,,/home/sgy/workspace/sagin_marl/runs/phase3/zero_shot/zero_shot_seed45211_ckpts_vs_baselines_multiseed_20260701_195403/all_seed_combined_summary.csv,scenario=hotspot_sparse_3uav20gu_t250;kind=baseline;method=observable_cluster_queue_aware;episode_seed_base=982000,982000,,64,64,64,codex/phase3-scenario-generalization,16d0936eff57264e0abd2fc80b2d915609bdf6e4,ok,30.910091396886855,,,0.5767621099822122,,0.34849443642552946,,,,,10.709182984310637,21.986121503037065,428367314.19451267,0.8637276336827178,,0.21875,,0.21875,217.203125,0.5770571062424161,,,,,,,,,,,,,,,,,,,Strict same-scale zero-shot; representative phase2 MC/bootstrap checkpoints plus seven baselines.
phase3_same_scale_zero_shot,hotspot_wide_3uav20gu_t250__baseline__observable_cluster_queue_aware__982000,evaluation seed row,hotspot_wide_3uav20gu_t250,baseline,observable_cluster_queue_aware,non_learning_baseline,,,,configs/experiments/phase3_generalization/hotspot_wide_3uav20gu_t250.yaml,,/home/sgy/workspace/sagin_marl/runs/phase3/zero_shot/zero_shot_seed45211_ckpts_vs_baselines_multiseed_20260701_195403,,,/home/sgy/workspace/sagin_marl/runs/phase3/zero_shot/zero_shot_seed45211_ckpts_vs_baselines_multiseed_20260701_195403/all_seed_combined_summary.csv,scenario=hotspot_wide_3uav20gu_t250;kind=baseline;method=observable_cluster_queue_aware;episode_seed_base=982000,982000,,64,64,64,codex/phase3-scenario-generalization,16d0936eff57264e0abd2fc80b2d915609bdf6e4,ok,31.626606810255907,,,0.5758125470943979,,0.34866453837972794,,,,,12.451087713006867,25.354244583339554,498043502.8024181,0.8565650126251245,,0.1875,,0.1875,228.21875,0.5759480525259454,,,,,,,,,,,,,,,,,,,Strict same-scale zero-shot; representative phase2 MC/bootstrap checkpoints plus seven baselines.
phase3_same_scale_zero_shot,k10_3uav20gu_t250__baseline__observable_cluster_queue_aware__982000,evaluation seed row,k10_3uav20gu_t250,baseline,observable_cluster_queue_aware,non_learning_baseline,,,,configs/experiments/phase3_generalization/k10_3uav20gu_t250.yaml,,/home/sgy/workspace/sagin_marl/runs/phase3/zero_shot/zero_shot_seed45211_ckpts_vs_baselines_multiseed_20260701_195403,,,/home/sgy/workspace/sagin_marl/runs/phase3/zero_shot/zero_shot_seed45211_ckpts_vs_baselines_multiseed_20260701_195403/all_seed_combined_summary.csv,scenario=k10_3uav20gu_t250;kind=baseline;method=observable_cluster_queue_aware;episode_seed_base=982000,982000,,64,64,64,codex/phase3-scenario-generalization,16d0936eff57264e0abd2fc80b2d915609bdf6e4,ok,31.74518032371998,,,0.6324337190055108,,0.27601660355060414,,,,,10.867241256611104,21.53265546652665,434689645.21236753,0.8800348160319948,,0.21875,,0.21875,217.984375,0.633370647715908,,,,,,,,,,,,,,,,,,,Strict same-scale zero-shot; representative phase2 MC/bootstrap checkpoints plus seven baselines.
phase3_same_scale_zero_shot,load_high_3uav20gu_t250__baseline__observable_cluster_queue_aware__982000,evaluation seed row,load_high_3uav20gu_t250,baseline,observable_cluster_queue_aware,non_learning_baseline,,,,configs/experiments/phase3_generalization/load_high_3uav20gu_t250.yaml,,/home/sgy/workspace/sagin_marl/runs/phase3/zero_shot/zero_shot_seed45211_ckpts_vs_baselines_multiseed_20260701_195403,,,/home/sgy/workspace/sagin_marl/runs/phase3/zero_shot/zero_shot_seed45211_ckpts_vs_baselines_multiseed_20260701_195403/all_seed_combined_summary.csv,scenario=load_high_3uav20gu_t250;kind=baseline;method=observable_cluster_queue_aware;episode_seed_base=982000,982000,,64,64,64,codex/phase3-scenario-generalization,16d0936eff57264e0abd2fc80b2d915609bdf6e4,ok,30.286810748279095,,,0.4667512871009082,,0.4672581417577198,,,,,8.975297005594607,22.041304707998776,538517833.1797003,0.8515476836985268,,0.25,,0.25,214.84375,0.4671488566240171,,,,,,,,,,,,,,,,,,,Strict same-scale zero-shot; representative phase2 MC/bootstrap checkpoints plus seven baselines.
phase3_same_scale_zero_shot,load_low_3uav20gu_t250__baseline__observable_cluster_queue_aware__982000,evaluation seed row,load_low_3uav20gu_t250,baseline,observable_cluster_queue_aware,non_learning_baseline,,,,configs/experiments/phase3_generalization/load_low_3uav20gu_t250.yaml,,/home/sgy/workspace/sagin_marl/runs/phase3/zero_shot/zero_shot_seed45211_ckpts_vs_baselines_multiseed_20260701_195403,,,/home/sgy/workspace/sagin_marl/runs/phase3/zero_shot/zero_shot_seed45211_ckpts_vs_baselines_multiseed_20260701_195403/all_seed_combined_summary.csv,scenario=load_low_3uav20gu_t250;kind=baseline;method=observable_cluster_queue_aware;episode_seed_base=982000,982000,,64,64,64,codex/phase3-scenario-generalization,16d0936eff57264e0abd2fc80b2d915609bdf6e4,ok,40.67627037118655,,,0.9061700311513705,,0.0402689377636369,,,,,8.584575184684557,12.538151555638963,171691501.6313898,0.8370930890316257,,0.21875,,0.21875,232.328125,0.9066907234803104,,,,,,,,,,,,,,,,,,,Strict same-scale zero-shot; representative phase2 MC/bootstrap checkpoints plus seven baselines.
phase3_same_scale_zero_shot,sat_visibility_harder_3uav20gu_t250__baseline__observable_cluster_queue_aware__982000,evaluation seed row,sat_visibility_harder_3uav20gu_t250,baseline,observable_cluster_queue_aware,non_learning_baseline,,,,configs/experiments/phase3_generalization/sat_visibility_harder_3uav20gu_t250.yaml,,/home/sgy/workspace/sagin_marl/runs/phase3/zero_shot/zero_shot_seed45211_ckpts_vs_baselines_multiseed_20260701_195403,,,/home/sgy/workspace/sagin_marl/runs/phase3/zero_shot/zero_shot_seed45211_ckpts_vs_baselines_multiseed_20260701_195403/all_seed_combined_summary.csv,scenario=sat_visibility_harder_3uav20gu_t250;kind=baseline;method=observable_cluster_queue_aware;episode_seed_base=982000,982000,,64,64,64,codex/phase3-scenario-generalization,16d0936eff57264e0abd2fc80b2d915609bdf6e4,ok,29.257438573171385,,,0.6302074858769032,,0.26531915820182805,,,,,10.34536328262963,19.37606470191855,413814526.54570615,0.9998429900045016,,0.328125,,0.328125,200.03125,0.6302689447354102,,,,,,,,,,,,,,,,,,,Strict same-scale zero-shot; representative phase2 MC/bootstrap checkpoints plus seven baselines.
phase3_same_scale_zero_shot,hotspot_sparse_3uav20gu_t250__learned__phase2_bootstrap_seed45211_u575__982000,evaluation seed row,hotspot_sparse_3uav20gu_t250,learned,phase2_bootstrap_seed45211_u575,learned_policy,45211,bootstrap_gae,575,configs/experiments/phase3_generalization/hotspot_sparse_3uav20gu_t250.yaml,/home/sgy/workspace/sagin_marl/runs/method_validation/horizon_fairness_mc_vs_bootstrap_threshold_u0_rep2_20260625_204118/bootstrap_seed45211/checkpoint_update0575.pt,/home/sgy/workspace/sagin_marl/runs/phase3/zero_shot/zero_shot_seed45211_ckpts_vs_baselines_multiseed_20260701_195403,,,/home/sgy/workspace/sagin_marl/runs/phase3/zero_shot/zero_shot_seed45211_ckpts_vs_baselines_multiseed_20260701_195403/all_seed_combined_summary.csv,scenario=hotspot_sparse_3uav20gu_t250;kind=learned;method=phase2_bootstrap_seed45211_u575;episode_seed_base=982000,982000,,64,64,64,codex/phase3-scenario-generalization,16d0936eff57264e0abd2fc80b2d915609bdf6e4,ok,42.15875573339872,,,0.7823516996987164,,0.18905223118985973,,,,,7.232504263089042,10.628757021497005,289300167.1470625,0.7602916789632291,,0.0,,0.0,250.0,0.782589313488936,,,,,,,,,,,,,,,,,,,Strict same-scale zero-shot; representative phase2 MC/bootstrap checkpoints plus seven baselines.
phase3_same_scale_zero_shot,hotspot_wide_3uav20gu_t250__learned__phase2_bootstrap_seed45211_u575__982000,evaluation seed row,hotspot_wide_3uav20gu_t250,learned,phase2_bootstrap_seed45211_u575,learned_policy,45211,bootstrap_gae,575,configs/experiments/phase3_generalization/hotspot_wide_3uav20gu_t250.yaml,/home/sgy/workspace/sagin_marl/runs/method_validation/horizon_fairness_mc_vs_bootstrap_threshold_u0_rep2_20260625_204118/bootstrap_seed45211/checkpoint_update0575.pt,/home/sgy/workspace/sagin_marl/runs/phase3/zero_shot/zero_shot_seed45211_ckpts_vs_baselines_multiseed_20260701_195403,,,/home/sgy/workspace/sagin_marl/runs/phase3/zero_shot/zero_shot_seed45211_ckpts_vs_baselines_multiseed_20260701_195403/all_seed_combined_summary.csv,scenario=hotspot_wide_3uav20gu_t250;kind=learned;method=phase2_bootstrap_seed45211_u575;episode_seed_base=982000,982000,,64,64,64,codex/phase3-scenario-generalization,16d0936eff57264e0abd2fc80b2d915609bdf6e4,ok,41.50394252804108,,,0.8235287626483476,,0.14393740860128074,,,,,8.222230589223562,11.348624836619946,328889219.80843735,0.7632708460818974,,0.0,,0.0,250.0,0.8237558194619797,,,,,,,,,,,,,,,,,,,Strict same-scale zero-shot; representative phase2 MC/bootstrap checkpoints plus seven baselines.
phase3_same_scale_zero_shot,k10_3uav20gu_t250__learned__phase2_bootstrap_seed45211_u575__982000,evaluation seed row,k10_3uav20gu_t250,learned,phase2_bootstrap_seed45211_u575,learned_policy,45211,bootstrap_gae,575,configs/experiments/phase3_generalization/k10_3uav20gu_t250.yaml,/home/sgy/workspace/sagin_marl/runs/method_validation/horizon_fairness_mc_vs_bootstrap_threshold_u0_rep2_20260625_204118/bootstrap_seed45211/checkpoint_update0575.pt,/home/sgy/workspace/sagin_marl/runs/phase3/zero_shot/zero_shot_seed45211_ckpts_vs_baselines_multiseed_20260701_195403,,,/home/sgy/workspace/sagin_marl/runs/phase3/zero_shot/zero_shot_seed45211_ckpts_vs_baselines_multiseed_20260701_195403/all_seed_combined_summary.csv,scenario=k10_3uav20gu_t250;kind=learned;method=phase2_bootstrap_seed45211_u575;episode_seed_base=982000,982000,,64,64,64,codex/phase3-scenario-generalization,16d0936eff57264e0abd2fc80b2d915609bdf6e4,ok,51.368053359678015,,,0.9190025623356926,,0.0626650990444191,,,,,5.484562710724521,6.9962766733991435,219382505.7345,0.7157708467748017,,0.0,,0.0,250.0,0.9193336451661911,,,,,,,,,,,,,,,,,,,Strict same-scale zero-shot; representative phase2 MC/bootstrap checkpoints plus seven baselines.
phase3_same_scale_zero_shot,load_high_3uav20gu_t250__learned__phase2_bootstrap_seed45211_u575__982000,evaluation seed row,load_high_3uav20gu_t250,learned,phase2_bootstrap_seed45211_u575,learned_policy,45211,bootstrap_gae,575,configs/experiments/phase3_generalization/load_high_3uav20gu_t250.yaml,/home/sgy/workspace/sagin_marl/runs/method_validation/horizon_fairness_mc_vs_bootstrap_threshold_u0_rep2_20260625_204118/bootstrap_seed45211/checkpoint_update0575.pt,/home/sgy/workspace/sagin_marl/runs/phase3/zero_shot/zero_shot_seed45211_ckpts_vs_baselines_multiseed_20260701_195403,,,/home/sgy/workspace/sagin_marl/runs/phase3/zero_shot/zero_shot_seed45211_ckpts_vs_baselines_multiseed_20260701_195403/all_seed_combined_summary.csv,scenario=load_high_3uav20gu_t250;kind=learned;method=phase2_bootstrap_seed45211_u575;episode_seed_base=982000,982000,,64,64,64,codex/phase3-scenario-generalization,16d0936eff57264e0abd2fc80b2d915609bdf6e4,ok,41.70688621769659,,,0.7386386504950202,,0.23505858460226006,,,,,6.782612468426954,10.718613132001664,406956757.7569194,0.7464257172205109,,0.015625,,0.015625,247.984375,0.739816110700946,,,,,,,,,,,,,,,,,,,Strict same-scale zero-shot; representative phase2 MC/bootstrap checkpoints plus seven baselines.
phase3_same_scale_zero_shot,load_low_3uav20gu_t250__learned__phase2_bootstrap_seed45211_u575__982000,evaluation seed row,load_low_3uav20gu_t250,learned,phase2_bootstrap_seed45211_u575,learned_policy,45211,bootstrap_gae,575,configs/experiments/phase3_generalization/load_low_3uav20gu_t250.yaml,/home/sgy/workspace/sagin_marl/runs/method_validation/horizon_fairness_mc_vs_bootstrap_threshold_u0_rep2_20260625_204118/bootstrap_seed45211/checkpoint_update0575.pt,/home/sgy/workspace/sagin_marl/runs/phase3/zero_shot/zero_shot_seed45211_ckpts_vs_baselines_multiseed_20260701_195403,,,/home/sgy/workspace/sagin_marl/runs/phase3/zero_shot/zero_shot_seed45211_ckpts_vs_baselines_multiseed_20260701_195403/all_seed_combined_summary.csv,scenario=load_low_3uav20gu_t250;kind=learned;method=phase2_bootstrap_seed45211_u575;episode_seed_base=982000,982000,,64,64,64,codex/phase3-scenario-generalization,16d0936eff57264e0abd2fc80b2d915609bdf6e4,ok,215.50599348754622,,,0.9974260968865853,,0.0015661227033951022,,,,,0.4515590124501679,0.5601904661033066,9031180.142503623,0.6920077135222763,,0.015625,,0.015625,248.25,0.9974244842250757,,,,,,,,,,,,,,,,,,,Strict same-scale zero-shot; representative phase2 MC/bootstrap checkpoints plus seven baselines.
phase3_same_scale_zero_shot,sat_visibility_harder_3uav20gu_t250__learned__phase2_bootstrap_seed45211_u575__982000,evaluation seed row,sat_visibility_harder_3uav20gu_t250,learned,phase2_bootstrap_seed45211_u575,learned_policy,45211,bootstrap_gae,575,configs/experiments/phase3_generalization/sat_visibility_harder_3uav20gu_t250.yaml,/home/sgy/workspace/sagin_marl/runs/method_validation/horizon_fairness_mc_vs_bootstrap_threshold_u0_rep2_20260625_204118/bootstrap_seed45211/checkpoint_update0575.pt,/home/sgy/workspace/sagin_marl/runs/phase3/zero_shot/zero_shot_seed45211_ckpts_vs_baselines_multiseed_20260701_195403,,,/home/sgy/workspace/sagin_marl/runs/phase3/zero_shot/zero_shot_seed45211_ckpts_vs_baselines_multiseed_20260701_195403/all_seed_combined_summary.csv,scenario=sat_visibility_harder_3uav20gu_t250;kind=learned;method=phase2_bootstrap_seed45211_u575;episode_seed_base=982000,982000,,64,64,64,codex/phase3-scenario-generalization,16d0936eff57264e0abd2fc80b2d915609bdf6e4,ok,55.425958135398105,,,0.9070584133337249,,0.06053232678668925,,,,,6.168907412803235,8.031124756299837,246756293.5295625,0.9871458341330291,,0.0,,0.0,250.0,0.9235449188013279,,,,,,,,,,,,,,,,,,,Strict same-scale zero-shot; representative phase2 MC/bootstrap checkpoints plus seven baselines.
phase3_same_scale_zero_shot,hotspot_sparse_3uav20gu_t250__learned__phase2_mc_seed45211_u400__982000,evaluation seed row,hotspot_sparse_3uav20gu_t250,learned,phase2_mc_seed45211_u400,learned_policy,45211,bootstrap_gae,400,configs/experiments/phase3_generalization/hotspot_sparse_3uav20gu_t250.yaml,/home/sgy/workspace/sagin_marl/runs/method_validation/horizon_fairness_mc_vs_bootstrap_threshold_u0_rep2_20260625_204118/mc_seed45211/checkpoint_update0400.pt,/home/sgy/workspace/sagin_marl/runs/phase3/zero_shot/zero_shot_seed45211_ckpts_vs_baselines_multiseed_20260701_195403,,,/home/sgy/workspace/sagin_marl/runs/phase3/zero_shot/zero_shot_seed45211_ckpts_vs_baselines_multiseed_20260701_195403/all_seed_combined_summary.csv,scenario=hotspot_sparse_3uav20gu_t250;kind=learned;method=phase2_mc_seed45211_u400;episode_seed_base=982000,982000,,64,64,64,codex/phase3-scenario-generalization,16d0936eff57264e0abd2fc80b2d915609bdf6e4,ok,42.44800963555463,,,0.7805301546305419,,0.18971323607852356,,,,,7.0960850705988685,10.025369223957885,283843399.36418736,0.8996770886816082,,0.0,,0.0,250.0,0.7821714284121717,,,,,,,,,,,,,,,,,,,Strict same-scale zero-shot; representative phase2 MC/bootstrap checkpoints plus seven baselines.
phase3_same_scale_zero_shot,hotspot_wide_3uav20gu_t250__learned__phase2_mc_seed45211_u400__982000,evaluation seed row,hotspot_wide_3uav20gu_t250,learned,phase2_mc_seed45211_u400,learned_policy,45211,bootstrap_gae,400,configs/experiments/phase3_generalization/hotspot_wide_3uav20gu_t250.yaml,/home/sgy/workspace/sagin_marl/runs/method_validation/horizon_fairness_mc_vs_bootstrap_threshold_u0_rep2_20260625_204118/mc_seed45211/checkpoint_update0400.pt,/home/sgy/workspace/sagin_marl/runs/phase3/zero_shot/zero_shot_seed45211_ckpts_vs_baselines_multiseed_20260701_195403,,,/home/sgy/workspace/sagin_marl/runs/phase3/zero_shot/zero_shot_seed45211_ckpts_vs_baselines_multiseed_20260701_195403/all_seed_combined_summary.csv,scenario=hotspot_wide_3uav20gu_t250;kind=learned;method=phase2_mc_seed45211_u400;episode_seed_base=982000,982000,,64,64,64,codex/phase3-scenario-generalization,16d0936eff57264e0abd2fc80b2d915609bdf6e4,ok,41.50917893787846,,,0.8186953310016539,,0.14798608987723777,,,,,8.099344067690662,10.895491635236194,323973758.93000007,0.9004270886369049,,0.0,,0.0,250.0,0.8188323844949096,,,,,,,,,,,,,,,,,,,Strict same-scale zero-shot; representative phase2 MC/bootstrap checkpoints plus seven baselines.
phase3_same_scale_zero_shot,k10_3uav20gu_t250__learned__phase2_mc_seed45211_u400__982000,evaluation seed row,k10_3uav20gu_t250,learned,phase2_mc_seed45211_u400,learned_policy,45211,bootstrap_gae,400,configs/experiments/phase3_generalization/k10_3uav20gu_t250.yaml,/home/sgy/workspace/sagin_marl/runs/method_validation/horizon_fairness_mc_vs_bootstrap_threshold_u0_rep2_20260625_204118/mc_seed45211/checkpoint_update0400.pt,/home/sgy/workspace/sagin_marl/runs/phase3/zero_shot/zero_shot_seed45211_ckpts_vs_baselines_multiseed_20260701_195403,,,/home/sgy/workspace/sagin_marl/runs/phase3/zero_shot/zero_shot_seed45211_ckpts_vs_baselines_multiseed_20260701_195403/all_seed_combined_summary.csv,scenario=k10_3uav20gu_t250;kind=learned;method=phase2_mc_seed45211_u400;episode_seed_base=982000,982000,,64,64,64,codex/phase3-scenario-generalization,16d0936eff57264e0abd2fc80b2d915609bdf6e4,ok,51.51757024275139,,,0.9129447192247021,,0.06097667698678496,,,,,5.777800212300397,7.340903264255551,231112005.7475624,0.9003229219950735,,0.0,,0.0,250.0,0.9217959978226027,,,,,,,,,,,,,,,,,,,Strict same-scale zero-shot; representative phase2 MC/bootstrap checkpoints plus seven baselines.
phase3_same_scale_zero_shot,load_high_3uav20gu_t250__learned__phase2_mc_seed45211_u400__982000,evaluation seed row,load_high_3uav20gu_t250,learned,phase2_mc_seed45211_u400,learned_policy,45211,bootstrap_gae,400,configs/experiments/phase3_generalization/load_high_3uav20gu_t250.yaml,/home/sgy/workspace/sagin_marl/runs/method_validation/horizon_fairness_mc_vs_bootstrap_threshold_u0_rep2_20260625_204118/mc_seed45211/checkpoint_update0400.pt,/home/sgy/workspace/sagin_marl/runs/phase3/zero_shot/zero_shot_seed45211_ckpts_vs_baselines_multiseed_20260701_195403,,,/home/sgy/workspace/sagin_marl/runs/phase3/zero_shot/zero_shot_seed45211_ckpts_vs_baselines_multiseed_20260701_195403/all_seed_combined_summary.csv,scenario=load_high_3uav20gu_t250;kind=learned;method=phase2_mc_seed45211_u400;episode_seed_base=982000,982000,,64,64,64,codex/phase3-scenario-generalization,16d0936eff57264e0abd2fc80b2d915609bdf6e4,ok,42.28866579895839,,,0.7354811692852524,,0.22879373895406438,,,,,7.156452740523964,10.731458668807523,429387174.70600003,0.9098854216746987,,0.0,,0.0,250.0,0.747132699224575,,,,,,,,,,,,,,,,,,,Strict same-scale zero-shot; representative phase2 MC/bootstrap checkpoints plus seven baselines.
phase3_same_scale_zero_shot,load_low_3uav20gu_t250__learned__phase2_mc_seed45211_u400__982000,evaluation seed row,load_low_3uav20gu_t250,learned,phase2_mc_seed45211_u400,learned_policy,45211,bootstrap_gae,400,configs/experiments/phase3_generalization/load_low_3uav20gu_t250.yaml,/home/sgy/workspace/sagin_marl/runs/method_validation/horizon_fairness_mc_vs_bootstrap_threshold_u0_rep2_20260625_204118/mc_seed45211/checkpoint_update0400.pt,/home/sgy/workspace/sagin_marl/runs/phase3/zero_shot/zero_shot_seed45211_ckpts_vs_baselines_multiseed_20260701_195403,,,/home/sgy/workspace/sagin_marl/runs/phase3/zero_shot/zero_shot_seed45211_ckpts_vs_baselines_multiseed_20260701_195403/all_seed_combined_summary.csv,scenario=load_low_3uav20gu_t250;kind=learned;method=phase2_mc_seed45211_u400;episode_seed_base=982000,982000,,64,64,64,codex/phase3-scenario-generalization,16d0936eff57264e0abd2fc80b2d915609bdf6e4,ok,201.22893248149194,,,0.9992261244710534,,0.0004667381677281809,,,,,0.4301486247232816,0.5181326260750692,8602972.391750002,0.8951354220546781,,0.0,,0.0,250.0,0.9992245551702411,,,,,,,,,,,,,,,,,,,Strict same-scale zero-shot; representative phase2 MC/bootstrap checkpoints plus seven baselines.
phase3_same_scale_zero_shot,sat_visibility_harder_3uav20gu_t250__learned__phase2_mc_seed45211_u400__982000,evaluation seed row,sat_visibility_harder_3uav20gu_t250,learned,phase2_mc_seed45211_u400,learned_policy,45211,bootstrap_gae,400,configs/experiments/phase3_generalization/sat_visibility_harder_3uav20gu_t250.yaml,/home/sgy/workspace/sagin_marl/runs/method_validation/horizon_fairness_mc_vs_bootstrap_threshold_u0_rep2_20260625_204118/mc_seed45211/checkpoint_update0400.pt,/home/sgy/workspace/sagin_marl/runs/phase3/zero_shot/zero_shot_seed45211_ckpts_vs_baselines_multiseed_20260701_195403,,,/home/sgy/workspace/sagin_marl/runs/phase3/zero_shot/zero_shot_seed45211_ckpts_vs_baselines_multiseed_20260701_195403/all_seed_combined_summary.csv,scenario=sat_visibility_harder_3uav20gu_t250;kind=learned;method=phase2_mc_seed45211_u400;episode_seed_base=982000,982000,,64,64,64,codex/phase3-scenario-generalization,16d0936eff57264e0abd2fc80b2d915609bdf6e4,ok,56.900029954034835,,,0.9091986477728932,,0.05393316575938162,,,,,6.341782879043012,8.27370712540877,253671312.08112496,0.993864583726972,,0.0,,0.0,250.0,0.931318113754665,,,,,,,,,,,,,,,,,,,Strict same-scale zero-shot; representative phase2 MC/bootstrap checkpoints plus seven baselines.
phase3_same_scale_zero_shot,hotspot_sparse_3uav20gu_t250__baseline__queue_aware__982000,evaluation seed row,hotspot_sparse_3uav20gu_t250,baseline,queue_aware,non_learning_baseline,,,,configs/experiments/phase3_generalization/hotspot_sparse_3uav20gu_t250.yaml,,/home/sgy/workspace/sagin_marl/runs/phase3/zero_shot/zero_shot_seed45211_ckpts_vs_baselines_multiseed_20260701_195403,,,/home/sgy/workspace/sagin_marl/runs/phase3/zero_shot/zero_shot_seed45211_ckpts_vs_baselines_multiseed_20260701_195403/all_seed_combined_summary.csv,scenario=hotspot_sparse_3uav20gu_t250;kind=baseline;method=queue_aware;episode_seed_base=982000,982000,,64,64,64,codex/phase3-scenario-generalization,16d0936eff57264e0abd2fc80b2d915609bdf6e4,ok,18.047703100251965,,,0.4573526690524363,,0.37274395996755527,,,,,10.83953184990499,29.0390620612735,433581268.81280655,0.9844825286137634,,0.8125,,0.8125,131.015625,0.45743798370654104,,,,,,,,,,,,,,,,,,,Strict same-scale zero-shot; representative phase2 MC/bootstrap checkpoints plus seven baselines.
phase3_same_scale_zero_shot,hotspot_wide_3uav20gu_t250__baseline__queue_aware__982000,evaluation seed row,hotspot_wide_3uav20gu_t250,baseline,queue_aware,non_learning_baseline,,,,configs/experiments/phase3_generalization/hotspot_wide_3uav20gu_t250.yaml,,/home/sgy/workspace/sagin_marl/runs/phase3/zero_shot/zero_shot_seed45211_ckpts_vs_baselines_multiseed_20260701_195403,,,/home/sgy/workspace/sagin_marl/runs/phase3/zero_shot/zero_shot_seed45211_ckpts_vs_baselines_multiseed_20260701_195403/all_seed_combined_summary.csv,scenario=hotspot_wide_3uav20gu_t250;kind=baseline;method=queue_aware;episode_seed_base=982000,982000,,64,64,64,codex/phase3-scenario-generalization,16d0936eff57264e0abd2fc80b2d915609bdf6e4,ok,16.00391111942008,,,0.4493931142335046,,0.3047666554921306,,,,,11.139776570846921,29.537154834633984,445591057.5273857,0.9762836347031374,,0.75,,0.75,118.515625,0.4494555827192433,,,,,,,,,,,,,,,,,,,Strict same-scale zero-shot; representative phase2 MC/bootstrap checkpoints plus seven baselines.
phase3_same_scale_zero_shot,k10_3uav20gu_t250__baseline__queue_aware__982000,evaluation seed row,k10_3uav20gu_t250,baseline,queue_aware,non_learning_baseline,,,,configs/experiments/phase3_generalization/k10_3uav20gu_t250.yaml,,/home/sgy/workspace/sagin_marl/runs/phase3/zero_shot/zero_shot_seed45211_ckpts_vs_baselines_multiseed_20260701_195403,,,/home/sgy/workspace/sagin_marl/runs/phase3/zero_shot/zero_shot_seed45211_ckpts_vs_baselines_multiseed_20260701_195403/all_seed_combined_summary.csv,scenario=k10_3uav20gu_t250;kind=baseline;method=queue_aware;episode_seed_base=982000,982000,,64,64,64,codex/phase3-scenario-generalization,16d0936eff57264e0abd2fc80b2d915609bdf6e4,ok,19.395617426605895,,,0.4883149308237484,,0.3401012941785935,,,,,11.51115022630155,29.087084620833153,460446003.7739319,0.9661070751677248,,0.765625,,0.765625,140.953125,0.4889894823515449,,,,,,,,,,,,,,,,,,,Strict same-scale zero-shot; representative phase2 MC/bootstrap checkpoints plus seven baselines.
phase3_same_scale_zero_shot,load_high_3uav20gu_t250__baseline__queue_aware__982000,evaluation seed row,load_high_3uav20gu_t250,baseline,queue_aware,non_learning_baseline,,,,configs/experiments/phase3_generalization/load_high_3uav20gu_t250.yaml,,/home/sgy/workspace/sagin_marl/runs/phase3/zero_shot/zero_shot_seed45211_ckpts_vs_baselines_multiseed_20260701_195403,,,/home/sgy/workspace/sagin_marl/runs/phase3/zero_shot/zero_shot_seed45211_ckpts_vs_baselines_multiseed_20260701_195403/all_seed_combined_summary.csv,scenario=load_high_3uav20gu_t250;kind=baseline;method=queue_aware;episode_seed_base=982000,982000,,64,64,64,codex/phase3-scenario-generalization,16d0936eff57264e0abd2fc80b2d915609bdf6e4,ok,20.148672264884226,,,0.36024730316171166,,0.5010214566406255,,,,,9.317325923584646,29.46690144700123,559039568.735801,0.9539879142449864,,0.671875,,0.671875,148.890625,0.3607623607098306,,,,,,,,,,,,,,,,,,,Strict same-scale zero-shot; representative phase2 MC/bootstrap checkpoints plus seven baselines.
phase3_same_scale_zero_shot,load_low_3uav20gu_t250__baseline__queue_aware__982000,evaluation seed row,load_low_3uav20gu_t250,baseline,queue_aware,non_learning_baseline,,,,configs/experiments/phase3_generalization/load_low_3uav20gu_t250.yaml,,/home/sgy/workspace/sagin_marl/runs/phase3/zero_shot/zero_shot_seed45211_ckpts_vs_baselines_multiseed_20260701_195403,,,/home/sgy/workspace/sagin_marl/runs/phase3/zero_shot/zero_shot_seed45211_ckpts_vs_baselines_multiseed_20260701_195403/all_seed_combined_summary.csv,scenario=load_low_3uav20gu_t250;kind=baseline;method=queue_aware;episode_seed_base=982000,982000,,64,64,64,codex/phase3-scenario-generalization,16d0936eff57264e0abd2fc80b2d915609bdf6e4,ok,21.2934776279144,,,0.7560693992750448,,0.06374844567354951,,,,,11.545561054405345,18.81118346180914,230911218.35792372,0.984107701983626,,0.796875,,0.796875,138.09375,0.7567895868675992,,,,,,,,,,,,,,,,,,,Strict same-scale zero-shot; representative phase2 MC/bootstrap checkpoints plus seven baselines.
phase3_same_scale_zero_shot,sat_visibility_harder_3uav20gu_t250__baseline__queue_aware__982000,evaluation seed row,sat_visibility_harder_3uav20gu_t250,baseline,queue_aware,non_learning_baseline,,,,configs/experiments/phase3_generalization/sat_visibility_harder_3uav20gu_t250.yaml,,/home/sgy/workspace/sagin_marl/runs/phase3/zero_shot/zero_shot_seed45211_ckpts_vs_baselines_multiseed_20260701_195403,,,/home/sgy/workspace/sagin_marl/runs/phase3/zero_shot/zero_shot_seed45211_ckpts_vs_baselines_multiseed_20260701_195403/all_seed_combined_summary.csv,scenario=sat_visibility_harder_3uav20gu_t250;kind=baseline;method=queue_aware;episode_seed_base=982000,982000,,64,64,64,codex/phase3-scenario-generalization,16d0936eff57264e0abd2fc80b2d915609bdf6e4,ok,20.172011569608003,,,0.4960894522591946,,0.3436346153921788,,,,,11.65241864738977,27.277200504478017,466096740.34678763,0.9998958333432675,,0.765625,,0.765625,145.71875,0.4964376308620223,,,,,,,,,,,,,,,,,,,Strict same-scale zero-shot; representative phase2 MC/bootstrap checkpoints plus seven baselines.
phase3_same_scale_zero_shot,hotspot_sparse_3uav20gu_t250__baseline__topology_dpp_native_bw_sat_cached__982000,evaluation seed row,hotspot_sparse_3uav20gu_t250,baseline,topology_dpp_native_bw_sat_cached,non_learning_baseline,,,,configs/experiments/phase3_generalization/hotspot_sparse_3uav20gu_t250.yaml,,/home/sgy/workspace/sagin_marl/runs/phase3/zero_shot/zero_shot_seed45211_ckpts_vs_baselines_multiseed_20260701_195403,,,/home/sgy/workspace/sagin_marl/runs/phase3/zero_shot/zero_shot_seed45211_ckpts_vs_baselines_multiseed_20260701_195403/all_seed_combined_summary.csv,scenario=hotspot_sparse_3uav20gu_t250;kind=baseline;method=topology_dpp_native_bw_sat_cached;episode_seed_base=982000,982000,,64,64,64,codex/phase3-scenario-generalization,16d0936eff57264e0abd2fc80b2d915609bdf6e4,ok,34.32797994086286,,,0.7010784611864946,,0.24685285144222216,,,,,12.053068639365959,19.309741868154145,482122739.9458749,0.9160833357255906,,0.0,,0.0,250.0,0.7028364935580493,,,,,,,,,,,,,,,,,,,Strict same-scale zero-shot; representative phase2 MC/bootstrap checkpoints plus seven baselines.
phase3_same_scale_zero_shot,hotspot_wide_3uav20gu_t250__baseline__topology_dpp_native_bw_sat_cached__982000,evaluation seed row,hotspot_wide_3uav20gu_t250,baseline,topology_dpp_native_bw_sat_cached,non_learning_baseline,,,,configs/experiments/phase3_generalization/hotspot_wide_3uav20gu_t250.yaml,,/home/sgy/workspace/sagin_marl/runs/phase3/zero_shot/zero_shot_seed45211_ckpts_vs_baselines_multiseed_20260701_195403,,,/home/sgy/workspace/sagin_marl/runs/phase3/zero_shot/zero_shot_seed45211_ckpts_vs_baselines_multiseed_20260701_195403/all_seed_combined_summary.csv,scenario=hotspot_wide_3uav20gu_t250;kind=baseline;method=topology_dpp_native_bw_sat_cached;episode_seed_base=982000,982000,,64,64,64,codex/phase3-scenario-generalization,16d0936eff57264e0abd2fc80b2d915609bdf6e4,ok,34.4757158649154,,,0.7175850145514124,,0.21681061910497645,,,,,12.15011878639468,18.847126207611442,486004745.7547444,0.9848750003185123,,0.03125,,0.03125,242.953125,0.7175837556404007,,,,,,,,,,,,,,,,,,,Strict same-scale zero-shot; representative phase2 MC/bootstrap checkpoints plus seven baselines.
phase3_same_scale_zero_shot,k10_3uav20gu_t250__baseline__topology_dpp_native_bw_sat_cached__982000,evaluation seed row,k10_3uav20gu_t250,baseline,topology_dpp_native_bw_sat_cached,non_learning_baseline,,,,configs/experiments/phase3_generalization/k10_3uav20gu_t250.yaml,,/home/sgy/workspace/sagin_marl/runs/phase3/zero_shot/zero_shot_seed45211_ckpts_vs_baselines_multiseed_20260701_195403,,,/home/sgy/workspace/sagin_marl/runs/phase3/zero_shot/zero_shot_seed45211_ckpts_vs_baselines_multiseed_20260701_195403/all_seed_combined_summary.csv,scenario=k10_3uav20gu_t250;kind=baseline;method=topology_dpp_native_bw_sat_cached;episode_seed_base=982000,982000,,64,64,64,codex/phase3-scenario-generalization,16d0936eff57264e0abd2fc80b2d915609bdf6e4,ok,39.248008367139846,,,0.8323444969495759,,0.13180470732716565,,,,,9.533719379056246,14.09184613545239,381348770.718125,0.8320104215387254,,0.0,,0.0,250.0,0.834114453522897,,,,,,,,,,,,,,,,,,,Strict same-scale zero-shot; representative phase2 MC/bootstrap checkpoints plus seven baselines.
phase3_same_scale_zero_shot,load_high_3uav20gu_t250__baseline__topology_dpp_native_bw_sat_cached__982000,evaluation seed row,load_high_3uav20gu_t250,baseline,topology_dpp_native_bw_sat_cached,non_learning_baseline,,,,configs/experiments/phase3_generalization/load_high_3uav20gu_t250.yaml,,/home/sgy/workspace/sagin_marl/runs/phase3/zero_shot/zero_shot_seed45211_ckpts_vs_baselines_multiseed_20260701_195403,,,/home/sgy/workspace/sagin_marl/runs/phase3/zero_shot/zero_shot_seed45211_ckpts_vs_baselines_multiseed_20260701_195403/all_seed_combined_summary.csv,scenario=load_high_3uav20gu_t250;kind=baseline;method=topology_dpp_native_bw_sat_cached;episode_seed_base=982000,982000,,64,64,64,codex/phase3-scenario-generalization,16d0936eff57264e0abd2fc80b2d915609bdf6e4,ok,37.207505976897664,,,0.7005442155442433,,0.2640208222382261,,,,,9.293090594451877,15.375804054921495,557585448.9571248,0.7348020897768438,,0.0,,0.0,250.0,0.7051377462680855,,,,,,,,,,,,,,,,,,,Strict same-scale zero-shot; representative phase2 MC/bootstrap checkpoints plus seven baselines.
phase3_same_scale_zero_shot,load_low_3uav20gu_t250__baseline__topology_dpp_native_bw_sat_cached__982000,evaluation seed row,load_low_3uav20gu_t250,baseline,topology_dpp_native_bw_sat_cached,non_learning_baseline,,,,configs/experiments/phase3_generalization/load_low_3uav20gu_t250.yaml,,/home/sgy/workspace/sagin_marl/runs/phase3/zero_shot/zero_shot_seed45211_ckpts_vs_baselines_multiseed_20260701_195403,,,/home/sgy/workspace/sagin_marl/runs/phase3/zero_shot/zero_shot_seed45211_ckpts_vs_baselines_multiseed_20260701_195403/all_seed_combined_summary.csv,scenario=load_low_3uav20gu_t250;kind=baseline;method=topology_dpp_native_bw_sat_cached;episode_seed_base=982000,982000,,64,64,64,codex/phase3-scenario-generalization,16d0936eff57264e0abd2fc80b2d915609bdf6e4,ok,60.24290397926234,,,0.983977373931557,,0.005111125826551871,,,,,4.07718739057827,5.735181573644163,81543746.82731251,0.9171875025518241,,0.0,,0.0,250.0,0.9840075382844079,,,,,,,,,,,,,,,,,,,Strict same-scale zero-shot; representative phase2 MC/bootstrap checkpoints plus seven baselines.
phase3_same_scale_zero_shot,sat_visibility_harder_3uav20gu_t250__baseline__topology_dpp_native_bw_sat_cached__982000,evaluation seed row,sat_visibility_harder_3uav20gu_t250,baseline,topology_dpp_native_bw_sat_cached,non_learning_baseline,,,,configs/experiments/phase3_generalization/sat_visibility_harder_3uav20gu_t250.yaml,,/home/sgy/workspace/sagin_marl/runs/phase3/zero_shot/zero_shot_seed45211_ckpts_vs_baselines_multiseed_20260701_195403,,,/home/sgy/workspace/sagin_marl/runs/phase3/zero_shot/zero_shot_seed45211_ckpts_vs_baselines_multiseed_20260701_195403/all_seed_combined_summary.csv,scenario=sat_visibility_harder_3uav20gu_t250;kind=baseline;method=topology_dpp_native_bw_sat_cached;episode_seed_base=982000,982000,,64,64,64,codex/phase3-scenario-generalization,16d0936eff57264e0abd2fc80b2d915609bdf6e4,ok,40.577384448261,,,0.8610220572040417,,0.09832829173274424,,,,,8.96729710308276,12.545431777860967,358691880.0322499,0.9694062514826659,,0.0,,0.0,250.0,0.8713225566042304,,,,,,,,,,,,,,,,,,,Strict same-scale zero-shot; representative phase2 MC/bootstrap checkpoints plus seven baselines.
