event,rc,sweep,point_index,num_uav,num_gu,map_size_m,uav_density_per_km2,method_id,paper_label,method_family,training_seed,checkpoint_role,eval_seed_base,episodes,num_envs,label,config_path,checkpoint_path,baseline_policy,out_dir,reward_sum,processed_ratio_eval,drop_ratio_eval,pre_backlog_steps_eval,D_sys_report,queue_total_mean,collision_episode_fraction,near_collision_ratio,near_collision_steps,terminated_early,sat_overlap_eval,episode_length,arrival_step_mean,outflow_arrival_ratio
end,0,uav_density,1,2,20,1500.0,0.8888888888888888,relcritic,STARS,learned,45211,selected,980000,64,64,uav_density_2uav_relcritic_seed45211_selected_seedbase980000,/home/sgy/workspace/sagin_marl_phase4_learning_ablation/runs/phase4_learning_ablation/3uav20gu_t250/uav_density_collision_smoke_20260715/configs/2uav20gu/structured_joint_mcgae_3uav20gu_t250_relational_critic.yaml,/home/sgy/workspace/sagin_marl_phase4_learning_ablation/runs/phase4_learning_ablation/3uav20gu_t250/relational_critic/seed45211_20260711_213639_bootstrapgae_nocompile/best_checkpoint.pt,,/home/sgy/workspace/sagin_marl_phase4_learning_ablation/runs/phase4_learning_ablation/3uav20gu_t250/uav_density_collision_smoke_20260715/results/2uav20gu/learned/relcritic/seed45211/selected/seedbase980000,37.25571310403757,0.6595394344304222,0.2971495486312484,10.190194416632876,20.312993383163573,407607771.8738124,0.0,,,0.0,0.4895625000000001,250.0,40000015.767749995,0.6599954711085565
end,0,uav_density,1,2,20,1500.0,0.8888888888888888,relcritic,STARS,learned,45211,selected,981000,64,64,uav_density_2uav_relcritic_seed45211_selected_seedbase981000,/home/sgy/workspace/sagin_marl_phase4_learning_ablation/runs/phase4_learning_ablation/3uav20gu_t250/uav_density_collision_smoke_20260715/configs/2uav20gu/structured_joint_mcgae_3uav20gu_t250_relational_critic.yaml,/home/sgy/workspace/sagin_marl_phase4_learning_ablation/runs/phase4_learning_ablation/3uav20gu_t250/relational_critic/seed45211_20260711_213639_bootstrapgae_nocompile/best_checkpoint.pt,,/home/sgy/workspace/sagin_marl_phase4_learning_ablation/runs/phase4_learning_ablation/3uav20gu_t250/uav_density_collision_smoke_20260715/results/2uav20gu/learned/relcritic/seed45211/selected/seedbase981000,37.93166296801064,0.6744600210306233,0.28165257693519147,9.885471542164678,18.58914691649098,395418857.2883125,0.0,,,0.0,0.530640625,250.0,39999951.67650001,0.6747541739863141
end,0,uav_density,1,2,20,1500.0,0.8888888888888888,relcritic,STARS,learned,45211,selected,982000,64,64,uav_density_2uav_relcritic_seed45211_selected_seedbase982000,/home/sgy/workspace/sagin_marl_phase4_learning_ablation/runs/phase4_learning_ablation/3uav20gu_t250/uav_density_collision_smoke_20260715/configs/2uav20gu/structured_joint_mcgae_3uav20gu_t250_relational_critic.yaml,/home/sgy/workspace/sagin_marl_phase4_learning_ablation/runs/phase4_learning_ablation/3uav20gu_t250/relational_critic/seed45211_20260711_213639_bootstrapgae_nocompile/best_checkpoint.pt,,/home/sgy/workspace/sagin_marl_phase4_learning_ablation/runs/phase4_learning_ablation/3uav20gu_t250/uav_density_collision_smoke_20260715/results/2uav20gu/learned/relcritic/seed45211/selected/seedbase982000,36.78104603267275,0.6612411295736672,0.29390702541467706,10.866114755963908,21.32104815427586,434644585.1879999,0.0,,,0.0,0.5051562499999999,250.0,40000064.665,0.6614041130006634
end,0,uav_density,1,2,20,1500.0,0.8888888888888888,relcritic,STARS,learned,73129,selected,980000,64,64,uav_density_2uav_relcritic_seed73129_selected_seedbase980000,/home/sgy/workspace/sagin_marl_phase4_learning_ablation/runs/phase4_learning_ablation/3uav20gu_t250/uav_density_collision_smoke_20260715/configs/2uav20gu/structured_joint_mcgae_3uav20gu_t250_relational_critic.yaml,/home/sgy/workspace/sagin_marl_phase4_learning_ablation/runs/phase4_learning_ablation/3uav20gu_t250/relational_critic/seed73129_20260711_213639_bootstrapgae_nocompile/best_checkpoint.pt,,/home/sgy/workspace/sagin_marl_phase4_learning_ablation/runs/phase4_learning_ablation/3uav20gu_t250/uav_density_collision_smoke_20260715/results/2uav20gu/learned/relcritic/seed73129/selected/seedbase980000,36.95773705583997,0.6582274079886262,0.2999177263063223,10.044571797056122,18.847668429151174,401782867.08618754,0.0,,,0.0,0.551953125,250.0,40000015.767749995,0.6583842904436068
end,0,uav_density,1,2,20,1500.0,0.8888888888888888,relcritic,STARS,learned,73129,selected,981000,64,64,uav_density_2uav_relcritic_seed73129_selected_seedbase981000,/home/sgy/workspace/sagin_marl_phase4_learning_ablation/runs/phase4_learning_ablation/3uav20gu_t250/uav_density_collision_smoke_20260715/configs/2uav20gu/structured_joint_mcgae_3uav20gu_t250_relational_critic.yaml,/home/sgy/workspace/sagin_marl_phase4_learning_ablation/runs/phase4_learning_ablation/3uav20gu_t250/relational_critic/seed73129_20260711_213639_bootstrapgae_nocompile/best_checkpoint.pt,,/home/sgy/workspace/sagin_marl_phase4_learning_ablation/runs/phase4_learning_ablation/3uav20gu_t250/uav_density_collision_smoke_20260715/results/2uav20gu/learned/relcritic/seed73129/selected/seedbase981000,37.415172106353566,0.6725931224576196,0.28293243813538627,9.929710476040846,18.394404478102928,397188414.27125,0.0,,,0.0,0.5549062499999998,250.0,39999951.67650001,0.6729367072479097
end,0,uav_density,1,2,20,1500.0,0.8888888888888888,relcritic,STARS,learned,73129,selected,982000,64,64,uav_density_2uav_relcritic_seed73129_selected_seedbase982000,/home/sgy/workspace/sagin_marl_phase4_learning_ablation/runs/phase4_learning_ablation/3uav20gu_t250/uav_density_collision_smoke_20260715/configs/2uav20gu/structured_joint_mcgae_3uav20gu_t250_relational_critic.yaml,/home/sgy/workspace/sagin_marl_phase4_learning_ablation/runs/phase4_learning_ablation/3uav20gu_t250/relational_critic/seed73129_20260711_213639_bootstrapgae_nocompile/best_checkpoint.pt,,/home/sgy/workspace/sagin_marl_phase4_learning_ablation/runs/phase4_learning_ablation/3uav20gu_t250/uav_density_collision_smoke_20260715/results/2uav20gu/learned/relcritic/seed73129/selected/seedbase982000,36.54746019747108,0.6670932790162042,0.28818587293880094,10.668363490074873,19.630374797172834,426734534.6062501,0.0,,,0.0,0.5358125,250.0,40000064.665,0.667269062851288
end,0,uav_density,1,2,20,1500.0,0.8888888888888888,relcritic,STARS,learned,91457,selected,980000,64,64,uav_density_2uav_relcritic_seed91457_selected_seedbase980000,/home/sgy/workspace/sagin_marl_phase4_learning_ablation/runs/phase4_learning_ablation/3uav20gu_t250/uav_density_collision_smoke_20260715/configs/2uav20gu/structured_joint_mcgae_3uav20gu_t250_relational_critic.yaml,/home/sgy/workspace/sagin_marl_phase4_learning_ablation/runs/phase4_learning_ablation/3uav20gu_t250/relational_critic/seed91457_20260712_124615_resume_u0400_bootstrapgae_nocompile/best_checkpoint.pt,,/home/sgy/workspace/sagin_marl_phase4_learning_ablation/runs/phase4_learning_ablation/3uav20gu_t250/uav_density_collision_smoke_20260715/results/2uav20gu/learned/relcritic/seed91457/selected/seedbase980000,37.32910126785282,0.659890609182417,0.29335205011929805,10.678131850982085,20.996983022570607,427125269.03575,0.0,,,0.0,0.6247812499999998,250.0,40000015.767749995,0.6607731229150807
end,0,uav_density,1,2,20,1500.0,0.8888888888888888,relcritic,STARS,learned,91457,selected,981000,64,64,uav_density_2uav_relcritic_seed91457_selected_seedbase981000,/home/sgy/workspace/sagin_marl_phase4_learning_ablation/runs/phase4_learning_ablation/3uav20gu_t250/uav_density_collision_smoke_20260715/configs/2uav20gu/structured_joint_mcgae_3uav20gu_t250_relational_critic.yaml,/home/sgy/workspace/sagin_marl_phase4_learning_ablation/runs/phase4_learning_ablation/3uav20gu_t250/relational_critic/seed91457_20260712_124615_resume_u0400_bootstrapgae_nocompile/best_checkpoint.pt,,/home/sgy/workspace/sagin_marl_phase4_learning_ablation/runs/phase4_learning_ablation/3uav20gu_t250/uav_density_collision_smoke_20260715/results/2uav20gu/learned/relcritic/seed91457/selected/seedbase981000,37.56054543540813,0.6581424459381959,0.2937169572950005,10.728906789302822,20.869222537117082,429156266.3491876,0.0,,,0.0,0.6117968749999999,250.0,39999951.67650001,0.6590420605465367
end,0,uav_density,1,2,20,1500.0,0.8888888888888888,relcritic,STARS,learned,91457,selected,982000,64,64,uav_density_2uav_relcritic_seed91457_selected_seedbase982000,/home/sgy/workspace/sagin_marl_phase4_learning_ablation/runs/phase4_learning_ablation/3uav20gu_t250/uav_density_collision_smoke_20260715/configs/2uav20gu/structured_joint_mcgae_3uav20gu_t250_relational_critic.yaml,/home/sgy/workspace/sagin_marl_phase4_learning_ablation/runs/phase4_learning_ablation/3uav20gu_t250/relational_critic/seed91457_20260712_124615_resume_u0400_bootstrapgae_nocompile/best_checkpoint.pt,,/home/sgy/workspace/sagin_marl_phase4_learning_ablation/runs/phase4_learning_ablation/3uav20gu_t250/uav_density_collision_smoke_20260715/results/2uav20gu/learned/relcritic/seed91457/selected/seedbase982000,36.66513081942685,0.6607901492863895,0.2894061590184591,11.581634157280433,22.106451269198203,463265360.5970627,0.0,,,0.0,0.6180468749999999,250.0,40000064.665,0.6615727030135854
end,0,uav_density,1,2,20,1500.0,0.8888888888888888,globalcritic,STARS-GC,learned,45211,selected,980000,64,64,uav_density_2uav_globalcritic_seed45211_selected_seedbase980000,/home/sgy/workspace/sagin_marl_phase4_learning_ablation/runs/phase4_learning_ablation/3uav20gu_t250/uav_density_collision_smoke_20260715/configs/2uav20gu/structured_joint_mcgae_3uav20gu_t250_global_only_critic.yaml,/home/sgy/workspace/sagin_marl_phase4_learning_ablation/runs/phase4_learning_ablation/3uav20gu_t250/global_only_critic/seed45211_20260712_124615_bootstrapgae_nocompile/best_checkpoint.pt,,/home/sgy/workspace/sagin_marl_phase4_learning_ablation/runs/phase4_learning_ablation/3uav20gu_t250/uav_density_collision_smoke_20260715/results/2uav20gu/learned/globalcritic/seed45211/selected/seedbase980000,37.71803026215639,0.6721945138038137,0.28331640204289454,9.97004161194898,18.331322349572556,398801659.89131254,0.0,,,0.0,0.7471874999999998,250.0,40000015.767749995,0.6724536563399176
end,0,uav_density,1,2,20,1500.0,0.8888888888888888,globalcritic,STARS-GC,learned,45211,selected,981000,64,64,uav_density_2uav_globalcritic_seed45211_selected_seedbase981000,/home/sgy/workspace/sagin_marl_phase4_learning_ablation/runs/phase4_learning_ablation/3uav20gu_t250/uav_density_collision_smoke_20260715/configs/2uav20gu/structured_joint_mcgae_3uav20gu_t250_global_only_critic.yaml,/home/sgy/workspace/sagin_marl_phase4_learning_ablation/runs/phase4_learning_ablation/3uav20gu_t250/global_only_critic/seed45211_20260712_124615_bootstrapgae_nocompile/best_checkpoint.pt,,/home/sgy/workspace/sagin_marl_phase4_learning_ablation/runs/phase4_learning_ablation/3uav20gu_t250/uav_density_collision_smoke_20260715/results/2uav20gu/learned/globalcritic/seed45211/selected/seedbase981000,37.985634912736714,0.684225436500041,0.27021335936838237,9.9363830370754,17.749602918019512,397455316.71425,0.0,,,0.0,0.7428125000000002,250.0,39999951.67650001,0.6845092237215636
end,0,uav_density,1,2,20,1500.0,0.8888888888888888,globalcritic,STARS-GC,learned,45211,selected,982000,64,64,uav_density_2uav_globalcritic_seed45211_selected_seedbase982000,/home/sgy/workspace/sagin_marl_phase4_learning_ablation/runs/phase4_learning_ablation/3uav20gu_t250/uav_density_collision_smoke_20260715/configs/2uav20gu/structured_joint_mcgae_3uav20gu_t250_global_only_critic.yaml,/home/sgy/workspace/sagin_marl_phase4_learning_ablation/runs/phase4_learning_ablation/3uav20gu_t250/global_only_critic/seed45211_20260712_124615_bootstrapgae_nocompile/best_checkpoint.pt,,/home/sgy/workspace/sagin_marl_phase4_learning_ablation/runs/phase4_learning_ablation/3uav20gu_t250/uav_density_collision_smoke_20260715/results/2uav20gu/learned/globalcritic/seed45211/selected/seedbase982000,37.06345525733195,0.6680593132078648,0.2845243717769376,10.79539625582099,19.47326834253408,431815845.3018748,0.0,,,0.0,0.7635937499999998,250.0,40000064.665,0.6681513493237529
end,0,uav_density,1,2,20,1500.0,0.8888888888888888,globalcritic,STARS-GC,learned,73129,selected,980000,64,64,uav_density_2uav_globalcritic_seed73129_selected_seedbase980000,/home/sgy/workspace/sagin_marl_phase4_learning_ablation/runs/phase4_learning_ablation/3uav20gu_t250/uav_density_collision_smoke_20260715/configs/2uav20gu/structured_joint_mcgae_3uav20gu_t250_global_only_critic.yaml,/home/sgy/workspace/sagin_marl_phase4_learning_ablation/runs/phase4_learning_ablation/3uav20gu_t250/global_only_critic/seed73129_20260712_124615_bootstrapgae_nocompile/best_checkpoint.pt,,/home/sgy/workspace/sagin_marl_phase4_learning_ablation/runs/phase4_learning_ablation/3uav20gu_t250/uav_density_collision_smoke_20260715/results/2uav20gu/learned/globalcritic/seed73129/selected/seedbase980000,25.251934801926836,0.2168233685600527,0.7072914109850573,16.024820395904097,108.69813257958945,640992808.3077433,0.0625,,,0.0625,0.9954933140673977,246.984375,40000012.89356369,0.216823474260401
end,0,uav_density,1,2,20,1500.0,0.8888888888888888,globalcritic,STARS-GC,learned,73129,selected,981000,64,64,uav_density_2uav_globalcritic_seed73129_selected_seedbase981000,/home/sgy/workspace/sagin_marl_phase4_learning_ablation/runs/phase4_learning_ablation/3uav20gu_t250/uav_density_collision_smoke_20260715/configs/2uav20gu/structured_joint_mcgae_3uav20gu_t250_global_only_critic.yaml,/home/sgy/workspace/sagin_marl_phase4_learning_ablation/runs/phase4_learning_ablation/3uav20gu_t250/global_only_critic/seed73129_20260712_124615_bootstrapgae_nocompile/best_checkpoint.pt,,/home/sgy/workspace/sagin_marl_phase4_learning_ablation/runs/phase4_learning_ablation/3uav20gu_t250/uav_density_collision_smoke_20260715/results/2uav20gu/learned/globalcritic/seed73129/selected/seedbase981000,24.630212818621658,0.22141445174854535,0.6837182850924778,15.846169854042287,102.26293345125032,633846786.8807551,0.09375,,,0.09375,0.9941526227678567,240.0,39999987.38585071,0.22141456575423207
end,0,uav_density,1,2,20,1500.0,0.8888888888888888,globalcritic,STARS-GC,learned,73129,selected,982000,64,64,uav_density_2uav_globalcritic_seed73129_selected_seedbase982000,/home/sgy/workspace/sagin_marl_phase4_learning_ablation/runs/phase4_learning_ablation/3uav20gu_t250/uav_density_collision_smoke_20260715/configs/2uav20gu/structured_joint_mcgae_3uav20gu_t250_global_only_critic.yaml,/home/sgy/workspace/sagin_marl_phase4_learning_ablation/runs/phase4_learning_ablation/3uav20gu_t250/global_only_critic/seed73129_20260712_124615_bootstrapgae_nocompile/best_checkpoint.pt,,/home/sgy/workspace/sagin_marl_phase4_learning_ablation/runs/phase4_learning_ablation/3uav20gu_t250/uav_density_collision_smoke_20260715/results/2uav20gu/learned/globalcritic/seed73129/selected/seedbase982000,24.310853263596073,0.21442689596480902,0.7041171692837599,16.556117511040842,113.28936733144894,662244692.7461393,0.140625,,,0.140625,0.9937134367350777,238.171875,40000095.03456856,0.21442635225151888
end,0,uav_density,1,2,20,1500.0,0.8888888888888888,globalcritic,STARS-GC,learned,91457,selected,980000,64,64,uav_density_2uav_globalcritic_seed91457_selected_seedbase980000,/home/sgy/workspace/sagin_marl_phase4_learning_ablation/runs/phase4_learning_ablation/3uav20gu_t250/uav_density_collision_smoke_20260715/configs/2uav20gu/structured_joint_mcgae_3uav20gu_t250_global_only_critic.yaml,/home/sgy/workspace/sagin_marl_phase4_learning_ablation/runs/phase4_learning_ablation/3uav20gu_t250/global_only_critic/seed91457_20260712_124615_bootstrapgae_nocompile/best_checkpoint.pt,,/home/sgy/workspace/sagin_marl_phase4_learning_ablation/runs/phase4_learning_ablation/3uav20gu_t250/uav_density_collision_smoke_20260715/results/2uav20gu/learned/globalcritic/seed91457/selected/seedbase980000,25.726191899972036,0.3093322563597162,0.6076278328984174,14.777985897333798,74.35356990119845,591119429.1555134,0.109375,,,0.109375,0.7918706468484427,237.703125,40000028.779555455,0.30951628898805517
end,0,uav_density,1,2,20,1500.0,0.8888888888888888,globalcritic,STARS-GC,learned,91457,selected,981000,64,64,uav_density_2uav_globalcritic_seed91457_selected_seedbase981000,/home/sgy/workspace/sagin_marl_phase4_learning_ablation/runs/phase4_learning_ablation/3uav20gu_t250/uav_density_collision_smoke_20260715/configs/2uav20gu/structured_joint_mcgae_3uav20gu_t250_global_only_critic.yaml,/home/sgy/workspace/sagin_marl_phase4_learning_ablation/runs/phase4_learning_ablation/3uav20gu_t250/global_only_critic/seed91457_20260712_124615_bootstrapgae_nocompile/best_checkpoint.pt,,/home/sgy/workspace/sagin_marl_phase4_learning_ablation/runs/phase4_learning_ablation/3uav20gu_t250/uav_density_collision_smoke_20260715/results/2uav20gu/learned/globalcritic/seed91457/selected/seedbase981000,26.692963302251883,0.331254818281709,0.5988425116771132,14.94837851092144,68.86702216500218,597935133.4533234,0.03125,,,0.03125,0.8023504416773097,247.4375,39999955.766413376,0.33152319936456104
end,0,uav_density,1,2,20,1500.0,0.8888888888888888,globalcritic,STARS-GC,learned,91457,selected,982000,64,64,uav_density_2uav_globalcritic_seed91457_selected_seedbase982000,/home/sgy/workspace/sagin_marl_phase4_learning_ablation/runs/phase4_learning_ablation/3uav20gu_t250/uav_density_collision_smoke_20260715/configs/2uav20gu/structured_joint_mcgae_3uav20gu_t250_global_only_critic.yaml,/home/sgy/workspace/sagin_marl_phase4_learning_ablation/runs/phase4_learning_ablation/3uav20gu_t250/global_only_critic/seed91457_20260712_124615_bootstrapgae_nocompile/best_checkpoint.pt,,/home/sgy/workspace/sagin_marl_phase4_learning_ablation/runs/phase4_learning_ablation/3uav20gu_t250/uav_density_collision_smoke_20260715/results/2uav20gu/learned/globalcritic/seed91457/selected/seedbase982000,26.662437114689965,0.318346139171682,0.6060132261385929,15.30494609216347,79.32142065283219,612197836.4246722,0.125,,,0.125,0.8022899106029605,242.40625,40000066.5880386,0.3185487623197446
end,0,uav_density,1,2,20,1500.0,0.8888888888888888,cluster_center_queue_aware,QCCS,fixed,,fixed,980000,64,64,uav_density_2uav_cluster_center_queue_aware_fixed_seedbase980000,/home/sgy/workspace/sagin_marl_phase4_learning_ablation/runs/phase4_learning_ablation/3uav20gu_t250/uav_density_collision_smoke_20260715/configs/2uav20gu/structured_joint_mcgae_3uav20gu_t250_relational_critic.yaml,,cluster_center_queue_aware,/home/sgy/workspace/sagin_marl_phase4_learning_ablation/runs/phase4_learning_ablation/3uav20gu_t250/uav_density_collision_smoke_20260715/results/2uav20gu/fixed/cluster_center_queue_aware/seedbase980000,36.41136166325305,0.7380848833993078,0.22229304240024444,10.035992390662429,16.04685113924742,401439690.87100005,0.0,,,0.0,0.8305625,250.0,40000015.767749995,0.7393648022052213
end,0,uav_density,1,2,20,1500.0,0.8888888888888888,cluster_center_queue_aware,QCCS,fixed,,fixed,981000,64,64,uav_density_2uav_cluster_center_queue_aware_fixed_seedbase981000,/home/sgy/workspace/sagin_marl_phase4_learning_ablation/runs/phase4_learning_ablation/3uav20gu_t250/uav_density_collision_smoke_20260715/configs/2uav20gu/structured_joint_mcgae_3uav20gu_t250_relational_critic.yaml,,cluster_center_queue_aware,/home/sgy/workspace/sagin_marl_phase4_learning_ablation/runs/phase4_learning_ablation/3uav20gu_t250/uav_density_collision_smoke_20260715/results/2uav20gu/fixed/cluster_center_queue_aware/seedbase981000,37.40421053918544,0.7764984839394456,0.1826309166783433,9.584009533429516,14.262631843841634,383360376.94762486,0.0,,,0.0,0.8935625000000001,250.0,39999951.67650001,0.7786693321910372
end,0,uav_density,1,2,20,1500.0,0.8888888888888888,cluster_center_queue_aware,QCCS,fixed,,fixed,982000,64,64,uav_density_2uav_cluster_center_queue_aware_fixed_seedbase982000,/home/sgy/workspace/sagin_marl_phase4_learning_ablation/runs/phase4_learning_ablation/3uav20gu_t250/uav_density_collision_smoke_20260715/configs/2uav20gu/structured_joint_mcgae_3uav20gu_t250_relational_critic.yaml,,cluster_center_queue_aware,/home/sgy/workspace/sagin_marl_phase4_learning_ablation/runs/phase4_learning_ablation/3uav20gu_t250/uav_density_collision_smoke_20260715/results/2uav20gu/fixed/cluster_center_queue_aware/seedbase982000,36.43806506646797,0.7573300052043049,0.2014676802347076,10.081634730286895,15.341356914833183,403265384.58793753,0.0,,,0.0,0.86025,250.0,40000064.665,0.7587569734032423
end,0,uav_density,1,2,20,1500.0,0.8888888888888888,maxweight_lyapunov,Lyapunov,fixed,,fixed,980000,64,64,uav_density_2uav_maxweight_lyapunov_fixed_seedbase980000,/home/sgy/workspace/sagin_marl_phase4_learning_ablation/runs/phase4_learning_ablation/3uav20gu_t250/uav_density_collision_smoke_20260715/configs/2uav20gu/structured_joint_mcgae_3uav20gu_t250_relational_critic.yaml,,maxweight_lyapunov,/home/sgy/workspace/sagin_marl_phase4_learning_ablation/runs/phase4_learning_ablation/3uav20gu_t250/uav_density_collision_smoke_20260715/results/2uav20gu/fixed/maxweight_lyapunov/seedbase980000,35.79114256845787,0.7085313978663761,0.24427881629892953,11.68999731116183,19.422694883581247,467599887.2008124,0.0,,,0.0,0.9878124999999999,250.0,40000015.767749995,0.7085599363888769
end,0,uav_density,1,2,20,1500.0,0.8888888888888888,maxweight_lyapunov,Lyapunov,fixed,,fixed,981000,64,64,uav_density_2uav_maxweight_lyapunov_fixed_seedbase981000,/home/sgy/workspace/sagin_marl_phase4_learning_ablation/runs/phase4_learning_ablation/3uav20gu_t250/uav_density_collision_smoke_20260715/configs/2uav20gu/structured_joint_mcgae_3uav20gu_t250_relational_critic.yaml,,maxweight_lyapunov,/home/sgy/workspace/sagin_marl_phase4_learning_ablation/runs/phase4_learning_ablation/3uav20gu_t250/uav_density_collision_smoke_20260715/results/2uav20gu/fixed/maxweight_lyapunov/seedbase981000,36.353240473079495,0.7364461408210917,0.21378734176260353,11.452527135833163,18.25273192524724,458101079.99193746,0.0,,,0.0,0.98428125,250.0,39999951.67650001,0.7368877775673389
end,0,uav_density,1,2,20,1500.0,0.8888888888888888,maxweight_lyapunov,Lyapunov,fixed,,fixed,982000,64,64,uav_density_2uav_maxweight_lyapunov_fixed_seedbase982000,/home/sgy/workspace/sagin_marl_phase4_learning_ablation/runs/phase4_learning_ablation/3uav20gu_t250/uav_density_collision_smoke_20260715/configs/2uav20gu/structured_joint_mcgae_3uav20gu_t250_relational_critic.yaml,,maxweight_lyapunov,/home/sgy/workspace/sagin_marl_phase4_learning_ablation/runs/phase4_learning_ablation/3uav20gu_t250/uav_density_collision_smoke_20260715/results/2uav20gu/fixed/maxweight_lyapunov/seedbase982000,35.75363341195043,0.7135962315001523,0.23723975961504398,11.876124683819711,18.989422764629122,475044981.97662485,0.0,,,0.0,0.9906562499999999,250.0,40000064.665,0.7137236385584235
end,0,uav_density,2,3,20,1500.0,1.3333333333333333,relcritic,STARS,learned,45211,selected,980000,64,64,uav_density_3uav_relcritic_seed45211_selected_seedbase980000,/home/sgy/workspace/sagin_marl_phase4_learning_ablation/runs/phase4_learning_ablation/3uav20gu_t250/uav_density_collision_smoke_20260715/configs/3uav20gu/structured_joint_mcgae_3uav20gu_t250_relational_critic.yaml,/home/sgy/workspace/sagin_marl_phase4_learning_ablation/runs/phase4_learning_ablation/3uav20gu_t250/relational_critic/seed45211_20260711_213639_bootstrapgae_nocompile/best_checkpoint.pt,,/home/sgy/workspace/sagin_marl_phase4_learning_ablation/runs/phase4_learning_ablation/3uav20gu_t250/uav_density_collision_smoke_20260715/results/3uav20gu/learned/relcritic/seed45211/selected/seedbase980000,71.7397727392381,0.8909266634313389,0.09096777820612259,5.030751847500519,7.850932529251366,201230071.64406246,0.0,,,0.0,0.5125312608173116,250.0,40000025.838750005,0.8911892173857207
end,0,uav_density,2,3,20,1500.0,1.3333333333333333,relcritic,STARS,learned,45211,selected,981000,64,64,uav_density_3uav_relcritic_seed45211_selected_seedbase981000,/home/sgy/workspace/sagin_marl_phase4_learning_ablation/runs/phase4_learning_ablation/3uav20gu_t250/uav_density_collision_smoke_20260715/configs/3uav20gu/structured_joint_mcgae_3uav20gu_t250_relational_critic.yaml,/home/sgy/workspace/sagin_marl_phase4_learning_ablation/runs/phase4_learning_ablation/3uav20gu_t250/relational_critic/seed45211_20260711_213639_bootstrapgae_nocompile/best_checkpoint.pt,,/home/sgy/workspace/sagin_marl_phase4_learning_ablation/runs/phase4_learning_ablation/3uav20gu_t250/uav_density_collision_smoke_20260715/results/3uav20gu/learned/relcritic/seed45211/selected/seedbase981000,69.0753453054931,0.890595830286853,0.0856417378739832,4.343859544630179,6.186799061695593,173754379.73950008,0.015625,,,0.015625,0.5259166770912707,246.109375,39999849.411,0.8909027108511893
end,0,uav_density,2,3,20,1500.0,1.3333333333333333,relcritic,STARS,learned,45211,selected,982000,64,64,uav_density_3uav_relcritic_seed45211_selected_seedbase982000,/home/sgy/workspace/sagin_marl_phase4_learning_ablation/runs/phase4_learning_ablation/3uav20gu_t250/uav_density_collision_smoke_20260715/configs/3uav20gu/structured_joint_mcgae_3uav20gu_t250_relational_critic.yaml,/home/sgy/workspace/sagin_marl_phase4_learning_ablation/runs/phase4_learning_ablation/3uav20gu_t250/relational_critic/seed45211_20260711_213639_bootstrapgae_nocompile/best_checkpoint.pt,,/home/sgy/workspace/sagin_marl_phase4_learning_ablation/runs/phase4_learning_ablation/3uav20gu_t250/uav_density_collision_smoke_20260715/results/3uav20gu/learned/relcritic/seed45211/selected/seedbase982000,71.17646468861494,0.9134174780393949,0.07348956318129876,4.363643430247534,5.990205951149312,174545735.17324996,0.0,,,0.0,0.5242343855146321,250.0,40000043.900750004,0.9138859586928855
end,0,uav_density,2,3,20,1500.0,1.3333333333333333,relcritic,STARS,learned,73129,selected,980000,64,64,uav_density_3uav_relcritic_seed73129_selected_seedbase980000,/home/sgy/workspace/sagin_marl_phase4_learning_ablation/runs/phase4_learning_ablation/3uav20gu_t250/uav_density_collision_smoke_20260715/configs/3uav20gu/structured_joint_mcgae_3uav20gu_t250_relational_critic.yaml,/home/sgy/workspace/sagin_marl_phase4_learning_ablation/runs/phase4_learning_ablation/3uav20gu_t250/relational_critic/seed73129_20260711_213639_bootstrapgae_nocompile/best_checkpoint.pt,,/home/sgy/workspace/sagin_marl_phase4_learning_ablation/runs/phase4_learning_ablation/3uav20gu_t250/uav_density_collision_smoke_20260715/results/3uav20gu/learned/relcritic/seed73129/selected/seedbase980000,72.28242365771439,0.8991655301945283,0.08501406894423416,4.334416880772053,6.70731653067829,173376673.17781252,0.0,,,0.0,0.5292291792454198,250.0,40000025.838750005,0.8997023663999566
end,0,uav_density,2,3,20,1500.0,1.3333333333333333,relcritic,STARS,learned,73129,selected,981000,64,64,uav_density_3uav_relcritic_seed73129_selected_seedbase981000,/home/sgy/workspace/sagin_marl_phase4_learning_ablation/runs/phase4_learning_ablation/3uav20gu_t250/uav_density_collision_smoke_20260715/configs/3uav20gu/structured_joint_mcgae_3uav20gu_t250_relational_critic.yaml,/home/sgy/workspace/sagin_marl_phase4_learning_ablation/runs/phase4_learning_ablation/3uav20gu_t250/relational_critic/seed73129_20260711_213639_bootstrapgae_nocompile/best_checkpoint.pt,,/home/sgy/workspace/sagin_marl_phase4_learning_ablation/runs/phase4_learning_ablation/3uav20gu_t250/uav_density_collision_smoke_20260715/results/3uav20gu/learned/relcritic/seed73129/selected/seedbase981000,70.94019590993412,0.9133710032095967,0.07394754868278708,3.824407441889392,5.270385197329136,152976295.88366523,0.015625,,,0.015625,0.4934594612943974,247.84375,39999963.14001785,0.9137688356736542
end,0,uav_density,2,3,20,1500.0,1.3333333333333333,relcritic,STARS,learned,73129,selected,982000,64,64,uav_density_3uav_relcritic_seed73129_selected_seedbase982000,/home/sgy/workspace/sagin_marl_phase4_learning_ablation/runs/phase4_learning_ablation/3uav20gu_t250/uav_density_collision_smoke_20260715/configs/3uav20gu/structured_joint_mcgae_3uav20gu_t250_relational_critic.yaml,/home/sgy/workspace/sagin_marl_phase4_learning_ablation/runs/phase4_learning_ablation/3uav20gu_t250/relational_critic/seed73129_20260711_213639_bootstrapgae_nocompile/best_checkpoint.pt,,/home/sgy/workspace/sagin_marl_phase4_learning_ablation/runs/phase4_learning_ablation/3uav20gu_t250/uav_density_collision_smoke_20260715/results/3uav20gu/learned/relcritic/seed73129/selected/seedbase982000,72.65286436770111,0.9219409269643944,0.06708730438555267,3.7597715033711716,5.085884161226281,150390858.33718747,0.0,,,0.0,0.5027968868799507,250.0,40000043.900750004,0.9224819940221083
end,0,uav_density,2,3,20,1500.0,1.3333333333333333,relcritic,STARS,learned,91457,selected,980000,64,64,uav_density_3uav_relcritic_seed91457_selected_seedbase980000,/home/sgy/workspace/sagin_marl_phase4_learning_ablation/runs/phase4_learning_ablation/3uav20gu_t250/uav_density_collision_smoke_20260715/configs/3uav20gu/structured_joint_mcgae_3uav20gu_t250_relational_critic.yaml,/home/sgy/workspace/sagin_marl_phase4_learning_ablation/runs/phase4_learning_ablation/3uav20gu_t250/relational_critic/seed91457_20260712_124615_resume_u0400_bootstrapgae_nocompile/best_checkpoint.pt,,/home/sgy/workspace/sagin_marl_phase4_learning_ablation/runs/phase4_learning_ablation/3uav20gu_t250/uav_density_collision_smoke_20260715/results/3uav20gu/learned/relcritic/seed91457/selected/seedbase980000,72.54247483774088,0.927612487844657,0.0548737001310119,4.881834699137414,6.521144143478583,195273385.63187495,0.0,,,0.0,0.6022187620038164,250.0,40000025.838750005,0.9282946820240109
end,0,uav_density,2,3,20,1500.0,1.3333333333333333,relcritic,STARS,learned,91457,selected,981000,64,64,uav_density_3uav_relcritic_seed91457_selected_seedbase981000,/home/sgy/workspace/sagin_marl_phase4_learning_ablation/runs/phase4_learning_ablation/3uav20gu_t250/uav_density_collision_smoke_20260715/configs/3uav20gu/structured_joint_mcgae_3uav20gu_t250_relational_critic.yaml,/home/sgy/workspace/sagin_marl_phase4_learning_ablation/runs/phase4_learning_ablation/3uav20gu_t250/relational_critic/seed91457_20260712_124615_resume_u0400_bootstrapgae_nocompile/best_checkpoint.pt,,/home/sgy/workspace/sagin_marl_phase4_learning_ablation/runs/phase4_learning_ablation/3uav20gu_t250/uav_density_collision_smoke_20260715/results/3uav20gu/learned/relcritic/seed91457/selected/seedbase981000,70.51415921351872,0.9142113052117639,0.06229108881404044,4.658467415603668,6.328430708780372,186338694.29143754,0.015625,,,0.015625,0.6006145946029572,246.109375,39999849.411,0.9151278775899829
end,0,uav_density,2,3,20,1500.0,1.3333333333333333,relcritic,STARS,learned,91457,selected,982000,64,64,uav_density_3uav_relcritic_seed91457_selected_seedbase982000,/home/sgy/workspace/sagin_marl_phase4_learning_ablation/runs/phase4_learning_ablation/3uav20gu_t250/uav_density_collision_smoke_20260715/configs/3uav20gu/structured_joint_mcgae_3uav20gu_t250_relational_critic.yaml,/home/sgy/workspace/sagin_marl_phase4_learning_ablation/runs/phase4_learning_ablation/3uav20gu_t250/relational_critic/seed91457_20260712_124615_resume_u0400_bootstrapgae_nocompile/best_checkpoint.pt,,/home/sgy/workspace/sagin_marl_phase4_learning_ablation/runs/phase4_learning_ablation/3uav20gu_t250/uav_density_collision_smoke_20260715/results/3uav20gu/learned/relcritic/seed91457/selected/seedbase982000,68.23007590766065,0.9244558079130948,0.06162869759809974,4.970765561723186,6.645282835910334,198830619.87981254,0.0,,,0.0,0.5974323042528701,250.0,40000043.900750004,0.9249209309705079
end,0,uav_density,2,3,20,1500.0,1.3333333333333333,globalcritic,STARS-GC,learned,45211,selected,980000,64,64,uav_density_3uav_globalcritic_seed45211_selected_seedbase980000,/home/sgy/workspace/sagin_marl_phase4_learning_ablation/runs/phase4_learning_ablation/3uav20gu_t250/uav_density_collision_smoke_20260715/configs/3uav20gu/structured_joint_mcgae_3uav20gu_t250_global_only_critic.yaml,/home/sgy/workspace/sagin_marl_phase4_learning_ablation/runs/phase4_learning_ablation/3uav20gu_t250/global_only_critic/seed45211_20260712_124615_bootstrapgae_nocompile/best_checkpoint.pt,,/home/sgy/workspace/sagin_marl_phase4_learning_ablation/runs/phase4_learning_ablation/3uav20gu_t250/uav_density_collision_smoke_20260715/results/3uav20gu/learned/globalcritic/seed45211/selected/seedbase980000,74.19378194026649,0.9062007033550182,0.07182085707840653,4.432625425954621,5.994402358683146,177305015.00411454,0.015625,,,0.015625,0.7144869960673776,246.28125,40000029.638666674,0.9064311463974967
end,0,uav_density,2,3,20,1500.0,1.3333333333333333,globalcritic,STARS-GC,learned,45211,selected,981000,64,64,uav_density_3uav_globalcritic_seed45211_selected_seedbase981000,/home/sgy/workspace/sagin_marl_phase4_learning_ablation/runs/phase4_learning_ablation/3uav20gu_t250/uav_density_collision_smoke_20260715/configs/3uav20gu/structured_joint_mcgae_3uav20gu_t250_global_only_critic.yaml,/home/sgy/workspace/sagin_marl_phase4_learning_ablation/runs/phase4_learning_ablation/3uav20gu_t250/global_only_critic/seed45211_20260712_124615_bootstrapgae_nocompile/best_checkpoint.pt,,/home/sgy/workspace/sagin_marl_phase4_learning_ablation/runs/phase4_learning_ablation/3uav20gu_t250/uav_density_collision_smoke_20260715/results/3uav20gu/learned/globalcritic/seed45211/selected/seedbase981000,73.63272674684413,0.9023310903990639,0.08294767911145959,4.305137574394642,6.09391698055773,172205500.98562506,0.0,,,0.0,0.7175208512013777,250.0,39999962.112749994,0.9025669429284953
end,0,uav_density,2,3,20,1500.0,1.3333333333333333,globalcritic,STARS-GC,learned,45211,selected,982000,64,64,uav_density_3uav_globalcritic_seed45211_selected_seedbase982000,/home/sgy/workspace/sagin_marl_phase4_learning_ablation/runs/phase4_learning_ablation/3uav20gu_t250/uav_density_collision_smoke_20260715/configs/3uav20gu/structured_joint_mcgae_3uav20gu_t250_global_only_critic.yaml,/home/sgy/workspace/sagin_marl_phase4_learning_ablation/runs/phase4_learning_ablation/3uav20gu_t250/global_only_critic/seed45211_20260712_124615_bootstrapgae_nocompile/best_checkpoint.pt,,/home/sgy/workspace/sagin_marl_phase4_learning_ablation/runs/phase4_learning_ablation/3uav20gu_t250/uav_density_collision_smoke_20260715/results/3uav20gu/learned/globalcritic/seed45211/selected/seedbase982000,72.72459387802519,0.9082942350283264,0.0772292701345459,4.625732797155483,6.200343994508781,185029309.69562504,0.0,,,0.0,0.7255937671223656,250.0,40000043.900750004,0.9089875920223607
end,0,uav_density,2,3,20,1500.0,1.3333333333333333,globalcritic,STARS-GC,learned,73129,selected,980000,64,64,uav_density_3uav_globalcritic_seed73129_selected_seedbase980000,/home/sgy/workspace/sagin_marl_phase4_learning_ablation/runs/phase4_learning_ablation/3uav20gu_t250/uav_density_collision_smoke_20260715/configs/3uav20gu/structured_joint_mcgae_3uav20gu_t250_global_only_critic.yaml,/home/sgy/workspace/sagin_marl_phase4_learning_ablation/runs/phase4_learning_ablation/3uav20gu_t250/global_only_critic/seed73129_20260712_124615_bootstrapgae_nocompile/best_checkpoint.pt,,/home/sgy/workspace/sagin_marl_phase4_learning_ablation/runs/phase4_learning_ablation/3uav20gu_t250/uav_density_collision_smoke_20260715/results/3uav20gu/learned/globalcritic/seed73129/selected/seedbase980000,34.83149920718279,0.6308256029240632,0.32860740685548784,9.475435784385231,23.805324618060144,379017426.96854144,0.015625,,,0.015625,0.9817083344012498,247.265625,40000031.878166676,0.6313268836916711
end,0,uav_density,2,3,20,1500.0,1.3333333333333333,globalcritic,STARS-GC,learned,73129,selected,981000,64,64,uav_density_3uav_globalcritic_seed73129_selected_seedbase981000,/home/sgy/workspace/sagin_marl_phase4_learning_ablation/runs/phase4_learning_ablation/3uav20gu_t250/uav_density_collision_smoke_20260715/configs/3uav20gu/structured_joint_mcgae_3uav20gu_t250_global_only_critic.yaml,/home/sgy/workspace/sagin_marl_phase4_learning_ablation/runs/phase4_learning_ablation/3uav20gu_t250/global_only_critic/seed73129_20260712_124615_bootstrapgae_nocompile/best_checkpoint.pt,,/home/sgy/workspace/sagin_marl_phase4_learning_ablation/runs/phase4_learning_ablation/3uav20gu_t250/uav_density_collision_smoke_20260715/results/3uav20gu/learned/globalcritic/seed73129/selected/seedbase981000,35.80184237414505,0.6566592423683884,0.30304820481102085,8.342225452980562,19.128341312325002,333689014.1275753,0.03125,,,0.03125,0.9831271268466903,246.46875,39999966.967139676,0.6570604844222704
end,0,uav_density,2,3,20,1500.0,1.3333333333333333,globalcritic,STARS-GC,learned,73129,selected,982000,64,64,uav_density_3uav_globalcritic_seed73129_selected_seedbase982000,/home/sgy/workspace/sagin_marl_phase4_learning_ablation/runs/phase4_learning_ablation/3uav20gu_t250/uav_density_collision_smoke_20260715/configs/3uav20gu/structured_joint_mcgae_3uav20gu_t250_global_only_critic.yaml,/home/sgy/workspace/sagin_marl_phase4_learning_ablation/runs/phase4_learning_ablation/3uav20gu_t250/global_only_critic/seed73129_20260712_124615_bootstrapgae_nocompile/best_checkpoint.pt,,/home/sgy/workspace/sagin_marl_phase4_learning_ablation/runs/phase4_learning_ablation/3uav20gu_t250/uav_density_collision_smoke_20260715/results/3uav20gu/learned/globalcritic/seed73129/selected/seedbase982000,35.4909803570481,0.6676013280442163,0.2859810199051058,8.514008640067944,19.003323019237346,340560341.5879958,0.046875,,,0.046875,0.9817054934979161,243.5,40000029.32965849,0.6679257436969579
end,0,uav_density,2,3,20,1500.0,1.3333333333333333,globalcritic,STARS-GC,learned,91457,selected,980000,64,64,uav_density_3uav_globalcritic_seed91457_selected_seedbase980000,/home/sgy/workspace/sagin_marl_phase4_learning_ablation/runs/phase4_learning_ablation/3uav20gu_t250/uav_density_collision_smoke_20260715/configs/3uav20gu/structured_joint_mcgae_3uav20gu_t250_global_only_critic.yaml,/home/sgy/workspace/sagin_marl_phase4_learning_ablation/runs/phase4_learning_ablation/3uav20gu_t250/global_only_critic/seed91457_20260712_124615_bootstrapgae_nocompile/best_checkpoint.pt,,/home/sgy/workspace/sagin_marl_phase4_learning_ablation/runs/phase4_learning_ablation/3uav20gu_t250/uav_density_collision_smoke_20260715/results/3uav20gu/learned/globalcritic/seed91457/selected/seedbase980000,33.4761058256845,0.6264869995246888,0.3269219227923812,9.277453678166891,20.93738509058272,371098142.67050135,0.078125,,,0.078125,0.779517247825364,240.953125,40000030.70491591,0.6270472105938134
end,0,uav_density,2,3,20,1500.0,1.3333333333333333,globalcritic,STARS-GC,learned,91457,selected,981000,64,64,uav_density_3uav_globalcritic_seed91457_selected_seedbase981000,/home/sgy/workspace/sagin_marl_phase4_learning_ablation/runs/phase4_learning_ablation/3uav20gu_t250/uav_density_collision_smoke_20260715/configs/3uav20gu/structured_joint_mcgae_3uav20gu_t250_global_only_critic.yaml,/home/sgy/workspace/sagin_marl_phase4_learning_ablation/runs/phase4_learning_ablation/3uav20gu_t250/global_only_critic/seed91457_20260712_124615_bootstrapgae_nocompile/best_checkpoint.pt,,/home/sgy/workspace/sagin_marl_phase4_learning_ablation/runs/phase4_learning_ablation/3uav20gu_t250/uav_density_collision_smoke_20260715/results/3uav20gu/learned/globalcritic/seed91457/selected/seedbase981000,32.15408447070513,0.5984282042292395,0.33894369676288166,9.312368952037636,22.253394159837725,372494753.741827,0.09375,,,0.09375,0.7915387435182178,236.265625,39999844.73744741,0.5989783226715216
end,0,uav_density,2,3,20,1500.0,1.3333333333333333,globalcritic,STARS-GC,learned,91457,selected,982000,64,64,uav_density_3uav_globalcritic_seed91457_selected_seedbase982000,/home/sgy/workspace/sagin_marl_phase4_learning_ablation/runs/phase4_learning_ablation/3uav20gu_t250/uav_density_collision_smoke_20260715/configs/3uav20gu/structured_joint_mcgae_3uav20gu_t250_global_only_critic.yaml,/home/sgy/workspace/sagin_marl_phase4_learning_ablation/runs/phase4_learning_ablation/3uav20gu_t250/global_only_critic/seed91457_20260712_124615_bootstrapgae_nocompile/best_checkpoint.pt,,/home/sgy/workspace/sagin_marl_phase4_learning_ablation/runs/phase4_learning_ablation/3uav20gu_t250/uav_density_collision_smoke_20260715/results/3uav20gu/learned/globalcritic/seed91457/selected/seedbase982000,34.091504979820456,0.6335641666752364,0.3207395063152109,9.454229668453655,21.568562988757005,378169182.3925296,0.0625,,,0.0625,0.7732610950729603,243.390625,40000029.6977079,0.6342561294109911
end,0,uav_density,2,3,20,1500.0,1.3333333333333333,cluster_center_queue_aware,QCCS,fixed,,fixed,980000,64,64,uav_density_3uav_cluster_center_queue_aware_fixed_seedbase980000,/home/sgy/workspace/sagin_marl_phase4_learning_ablation/runs/phase4_learning_ablation/3uav20gu_t250/uav_density_collision_smoke_20260715/configs/3uav20gu/structured_joint_mcgae_3uav20gu_t250_relational_critic.yaml,,cluster_center_queue_aware,/home/sgy/workspace/sagin_marl_phase4_learning_ablation/runs/phase4_learning_ablation/3uav20gu_t250/uav_density_collision_smoke_20260715/results/3uav20gu/fixed/cluster_center_queue_aware/seedbase980000,50.07149147707969,0.8893830855495758,0.0831476917647501,6.307818739284296,8.897646830207206,252312746.6993125,0.0,,,0.0,0.7595729233901952,250.0,40000025.838750005,0.8981113094440281
end,0,uav_density,2,3,20,1500.0,1.3333333333333333,cluster_center_queue_aware,QCCS,fixed,,fixed,981000,64,64,uav_density_3uav_cluster_center_queue_aware_fixed_seedbase981000,/home/sgy/workspace/sagin_marl_phase4_learning_ablation/runs/phase4_learning_ablation/3uav20gu_t250/uav_density_collision_smoke_20260715/configs/3uav20gu/structured_joint_mcgae_3uav20gu_t250_relational_critic.yaml,,cluster_center_queue_aware,/home/sgy/workspace/sagin_marl_phase4_learning_ablation/runs/phase4_learning_ablation/3uav20gu_t250/uav_density_collision_smoke_20260715/results/3uav20gu/fixed/cluster_center_queue_aware/seedbase981000,50.5593010870507,0.8889185655671173,0.08184445170490992,6.085739245018076,8.360592657965727,243429567.0913125,0.015625,,,0.015625,0.7511875069011008,246.875,39999964.05575,0.8986849999883851
end,0,uav_density,2,3,20,1500.0,1.3333333333333333,cluster_center_queue_aware,QCCS,fixed,,fixed,982000,64,64,uav_density_3uav_cluster_center_queue_aware_fixed_seedbase982000,/home/sgy/workspace/sagin_marl_phase4_learning_ablation/runs/phase4_learning_ablation/3uav20gu_t250/uav_density_collision_smoke_20260715/configs/3uav20gu/structured_joint_mcgae_3uav20gu_t250_relational_critic.yaml,,cluster_center_queue_aware,/home/sgy/workspace/sagin_marl_phase4_learning_ablation/runs/phase4_learning_ablation/3uav20gu_t250/uav_density_collision_smoke_20260715/results/3uav20gu/fixed/cluster_center_queue_aware/seedbase982000,50.71405506902374,0.9013056284380145,0.073332434633714,6.142568752005929,8.279182336790951,245702747.106,0.0,,,0.0,0.7747395896930251,250.0,40000043.900750004,0.9108509858152983
end,0,uav_density,2,3,20,1500.0,1.3333333333333333,maxweight_lyapunov,Lyapunov,fixed,,fixed,980000,64,64,uav_density_3uav_maxweight_lyapunov_fixed_seedbase980000,/home/sgy/workspace/sagin_marl_phase4_learning_ablation/runs/phase4_learning_ablation/3uav20gu_t250/uav_density_collision_smoke_20260715/configs/3uav20gu/structured_joint_mcgae_3uav20gu_t250_relational_critic.yaml,,maxweight_lyapunov,/home/sgy/workspace/sagin_marl_phase4_learning_ablation/runs/phase4_learning_ablation/3uav20gu_t250/uav_density_collision_smoke_20260715/results/3uav20gu/fixed/maxweight_lyapunov/seedbase980000,44.08374192600604,0.8381952912121778,0.12794770197427535,8.007914853367955,11.715912342786323,320316590.38287485,0.0,,,0.0,0.9724791682809595,250.0,40000025.838750005,0.845391899422828
end,0,uav_density,2,3,20,1500.0,1.3333333333333333,maxweight_lyapunov,Lyapunov,fixed,,fixed,981000,64,64,uav_density_3uav_maxweight_lyapunov_fixed_seedbase981000,/home/sgy/workspace/sagin_marl_phase4_learning_ablation/runs/phase4_learning_ablation/3uav20gu_t250/uav_density_collision_smoke_20260715/configs/3uav20gu/structured_joint_mcgae_3uav20gu_t250_relational_critic.yaml,,maxweight_lyapunov,/home/sgy/workspace/sagin_marl_phase4_learning_ablation/runs/phase4_learning_ablation/3uav20gu_t250/uav_density_collision_smoke_20260715/results/3uav20gu/fixed/maxweight_lyapunov/seedbase981000,45.198996210470796,0.8450745913498107,0.12705994767404197,7.522842796677024,10.583848085634266,300913708.3924999,0.0,,,0.0,0.9719687516689304,250.0,39999962.112749994,0.8494476636267823
end,0,uav_density,2,3,20,1500.0,1.3333333333333333,maxweight_lyapunov,Lyapunov,fixed,,fixed,982000,64,64,uav_density_3uav_maxweight_lyapunov_fixed_seedbase982000,/home/sgy/workspace/sagin_marl_phase4_learning_ablation/runs/phase4_learning_ablation/3uav20gu_t250/uav_density_collision_smoke_20260715/configs/3uav20gu/structured_joint_mcgae_3uav20gu_t250_relational_critic.yaml,,maxweight_lyapunov,/home/sgy/workspace/sagin_marl_phase4_learning_ablation/runs/phase4_learning_ablation/3uav20gu_t250/uav_density_collision_smoke_20260715/results/3uav20gu/fixed/maxweight_lyapunov/seedbase982000,44.68621475843247,0.8525861518641467,0.1175296711899409,7.655579813910882,10.608232268210033,306223188.96962506,0.0,,,0.0,0.9726250015981498,250.0,40000043.900750004,0.8581767243497882
end,0,uav_density,3,4,20,1500.0,1.7777777777777777,relcritic,STARS,learned,45211,selected,980000,64,64,uav_density_4uav_relcritic_seed45211_selected_seedbase980000,/home/sgy/workspace/sagin_marl_phase4_learning_ablation/runs/phase4_learning_ablation/3uav20gu_t250/uav_density_collision_smoke_20260715/configs/4uav20gu/structured_joint_mcgae_3uav20gu_t250_relational_critic.yaml,/home/sgy/workspace/sagin_marl_phase4_learning_ablation/runs/phase4_learning_ablation/3uav20gu_t250/relational_critic/seed45211_20260711_213639_bootstrapgae_nocompile/best_checkpoint.pt,,/home/sgy/workspace/sagin_marl_phase4_learning_ablation/runs/phase4_learning_ablation/3uav20gu_t250/uav_density_collision_smoke_20260715/results/4uav20gu/learned/relcritic/seed45211/selected/seedbase980000,62.20549901784398,0.8802927755631971,0.09441950863908141,4.938351363423608,7.205992634691896,197534052.17712498,0.015625,,,0.015625,0.48633594819158316,246.109375,40000102.5295,0.8804350810903318
end,0,uav_density,3,4,20,1500.0,1.7777777777777777,relcritic,STARS,learned,45211,selected,981000,64,64,uav_density_4uav_relcritic_seed45211_selected_seedbase981000,/home/sgy/workspace/sagin_marl_phase4_learning_ablation/runs/phase4_learning_ablation/3uav20gu_t250/uav_density_collision_smoke_20260715/configs/4uav20gu/structured_joint_mcgae_3uav20gu_t250_relational_critic.yaml,/home/sgy/workspace/sagin_marl_phase4_learning_ablation/runs/phase4_learning_ablation/3uav20gu_t250/relational_critic/seed45211_20260711_213639_bootstrapgae_nocompile/best_checkpoint.pt,,/home/sgy/workspace/sagin_marl_phase4_learning_ablation/runs/phase4_learning_ablation/3uav20gu_t250/uav_density_collision_smoke_20260715/results/4uav20gu/learned/relcritic/seed45211/selected/seedbase981000,60.70639929338358,0.8843498371466995,0.0950027286433051,4.5394086361493695,6.372783423939647,181576343.352,0.015625,,,0.015625,0.4845130315534771,246.109375,39999905.86774999,0.8864498361344691
end,0,uav_density,3,4,20,1500.0,1.7777777777777777,relcritic,STARS,learned,45211,selected,982000,64,64,uav_density_4uav_relcritic_seed45211_selected_seedbase982000,/home/sgy/workspace/sagin_marl_phase4_learning_ablation/runs/phase4_learning_ablation/3uav20gu_t250/uav_density_collision_smoke_20260715/configs/4uav20gu/structured_joint_mcgae_3uav20gu_t250_relational_critic.yaml,/home/sgy/workspace/sagin_marl_phase4_learning_ablation/runs/phase4_learning_ablation/3uav20gu_t250/relational_critic/seed45211_20260711_213639_bootstrapgae_nocompile/best_checkpoint.pt,,/home/sgy/workspace/sagin_marl_phase4_learning_ablation/runs/phase4_learning_ablation/3uav20gu_t250/uav_density_collision_smoke_20260715/results/4uav20gu/learned/relcritic/seed45211/selected/seedbase982000,63.68089678999968,0.879986847939901,0.10224599983219267,4.9542013845438575,7.266680351215279,198168052.92112502,0.0,,,0.0,0.48050001121126107,250.0,40000046.536249995,0.880458549669719
end,0,uav_density,3,4,20,1500.0,1.7777777777777777,relcritic,STARS,learned,73129,selected,980000,64,64,uav_density_4uav_relcritic_seed73129_selected_seedbase980000,/home/sgy/workspace/sagin_marl_phase4_learning_ablation/runs/phase4_learning_ablation/3uav20gu_t250/uav_density_collision_smoke_20260715/configs/4uav20gu/structured_joint_mcgae_3uav20gu_t250_relational_critic.yaml,/home/sgy/workspace/sagin_marl_phase4_learning_ablation/runs/phase4_learning_ablation/3uav20gu_t250/relational_critic/seed73129_20260711_213639_bootstrapgae_nocompile/best_checkpoint.pt,,/home/sgy/workspace/sagin_marl_phase4_learning_ablation/runs/phase4_learning_ablation/3uav20gu_t250/uav_density_collision_smoke_20260715/results/4uav20gu/learned/relcritic/seed73129/selected/seedbase980000,61.078870493220165,0.8750151052560009,0.10146691514366177,4.8056329567560665,7.18566211906063,192225315.86061096,0.015625,,,0.015625,0.537249584433136,247.140625,40000051.6436903,0.8776582526972878
end,0,uav_density,3,4,20,1500.0,1.7777777777777777,relcritic,STARS,learned,73129,selected,981000,64,64,uav_density_4uav_relcritic_seed73129_selected_seedbase981000,/home/sgy/workspace/sagin_marl_phase4_learning_ablation/runs/phase4_learning_ablation/3uav20gu_t250/uav_density_collision_smoke_20260715/configs/4uav20gu/structured_joint_mcgae_3uav20gu_t250_relational_critic.yaml,/home/sgy/workspace/sagin_marl_phase4_learning_ablation/runs/phase4_learning_ablation/3uav20gu_t250/relational_critic/seed73129_20260711_213639_bootstrapgae_nocompile/best_checkpoint.pt,,/home/sgy/workspace/sagin_marl_phase4_learning_ablation/runs/phase4_learning_ablation/3uav20gu_t250/uav_density_collision_smoke_20260715/results/4uav20gu/learned/relcritic/seed73129/selected/seedbase981000,61.49053586530499,0.8907710392913338,0.0904713078088662,4.202943392558143,5.731340017740733,168117733.61845672,0.03125,,,0.03125,0.5260540299254405,245.265625,40000018.75258893,0.892199145162297
end,0,uav_density,3,4,20,1500.0,1.7777777777777777,relcritic,STARS,learned,73129,selected,982000,64,64,uav_density_4uav_relcritic_seed73129_selected_seedbase982000,/home/sgy/workspace/sagin_marl_phase4_learning_ablation/runs/phase4_learning_ablation/3uav20gu_t250/uav_density_collision_smoke_20260715/configs/4uav20gu/structured_joint_mcgae_3uav20gu_t250_relational_critic.yaml,/home/sgy/workspace/sagin_marl_phase4_learning_ablation/runs/phase4_learning_ablation/3uav20gu_t250/relational_critic/seed73129_20260711_213639_bootstrapgae_nocompile/best_checkpoint.pt,,/home/sgy/workspace/sagin_marl_phase4_learning_ablation/runs/phase4_learning_ablation/3uav20gu_t250/uav_density_collision_smoke_20260715/results/4uav20gu/learned/relcritic/seed73129/selected/seedbase982000,60.77621648774948,0.8717632492463664,0.10916004017905956,4.632241891996149,6.68133525861354,185289673.43741342,0.03125,,,0.03125,0.5342803438198765,246.9375,40000053.684790865,0.8729289893070846
end,0,uav_density,3,4,20,1500.0,1.7777777777777777,relcritic,STARS,learned,91457,selected,980000,64,64,uav_density_4uav_relcritic_seed91457_selected_seedbase980000,/home/sgy/workspace/sagin_marl_phase4_learning_ablation/runs/phase4_learning_ablation/3uav20gu_t250/uav_density_collision_smoke_20260715/configs/4uav20gu/structured_joint_mcgae_3uav20gu_t250_relational_critic.yaml,/home/sgy/workspace/sagin_marl_phase4_learning_ablation/runs/phase4_learning_ablation/3uav20gu_t250/relational_critic/seed91457_20260712_124615_resume_u0400_bootstrapgae_nocompile/best_checkpoint.pt,,/home/sgy/workspace/sagin_marl_phase4_learning_ablation/runs/phase4_learning_ablation/3uav20gu_t250/uav_density_collision_smoke_20260715/results/4uav20gu/learned/relcritic/seed91457/selected/seedbase980000,56.982871188316494,0.8865732979625627,0.07452466501126156,5.420314315154993,7.590341667565843,216812569.93517798,0.0625,,,0.0625,0.6152459311891433,240.859375,40000105.342903316,0.8915332801521448
end,0,uav_density,3,4,20,1500.0,1.7777777777777777,relcritic,STARS,learned,91457,selected,981000,64,64,uav_density_4uav_relcritic_seed91457_selected_seedbase981000,/home/sgy/workspace/sagin_marl_phase4_learning_ablation/runs/phase4_learning_ablation/3uav20gu_t250/uav_density_collision_smoke_20260715/configs/4uav20gu/structured_joint_mcgae_3uav20gu_t250_relational_critic.yaml,/home/sgy/workspace/sagin_marl_phase4_learning_ablation/runs/phase4_learning_ablation/3uav20gu_t250/relational_critic/seed91457_20260712_124615_resume_u0400_bootstrapgae_nocompile/best_checkpoint.pt,,/home/sgy/workspace/sagin_marl_phase4_learning_ablation/runs/phase4_learning_ablation/3uav20gu_t250/uav_density_collision_smoke_20260715/results/4uav20gu/learned/relcritic/seed91457/selected/seedbase981000,58.463852832093835,0.8991958683028289,0.0749107265246024,5.12596585117458,6.9039933160213485,205038631.46831375,0.046875,,,0.046875,0.6095282544300883,242.6875,39999902.25887142,0.9041814058440003
end,0,uav_density,3,4,20,1500.0,1.7777777777777777,relcritic,STARS,learned,91457,selected,982000,64,64,uav_density_4uav_relcritic_seed91457_selected_seedbase982000,/home/sgy/workspace/sagin_marl_phase4_learning_ablation/runs/phase4_learning_ablation/3uav20gu_t250/uav_density_collision_smoke_20260715/configs/4uav20gu/structured_joint_mcgae_3uav20gu_t250_relational_critic.yaml,/home/sgy/workspace/sagin_marl_phase4_learning_ablation/runs/phase4_learning_ablation/3uav20gu_t250/relational_critic/seed91457_20260712_124615_resume_u0400_bootstrapgae_nocompile/best_checkpoint.pt,,/home/sgy/workspace/sagin_marl_phase4_learning_ablation/runs/phase4_learning_ablation/3uav20gu_t250/uav_density_collision_smoke_20260715/results/4uav20gu/learned/relcritic/seed91457/selected/seedbase982000,59.10700038750656,0.8839567141853609,0.09293180892513919,5.426384506452103,7.701815905886611,217055377.38012177,0.03125,,,0.03125,0.6112444257974058,247.359375,40000042.93086883,0.8865459239521283
end,0,uav_density,3,4,20,1500.0,1.7777777777777777,globalcritic,STARS-GC,learned,45211,selected,980000,64,64,uav_density_4uav_globalcritic_seed45211_selected_seedbase980000,/home/sgy/workspace/sagin_marl_phase4_learning_ablation/runs/phase4_learning_ablation/3uav20gu_t250/uav_density_collision_smoke_20260715/configs/4uav20gu/structured_joint_mcgae_3uav20gu_t250_global_only_critic.yaml,/home/sgy/workspace/sagin_marl_phase4_learning_ablation/runs/phase4_learning_ablation/3uav20gu_t250/global_only_critic/seed45211_20260712_124615_bootstrapgae_nocompile/best_checkpoint.pt,,/home/sgy/workspace/sagin_marl_phase4_learning_ablation/runs/phase4_learning_ablation/3uav20gu_t250/uav_density_collision_smoke_20260715/results/4uav20gu/learned/globalcritic/seed45211/selected/seedbase980000,57.6767111280933,0.8845593198918525,0.07325335689149118,5.144134750511519,6.632578133761156,205765387.49384066,0.09375,,,0.09375,0.669193786622231,233.75,40000094.48893333,0.887321026963251
end,0,uav_density,3,4,20,1500.0,1.7777777777777777,globalcritic,STARS-GC,learned,45211,selected,981000,64,64,uav_density_4uav_globalcritic_seed45211_selected_seedbase981000,/home/sgy/workspace/sagin_marl_phase4_learning_ablation/runs/phase4_learning_ablation/3uav20gu_t250/uav_density_collision_smoke_20260715/configs/4uav20gu/structured_joint_mcgae_3uav20gu_t250_global_only_critic.yaml,/home/sgy/workspace/sagin_marl_phase4_learning_ablation/runs/phase4_learning_ablation/3uav20gu_t250/global_only_critic/seed45211_20260712_124615_bootstrapgae_nocompile/best_checkpoint.pt,,/home/sgy/workspace/sagin_marl_phase4_learning_ablation/runs/phase4_learning_ablation/3uav20gu_t250/uav_density_collision_smoke_20260715/results/4uav20gu/learned/globalcritic/seed45211/selected/seedbase981000,60.23412213823758,0.8925768695291869,0.08723388627708901,4.78842627527421,6.296867291003007,191537048.672576,0.0625,,,0.0625,0.6864855204888548,241.484375,39999916.96967301,0.8933799859509671
end,0,uav_density,3,4,20,1500.0,1.7777777777777777,globalcritic,STARS-GC,learned,45211,selected,982000,64,64,uav_density_4uav_globalcritic_seed45211_selected_seedbase982000,/home/sgy/workspace/sagin_marl_phase4_learning_ablation/runs/phase4_learning_ablation/3uav20gu_t250/uav_density_collision_smoke_20260715/configs/4uav20gu/structured_joint_mcgae_3uav20gu_t250_global_only_critic.yaml,/home/sgy/workspace/sagin_marl_phase4_learning_ablation/runs/phase4_learning_ablation/3uav20gu_t250/global_only_critic/seed45211_20260712_124615_bootstrapgae_nocompile/best_checkpoint.pt,,/home/sgy/workspace/sagin_marl_phase4_learning_ablation/runs/phase4_learning_ablation/3uav20gu_t250/uav_density_collision_smoke_20260715/results/4uav20gu/learned/globalcritic/seed45211/selected/seedbase982000,58.82563010510057,0.8667451913232203,0.10270561799299134,4.958277678461225,6.84774930364421,198331104.7688064,0.078125,,,0.078125,0.6689702679506674,234.21875,40000097.94057191,0.8686391267976077
end,0,uav_density,3,4,20,1500.0,1.7777777777777777,globalcritic,STARS-GC,learned,73129,selected,980000,64,64,uav_density_4uav_globalcritic_seed73129_selected_seedbase980000,/home/sgy/workspace/sagin_marl_phase4_learning_ablation/runs/phase4_learning_ablation/3uav20gu_t250/uav_density_collision_smoke_20260715/configs/4uav20gu/structured_joint_mcgae_3uav20gu_t250_global_only_critic.yaml,/home/sgy/workspace/sagin_marl_phase4_learning_ablation/runs/phase4_learning_ablation/3uav20gu_t250/global_only_critic/seed73129_20260712_124615_bootstrapgae_nocompile/best_checkpoint.pt,,/home/sgy/workspace/sagin_marl_phase4_learning_ablation/runs/phase4_learning_ablation/3uav20gu_t250/uav_density_collision_smoke_20260715/results/4uav20gu/learned/globalcritic/seed73129/selected/seedbase980000,30.9869504829403,0.6464440577277742,0.2818835504514898,8.324739397141515,16.116748960655663,332989571.954745,0.34375,,,0.328125,0.9858352311089785,210.5625,40000122.87840741,0.6468086982601032
end,0,uav_density,3,4,20,1500.0,1.7777777777777777,globalcritic,STARS-GC,learned,73129,selected,981000,64,64,uav_density_4uav_globalcritic_seed73129_selected_seedbase981000,/home/sgy/workspace/sagin_marl_phase4_learning_ablation/runs/phase4_learning_ablation/3uav20gu_t250/uav_density_collision_smoke_20260715/configs/4uav20gu/structured_joint_mcgae_3uav20gu_t250_global_only_critic.yaml,/home/sgy/workspace/sagin_marl_phase4_learning_ablation/runs/phase4_learning_ablation/3uav20gu_t250/global_only_critic/seed73129_20260712_124615_bootstrapgae_nocompile/best_checkpoint.pt,,/home/sgy/workspace/sagin_marl_phase4_learning_ablation/runs/phase4_learning_ablation/3uav20gu_t250/uav_density_collision_smoke_20260715/results/4uav20gu/learned/globalcritic/seed73129/selected/seedbase981000,32.495406774803996,0.6536024532368276,0.2718663079051897,7.873395824129769,15.259830993674306,314935829.095341,0.25,,,0.234375,0.9849655597616815,217.671875,39999946.403571405,0.654077719381852
end,0,uav_density,3,4,20,1500.0,1.7777777777777777,globalcritic,STARS-GC,learned,73129,selected,982000,64,64,uav_density_4uav_globalcritic_seed73129_selected_seedbase982000,/home/sgy/workspace/sagin_marl_phase4_learning_ablation/runs/phase4_learning_ablation/3uav20gu_t250/uav_density_collision_smoke_20260715/configs/4uav20gu/structured_joint_mcgae_3uav20gu_t250_global_only_critic.yaml,/home/sgy/workspace/sagin_marl_phase4_learning_ablation/runs/phase4_learning_ablation/3uav20gu_t250/global_only_critic/seed73129_20260712_124615_bootstrapgae_nocompile/best_checkpoint.pt,,/home/sgy/workspace/sagin_marl_phase4_learning_ablation/runs/phase4_learning_ablation/3uav20gu_t250/uav_density_collision_smoke_20260715/results/4uav20gu/learned/globalcritic/seed73129/selected/seedbase982000,31.51119517814368,0.6610786835522394,0.2763388098312001,8.134407168829664,14.958292679759587,325376282.91319406,0.28125,,,0.28125,0.986261854434782,209.453125,40000063.697042115,0.6614648328289638
end,0,uav_density,3,4,20,1500.0,1.7777777777777777,globalcritic,STARS-GC,learned,91457,selected,980000,64,64,uav_density_4uav_globalcritic_seed91457_selected_seedbase980000,/home/sgy/workspace/sagin_marl_phase4_learning_ablation/runs/phase4_learning_ablation/3uav20gu_t250/uav_density_collision_smoke_20260715/configs/4uav20gu/structured_joint_mcgae_3uav20gu_t250_global_only_critic.yaml,/home/sgy/workspace/sagin_marl_phase4_learning_ablation/runs/phase4_learning_ablation/3uav20gu_t250/global_only_critic/seed91457_20260712_124615_bootstrapgae_nocompile/best_checkpoint.pt,,/home/sgy/workspace/sagin_marl_phase4_learning_ablation/runs/phase4_learning_ablation/3uav20gu_t250/uav_density_collision_smoke_20260715/results/4uav20gu/learned/globalcritic/seed91457/selected/seedbase980000,26.784664130187593,0.5789465473044332,0.3318053496125471,9.443643204053632,22.173133566765557,377745787.31756943,0.484375,,,0.484375,0.7724504206348698,193.0625,40000185.10684791,0.5796210455872877
end,0,uav_density,3,4,20,1500.0,1.7777777777777777,globalcritic,STARS-GC,learned,91457,selected,981000,64,64,uav_density_4uav_globalcritic_seed91457_selected_seedbase981000,/home/sgy/workspace/sagin_marl_phase4_learning_ablation/runs/phase4_learning_ablation/3uav20gu_t250/uav_density_collision_smoke_20260715/configs/4uav20gu/structured_joint_mcgae_3uav20gu_t250_global_only_critic.yaml,/home/sgy/workspace/sagin_marl_phase4_learning_ablation/runs/phase4_learning_ablation/3uav20gu_t250/global_only_critic/seed91457_20260712_124615_bootstrapgae_nocompile/best_checkpoint.pt,,/home/sgy/workspace/sagin_marl_phase4_learning_ablation/runs/phase4_learning_ablation/3uav20gu_t250/uav_density_collision_smoke_20260715/results/4uav20gu/learned/globalcritic/seed91457/selected/seedbase981000,28.968914636352565,0.5952030656425611,0.33307566771975256,8.99483508800775,21.327588185909548,359793399.2618313,0.34375,,,0.34375,0.7775322306452004,208.875,39999946.771384284,0.5958968399208984
end,0,uav_density,3,4,20,1500.0,1.7777777777777777,globalcritic,STARS-GC,learned,91457,selected,982000,64,64,uav_density_4uav_globalcritic_seed91457_selected_seedbase982000,/home/sgy/workspace/sagin_marl_phase4_learning_ablation/runs/phase4_learning_ablation/3uav20gu_t250/uav_density_collision_smoke_20260715/configs/4uav20gu/structured_joint_mcgae_3uav20gu_t250_global_only_critic.yaml,/home/sgy/workspace/sagin_marl_phase4_learning_ablation/runs/phase4_learning_ablation/3uav20gu_t250/global_only_critic/seed91457_20260712_124615_bootstrapgae_nocompile/best_checkpoint.pt,,/home/sgy/workspace/sagin_marl_phase4_learning_ablation/runs/phase4_learning_ablation/3uav20gu_t250/uav_density_collision_smoke_20260715/results/4uav20gu/learned/globalcritic/seed91457/selected/seedbase982000,28.589783574454486,0.6116555586815435,0.3193094383895274,8.832856821458227,19.324640589302668,353314308.7301279,0.390625,,,0.390625,0.7681961403798776,200.875,40000124.11954692,0.6121240938017778
end,0,uav_density,3,4,20,1500.0,1.7777777777777777,cluster_center_queue_aware,QCCS,fixed,,fixed,980000,64,64,uav_density_4uav_cluster_center_queue_aware_fixed_seedbase980000,/home/sgy/workspace/sagin_marl_phase4_learning_ablation/runs/phase4_learning_ablation/3uav20gu_t250/uav_density_collision_smoke_20260715/configs/4uav20gu/structured_joint_mcgae_3uav20gu_t250_relational_critic.yaml,,cluster_center_queue_aware,/home/sgy/workspace/sagin_marl_phase4_learning_ablation/runs/phase4_learning_ablation/3uav20gu_t250/uav_density_collision_smoke_20260715/results/4uav20gu/fixed/cluster_center_queue_aware/seedbase980000,9.951896472484805,0.6234206104322565,0.18658251769094258,7.753109706746736,15.149719107335766,310124384.79624766,1.0,,,1.0,1.0,59.640625,40000072.29870489,0.635424449617779
end,0,uav_density,3,4,20,1500.0,1.7777777777777777,cluster_center_queue_aware,QCCS,fixed,,fixed,981000,64,64,uav_density_4uav_cluster_center_queue_aware_fixed_seedbase981000,/home/sgy/workspace/sagin_marl_phase4_learning_ablation/runs/phase4_learning_ablation/3uav20gu_t250/uav_density_collision_smoke_20260715/configs/4uav20gu/structured_joint_mcgae_3uav20gu_t250_relational_critic.yaml,,cluster_center_queue_aware,/home/sgy/workspace/sagin_marl_phase4_learning_ablation/runs/phase4_learning_ablation/3uav20gu_t250/uav_density_collision_smoke_20260715/results/4uav20gu/fixed/cluster_center_queue_aware/seedbase981000,9.737551881815307,0.6456873747898578,0.18442101097989888,6.713486487285281,13.016593565562328,268539456.2684998,1.0,,,1.0,1.0,56.421875,40000076.93769876,0.6526165861360177
end,0,uav_density,3,4,20,1500.0,1.7777777777777777,cluster_center_queue_aware,QCCS,fixed,,fixed,982000,64,64,uav_density_4uav_cluster_center_queue_aware_fixed_seedbase982000,/home/sgy/workspace/sagin_marl_phase4_learning_ablation/runs/phase4_learning_ablation/3uav20gu_t250/uav_density_collision_smoke_20260715/configs/4uav20gu/structured_joint_mcgae_3uav20gu_t250_relational_critic.yaml,,cluster_center_queue_aware,/home/sgy/workspace/sagin_marl_phase4_learning_ablation/runs/phase4_learning_ablation/3uav20gu_t250/uav_density_collision_smoke_20260715/results/4uav20gu/fixed/cluster_center_queue_aware/seedbase982000,9.904373452300206,0.6351434968607571,0.17967281597204893,7.3890200629967,14.699019798596236,295560798.9833579,1.0,,,1.0,1.0,58.5,40000197.91750826,0.6476138781496754
end,0,uav_density,3,4,20,1500.0,1.7777777777777777,maxweight_lyapunov,Lyapunov,fixed,,fixed,980000,64,64,uav_density_4uav_maxweight_lyapunov_fixed_seedbase980000,/home/sgy/workspace/sagin_marl_phase4_learning_ablation/runs/phase4_learning_ablation/3uav20gu_t250/uav_density_collision_smoke_20260715/configs/4uav20gu/structured_joint_mcgae_3uav20gu_t250_relational_critic.yaml,,maxweight_lyapunov,/home/sgy/workspace/sagin_marl_phase4_learning_ablation/runs/phase4_learning_ablation/3uav20gu_t250/uav_density_collision_smoke_20260715/results/4uav20gu/fixed/maxweight_lyapunov/seedbase980000,41.95875009242445,0.7873900819945847,0.16428205464544837,8.984673646514072,13.280749260014394,359386941.52962524,0.015625,,,0.015625,0.9887916667275128,246.109375,40000102.5295,0.7980706426186694
end,0,uav_density,3,4,20,1500.0,1.7777777777777777,maxweight_lyapunov,Lyapunov,fixed,,fixed,981000,64,64,uav_density_4uav_maxweight_lyapunov_fixed_seedbase981000,/home/sgy/workspace/sagin_marl_phase4_learning_ablation/runs/phase4_learning_ablation/3uav20gu_t250/uav_density_collision_smoke_20260715/configs/4uav20gu/structured_joint_mcgae_3uav20gu_t250_relational_critic.yaml,,maxweight_lyapunov,/home/sgy/workspace/sagin_marl_phase4_learning_ablation/runs/phase4_learning_ablation/3uav20gu_t250/uav_density_collision_smoke_20260715/results/4uav20gu/fixed/maxweight_lyapunov/seedbase981000,43.49507897964213,0.7808093045442365,0.18016228986374666,8.52270415345032,12.870444249614925,340908162.15262496,0.0,,,0.0,0.9901406250856812,250.0,40000021.49499999,0.7892231445820922
end,0,uav_density,3,4,20,1500.0,1.7777777777777777,maxweight_lyapunov,Lyapunov,fixed,,fixed,982000,64,64,uav_density_4uav_maxweight_lyapunov_fixed_seedbase982000,/home/sgy/workspace/sagin_marl_phase4_learning_ablation/runs/phase4_learning_ablation/3uav20gu_t250/uav_density_collision_smoke_20260715/configs/4uav20gu/structured_joint_mcgae_3uav20gu_t250_relational_critic.yaml,,maxweight_lyapunov,/home/sgy/workspace/sagin_marl_phase4_learning_ablation/runs/phase4_learning_ablation/3uav20gu_t250/uav_density_collision_smoke_20260715/results/4uav20gu/fixed/maxweight_lyapunov/seedbase982000,42.45330626470968,0.7802230611732194,0.18209296347267545,8.7650281468466,13.104309112769764,350601121.79980576,0.015625,,,0.015625,0.9887647338076668,249.015625,40000056.03494251,0.7880731213351347
end,0,uav_density,1,5,20,1500.0,2.2222222222222223,relcritic,STARS,learned,45211,selected,980000,64,64,uav_density_5uav_relcritic_seed45211_selected_seedbase980000,/home/sgy/workspace/sagin_marl_phase4_learning_ablation/runs/phase4_learning_ablation/3uav20gu_t250/uav_density_collision_smoke_20260715/configs/5uav20gu/structured_joint_mcgae_3uav20gu_t250_relational_critic.yaml,/home/sgy/workspace/sagin_marl_phase4_learning_ablation/runs/phase4_learning_ablation/3uav20gu_t250/relational_critic/seed45211_20260711_213639_bootstrapgae_nocompile/best_checkpoint.pt,,/home/sgy/workspace/sagin_marl_phase4_learning_ablation/runs/phase4_learning_ablation/3uav20gu_t250/uav_density_collision_smoke_20260715/results/5uav20gu/learned/relcritic/seed45211/selected/seedbase980000,52.08318371628411,0.8648553410758142,0.1041021148598761,5.095531505921552,7.4892698580820305,203821257.74960965,0.28125,,,0.265625,0.5005497660122067,225.546875,40000090.749852546,0.8669120187643732
end,0,uav_density,1,5,20,1500.0,2.2222222222222223,relcritic,STARS,learned,45211,selected,981000,64,64,uav_density_5uav_relcritic_seed45211_selected_seedbase981000,/home/sgy/workspace/sagin_marl_phase4_learning_ablation/runs/phase4_learning_ablation/3uav20gu_t250/uav_density_collision_smoke_20260715/configs/5uav20gu/structured_joint_mcgae_3uav20gu_t250_relational_critic.yaml,/home/sgy/workspace/sagin_marl_phase4_learning_ablation/runs/phase4_learning_ablation/3uav20gu_t250/relational_critic/seed45211_20260711_213639_bootstrapgae_nocompile/best_checkpoint.pt,,/home/sgy/workspace/sagin_marl_phase4_learning_ablation/runs/phase4_learning_ablation/3uav20gu_t250/uav_density_collision_smoke_20260715/results/5uav20gu/learned/relcritic/seed45211/selected/seedbase981000,51.44835456623696,0.8436527406751568,0.10999832671425451,4.807634856388688,6.963667900396859,192305391.86720866,0.25,,,0.25,0.514883138460828,223.546875,39999984.50848496,0.848510061853155
end,0,uav_density,1,5,20,1500.0,2.2222222222222223,relcritic,STARS,learned,45211,selected,982000,64,64,uav_density_5uav_relcritic_seed45211_selected_seedbase982000,/home/sgy/workspace/sagin_marl_phase4_learning_ablation/runs/phase4_learning_ablation/3uav20gu_t250/uav_density_collision_smoke_20260715/configs/5uav20gu/structured_joint_mcgae_3uav20gu_t250_relational_critic.yaml,/home/sgy/workspace/sagin_marl_phase4_learning_ablation/runs/phase4_learning_ablation/3uav20gu_t250/relational_critic/seed45211_20260711_213639_bootstrapgae_nocompile/best_checkpoint.pt,,/home/sgy/workspace/sagin_marl_phase4_learning_ablation/runs/phase4_learning_ablation/3uav20gu_t250/uav_density_collision_smoke_20260715/results/5uav20gu/learned/relcritic/seed45211/selected/seedbase982000,51.10472182719968,0.8478875266661712,0.11600153882973212,5.202642254682456,7.557719513745028,208105687.5612551,0.3125,,,0.3125,0.49561596390032553,224.28125,40000056.47624815,0.8494782483023687
end,0,uav_density,1,5,20,1500.0,2.2222222222222223,relcritic,STARS,learned,73129,selected,980000,64,64,uav_density_5uav_relcritic_seed73129_selected_seedbase980000,/home/sgy/workspace/sagin_marl_phase4_learning_ablation/runs/phase4_learning_ablation/3uav20gu_t250/uav_density_collision_smoke_20260715/configs/5uav20gu/structured_joint_mcgae_3uav20gu_t250_relational_critic.yaml,/home/sgy/workspace/sagin_marl_phase4_learning_ablation/runs/phase4_learning_ablation/3uav20gu_t250/relational_critic/seed73129_20260711_213639_bootstrapgae_nocompile/best_checkpoint.pt,,/home/sgy/workspace/sagin_marl_phase4_learning_ablation/runs/phase4_learning_ablation/3uav20gu_t250/uav_density_collision_smoke_20260715/results/5uav20gu/learned/relcritic/seed73129/selected/seedbase980000,39.12810099637136,0.8441063885556886,0.10364071135234408,4.96406513730284,7.1480752096612425,198562603.14410403,0.59375,,,0.59375,0.531442155193023,173.859375,39999953.27494661,0.8457408931941816
end,0,uav_density,1,5,20,1500.0,2.2222222222222223,relcritic,STARS,learned,73129,selected,981000,64,64,uav_density_5uav_relcritic_seed73129_selected_seedbase981000,/home/sgy/workspace/sagin_marl_phase4_learning_ablation/runs/phase4_learning_ablation/3uav20gu_t250/uav_density_collision_smoke_20260715/configs/5uav20gu/structured_joint_mcgae_3uav20gu_t250_relational_critic.yaml,/home/sgy/workspace/sagin_marl_phase4_learning_ablation/runs/phase4_learning_ablation/3uav20gu_t250/relational_critic/seed73129_20260711_213639_bootstrapgae_nocompile/best_checkpoint.pt,,/home/sgy/workspace/sagin_marl_phase4_learning_ablation/runs/phase4_learning_ablation/3uav20gu_t250/uav_density_collision_smoke_20260715/results/5uav20gu/learned/relcritic/seed73129/selected/seedbase981000,37.932604217203334,0.8528371883269432,0.09572408661489931,4.33910738651916,5.98812509803662,173564293.3060088,0.578125,,,0.578125,0.5373514335135795,175.375,40000168.289089,0.8551555799280409
end,0,uav_density,1,5,20,1500.0,2.2222222222222223,relcritic,STARS,learned,73129,selected,982000,64,64,uav_density_5uav_relcritic_seed73129_selected_seedbase982000,/home/sgy/workspace/sagin_marl_phase4_learning_ablation/runs/phase4_learning_ablation/3uav20gu_t250/uav_density_collision_smoke_20260715/configs/5uav20gu/structured_joint_mcgae_3uav20gu_t250_relational_critic.yaml,/home/sgy/workspace/sagin_marl_phase4_learning_ablation/runs/phase4_learning_ablation/3uav20gu_t250/relational_critic/seed73129_20260711_213639_bootstrapgae_nocompile/best_checkpoint.pt,,/home/sgy/workspace/sagin_marl_phase4_learning_ablation/runs/phase4_learning_ablation/3uav20gu_t250/uav_density_collision_smoke_20260715/results/5uav20gu/learned/relcritic/seed73129/selected/seedbase982000,41.24951058009174,0.8443369678568349,0.11998453039171052,4.7400187816596855,6.9038244756220735,189600749.01283577,0.5625,,,0.5625,0.532987660052943,185.75,40000094.19954145,0.8469569943256586
end,0,uav_density,1,5,20,1500.0,2.2222222222222223,relcritic,STARS,learned,91457,selected,980000,64,64,uav_density_5uav_relcritic_seed91457_selected_seedbase980000,/home/sgy/workspace/sagin_marl_phase4_learning_ablation/runs/phase4_learning_ablation/3uav20gu_t250/uav_density_collision_smoke_20260715/configs/5uav20gu/structured_joint_mcgae_3uav20gu_t250_relational_critic.yaml,/home/sgy/workspace/sagin_marl_phase4_learning_ablation/runs/phase4_learning_ablation/3uav20gu_t250/relational_critic/seed91457_20260712_124615_resume_u0400_bootstrapgae_nocompile/best_checkpoint.pt,,/home/sgy/workspace/sagin_marl_phase4_learning_ablation/runs/phase4_learning_ablation/3uav20gu_t250/uav_density_collision_smoke_20260715/results/5uav20gu/learned/relcritic/seed91457/selected/seedbase980000,43.72189734992571,0.8415745434349863,0.08681437168164693,5.8521713660485375,8.798635525640417,234086851.8908774,0.390625,,,0.390625,0.6567073793255517,197.5625,40000071.421668574,0.8523441203125406
end,0,uav_density,1,5,20,1500.0,2.2222222222222223,relcritic,STARS,learned,91457,selected,981000,64,64,uav_density_5uav_relcritic_seed91457_selected_seedbase981000,/home/sgy/workspace/sagin_marl_phase4_learning_ablation/runs/phase4_learning_ablation/3uav20gu_t250/uav_density_collision_smoke_20260715/configs/5uav20gu/structured_joint_mcgae_3uav20gu_t250_relational_critic.yaml,/home/sgy/workspace/sagin_marl_phase4_learning_ablation/runs/phase4_learning_ablation/3uav20gu_t250/relational_critic/seed91457_20260712_124615_resume_u0400_bootstrapgae_nocompile/best_checkpoint.pt,,/home/sgy/workspace/sagin_marl_phase4_learning_ablation/runs/phase4_learning_ablation/3uav20gu_t250/uav_density_collision_smoke_20260715/results/5uav20gu/learned/relcritic/seed91457/selected/seedbase981000,40.5973192891106,0.8565840439789318,0.08064241417876013,5.0667013247089505,7.025042917310513,202668050.52288136,0.46875,,,0.46875,0.6421808777492446,189.84375,40000036.593500696,0.8651288182765647
skip_existing,0,uav_density,1,5,20,1500.0,2.2222222222222223,relcritic,STARS,learned,91457,selected,982000,64,64,uav_density_5uav_relcritic_seed91457_selected_seedbase982000,/home/sgy/workspace/sagin_marl_phase4_learning_ablation/runs/phase4_learning_ablation/3uav20gu_t250/uav_density_collision_smoke_20260715/configs/5uav20gu/structured_joint_mcgae_3uav20gu_t250_relational_critic.yaml,/home/sgy/workspace/sagin_marl_phase4_learning_ablation/runs/phase4_learning_ablation/3uav20gu_t250/relational_critic/seed91457_20260712_124615_resume_u0400_bootstrapgae_nocompile/best_checkpoint.pt,,/home/sgy/workspace/sagin_marl_phase4_learning_ablation/runs/phase4_learning_ablation/3uav20gu_t250/uav_density_collision_smoke_20260715/results/5uav20gu/learned/relcritic/seed91457/selected/seedbase982000,43.49535878491588,0.8441563435133482,0.10607483313837598,5.7015056374788955,8.50513152804337,228060222.47234482,0.484375,,,0.484375,0.6444084212195788,203.015625,40000101.017315514,0.8536481535117254
end,0,uav_density,1,5,20,1500.0,2.2222222222222223,globalcritic,STARS-GC,learned,45211,selected,980000,64,64,uav_density_5uav_globalcritic_seed45211_selected_seedbase980000,/home/sgy/workspace/sagin_marl_phase4_learning_ablation/runs/phase4_learning_ablation/3uav20gu_t250/uav_density_collision_smoke_20260715/configs/5uav20gu/structured_joint_mcgae_3uav20gu_t250_global_only_critic.yaml,/home/sgy/workspace/sagin_marl_phase4_learning_ablation/runs/phase4_learning_ablation/3uav20gu_t250/global_only_critic/seed45211_20260712_124615_bootstrapgae_nocompile/best_checkpoint.pt,,/home/sgy/workspace/sagin_marl_phase4_learning_ablation/runs/phase4_learning_ablation/3uav20gu_t250/uav_density_collision_smoke_20260715/results/5uav20gu/learned/globalcritic/seed45211/selected/seedbase980000,46.916606770129874,0.8561862391674524,0.0907181077711952,6.034265975283914,7.968403806070318,241370636.2641519,0.296875,,,0.296875,0.6560254828218799,205.5625,40000069.98442984,0.8675305503183333
end,0,uav_density,1,5,20,1500.0,2.2222222222222223,globalcritic,STARS-GC,learned,45211,selected,981000,64,64,uav_density_5uav_globalcritic_seed45211_selected_seedbase981000,/home/sgy/workspace/sagin_marl_phase4_learning_ablation/runs/phase4_learning_ablation/3uav20gu_t250/uav_density_collision_smoke_20260715/configs/5uav20gu/structured_joint_mcgae_3uav20gu_t250_global_only_critic.yaml,/home/sgy/workspace/sagin_marl_phase4_learning_ablation/runs/phase4_learning_ablation/3uav20gu_t250/global_only_critic/seed45211_20260712_124615_bootstrapgae_nocompile/best_checkpoint.pt,,/home/sgy/workspace/sagin_marl_phase4_learning_ablation/runs/phase4_learning_ablation/3uav20gu_t250/uav_density_collision_smoke_20260715/results/5uav20gu/learned/globalcritic/seed45211/selected/seedbase981000,47.77002494269982,0.8495929520229564,0.08928236908937308,5.291148003886153,6.997663791886067,211645917.4078293,0.359375,,,0.34375,0.6419826604286328,203.859375,40000026.0365043,0.8628534571230575
end,0,uav_density,1,5,20,1500.0,2.2222222222222223,globalcritic,STARS-GC,learned,45211,selected,982000,64,64,uav_density_5uav_globalcritic_seed45211_selected_seedbase982000,/home/sgy/workspace/sagin_marl_phase4_learning_ablation/runs/phase4_learning_ablation/3uav20gu_t250/uav_density_collision_smoke_20260715/configs/5uav20gu/structured_joint_mcgae_3uav20gu_t250_global_only_critic.yaml,/home/sgy/workspace/sagin_marl_phase4_learning_ablation/runs/phase4_learning_ablation/3uav20gu_t250/global_only_critic/seed45211_20260712_124615_bootstrapgae_nocompile/best_checkpoint.pt,,/home/sgy/workspace/sagin_marl_phase4_learning_ablation/runs/phase4_learning_ablation/3uav20gu_t250/uav_density_collision_smoke_20260715/results/5uav20gu/learned/globalcritic/seed45211/selected/seedbase982000,48.855504730250686,0.8650734255742745,0.10166529154221257,5.862293380958463,7.626344185454605,234491732.27891967,0.234375,,,0.234375,0.6646724299618192,226.109375,40000047.386003785,0.875826915410577
end,0,uav_density,1,5,20,1500.0,2.2222222222222223,globalcritic,STARS-GC,learned,73129,selected,980000,64,64,uav_density_5uav_globalcritic_seed73129_selected_seedbase980000,/home/sgy/workspace/sagin_marl_phase4_learning_ablation/runs/phase4_learning_ablation/3uav20gu_t250/uav_density_collision_smoke_20260715/configs/5uav20gu/structured_joint_mcgae_3uav20gu_t250_global_only_critic.yaml,/home/sgy/workspace/sagin_marl_phase4_learning_ablation/runs/phase4_learning_ablation/3uav20gu_t250/global_only_critic/seed73129_20260712_124615_bootstrapgae_nocompile/best_checkpoint.pt,,/home/sgy/workspace/sagin_marl_phase4_learning_ablation/runs/phase4_learning_ablation/3uav20gu_t250/uav_density_collision_smoke_20260715/results/5uav20gu/learned/globalcritic/seed73129/selected/seedbase980000,23.51000896305777,0.603586045449851,0.2715299434619329,7.9021953653341,16.575177814169884,316087810.8335807,0.65625,,,0.65625,0.9909388934672281,157.875,40000088.19146536,0.6041607940901556
end,0,uav_density,1,5,20,1500.0,2.2222222222222223,globalcritic,STARS-GC,learned,73129,selected,981000,64,64,uav_density_5uav_globalcritic_seed73129_selected_seedbase981000,/home/sgy/workspace/sagin_marl_phase4_learning_ablation/runs/phase4_learning_ablation/3uav20gu_t250/uav_density_collision_smoke_20260715/configs/5uav20gu/structured_joint_mcgae_3uav20gu_t250_global_only_critic.yaml,/home/sgy/workspace/sagin_marl_phase4_learning_ablation/runs/phase4_learning_ablation/3uav20gu_t250/global_only_critic/seed73129_20260712_124615_bootstrapgae_nocompile/best_checkpoint.pt,,/home/sgy/workspace/sagin_marl_phase4_learning_ablation/runs/phase4_learning_ablation/3uav20gu_t250/uav_density_collision_smoke_20260715/results/5uav20gu/learned/globalcritic/seed73129/selected/seedbase981000,20.0283275868278,0.590552568791517,0.24785087010992324,7.215685208155789,14.380896906459236,288627404.9170775,0.765625,,,0.765625,0.9935948596006423,132.28125,40000076.28871632,0.5912279302012663
end,0,uav_density,1,5,20,1500.0,2.2222222222222223,globalcritic,STARS-GC,learned,73129,selected,982000,64,64,uav_density_5uav_globalcritic_seed73129_selected_seedbase982000,/home/sgy/workspace/sagin_marl_phase4_learning_ablation/runs/phase4_learning_ablation/3uav20gu_t250/uav_density_collision_smoke_20260715/configs/5uav20gu/structured_joint_mcgae_3uav20gu_t250_global_only_critic.yaml,/home/sgy/workspace/sagin_marl_phase4_learning_ablation/runs/phase4_learning_ablation/3uav20gu_t250/global_only_critic/seed73129_20260712_124615_bootstrapgae_nocompile/best_checkpoint.pt,,/home/sgy/workspace/sagin_marl_phase4_learning_ablation/runs/phase4_learning_ablation/3uav20gu_t250/uav_density_collision_smoke_20260715/results/5uav20gu/learned/globalcritic/seed73129/selected/seedbase982000,24.192398283048533,0.6225066959960152,0.2943273356256897,7.8825256948527835,15.28285459113906,315301023.8767182,0.671875,,,0.671875,0.992563386882649,160.71875,40000105.591453485,0.6236216600441087
end,0,uav_density,1,5,20,1500.0,2.2222222222222223,globalcritic,STARS-GC,learned,91457,selected,980000,64,64,uav_density_5uav_globalcritic_seed91457_selected_seedbase980000,/home/sgy/workspace/sagin_marl_phase4_learning_ablation/runs/phase4_learning_ablation/3uav20gu_t250/uav_density_collision_smoke_20260715/configs/5uav20gu/structured_joint_mcgae_3uav20gu_t250_global_only_critic.yaml,/home/sgy/workspace/sagin_marl_phase4_learning_ablation/runs/phase4_learning_ablation/3uav20gu_t250/global_only_critic/seed91457_20260712_124615_bootstrapgae_nocompile/best_checkpoint.pt,,/home/sgy/workspace/sagin_marl_phase4_learning_ablation/runs/phase4_learning_ablation/3uav20gu_t250/uav_density_collision_smoke_20260715/results/5uav20gu/learned/globalcritic/seed91457/selected/seedbase980000,18.27390883816406,0.5536025210500196,0.3259217532058937,8.676873797182152,21.93079146138728,347075033.33649844,0.828125,,,0.828125,0.7811235772087443,130.015625,40000056.57473443,0.5547162317927259
end,0,uav_density,1,5,20,1500.0,2.2222222222222223,globalcritic,STARS-GC,learned,91457,selected,981000,64,64,uav_density_5uav_globalcritic_seed91457_selected_seedbase981000,/home/sgy/workspace/sagin_marl_phase4_learning_ablation/runs/phase4_learning_ablation/3uav20gu_t250/uav_density_collision_smoke_20260715/configs/5uav20gu/structured_joint_mcgae_3uav20gu_t250_global_only_critic.yaml,/home/sgy/workspace/sagin_marl_phase4_learning_ablation/runs/phase4_learning_ablation/3uav20gu_t250/global_only_critic/seed91457_20260712_124615_bootstrapgae_nocompile/best_checkpoint.pt,,/home/sgy/workspace/sagin_marl_phase4_learning_ablation/runs/phase4_learning_ablation/3uav20gu_t250/uav_density_collision_smoke_20260715/results/5uav20gu/learned/globalcritic/seed91457/selected/seedbase981000,17.689058361342177,0.5531063554285534,0.30663800476110376,7.942806388913255,19.189727983867332,317712329.5243782,0.875,,,0.875,0.7929589098060483,124.3125,40000046.64930055,0.5539636146962603
end,0,uav_density,1,5,20,1500.0,2.2222222222222223,globalcritic,STARS-GC,learned,91457,selected,982000,64,64,uav_density_5uav_globalcritic_seed91457_selected_seedbase982000,/home/sgy/workspace/sagin_marl_phase4_learning_ablation/runs/phase4_learning_ablation/3uav20gu_t250/uav_density_collision_smoke_20260715/configs/5uav20gu/structured_joint_mcgae_3uav20gu_t250_global_only_critic.yaml,/home/sgy/workspace/sagin_marl_phase4_learning_ablation/runs/phase4_learning_ablation/3uav20gu_t250/global_only_critic/seed91457_20260712_124615_bootstrapgae_nocompile/best_checkpoint.pt,,/home/sgy/workspace/sagin_marl_phase4_learning_ablation/runs/phase4_learning_ablation/3uav20gu_t250/uav_density_collision_smoke_20260715/results/5uav20gu/learned/globalcritic/seed91457/selected/seedbase982000,19.424227148876525,0.5758085913557914,0.31573368631418547,8.215171200339116,19.28436041103998,328606876.11053765,0.84375,,,0.84375,0.7755177160280953,134.890625,40000234.81372023,0.5767590433277147
end,0,uav_density,1,5,20,1500.0,2.2222222222222223,cluster_center_queue_aware,QCCS,fixed,,fixed,980000,64,64,uav_density_5uav_cluster_center_queue_aware_fixed_seedbase980000,/home/sgy/workspace/sagin_marl_phase4_learning_ablation/runs/phase4_learning_ablation/3uav20gu_t250/uav_density_collision_smoke_20260715/configs/5uav20gu/structured_joint_mcgae_3uav20gu_t250_relational_critic.yaml,,cluster_center_queue_aware,/home/sgy/workspace/sagin_marl_phase4_learning_ablation/runs/phase4_learning_ablation/3uav20gu_t250/uav_density_collision_smoke_20260715/results/5uav20gu/fixed/cluster_center_queue_aware/seedbase980000,7.634967839228921,0.5610279312195332,0.17695986745322337,7.447729289325738,15.309020390981019,297909168.12581956,1.0,,,1.0,1.0,45.609375,40000091.18534253,0.5785695428435262
end,0,uav_density,1,5,20,1500.0,2.2222222222222223,cluster_center_queue_aware,QCCS,fixed,,fixed,981000,64,64,uav_density_5uav_cluster_center_queue_aware_fixed_seedbase981000,/home/sgy/workspace/sagin_marl_phase4_learning_ablation/runs/phase4_learning_ablation/3uav20gu_t250/uav_density_collision_smoke_20260715/configs/5uav20gu/structured_joint_mcgae_3uav20gu_t250_relational_critic.yaml,,cluster_center_queue_aware,/home/sgy/workspace/sagin_marl_phase4_learning_ablation/runs/phase4_learning_ablation/3uav20gu_t250/uav_density_collision_smoke_20260715/results/5uav20gu/fixed/cluster_center_queue_aware/seedbase981000,7.305189430131577,0.6022848897051787,0.157010311684967,6.263736796642371,12.199378433274303,250549468.90908617,1.0,,,1.0,0.9987092392073702,41.75,40000225.86188582,0.6233925470323288
end,0,uav_density,1,5,20,1500.0,2.2222222222222223,cluster_center_queue_aware,QCCS,fixed,,fixed,982000,64,64,uav_density_5uav_cluster_center_queue_aware_fixed_seedbase982000,/home/sgy/workspace/sagin_marl_phase4_learning_ablation/runs/phase4_learning_ablation/3uav20gu_t250/uav_density_collision_smoke_20260715/configs/5uav20gu/structured_joint_mcgae_3uav20gu_t250_relational_critic.yaml,,cluster_center_queue_aware,/home/sgy/workspace/sagin_marl_phase4_learning_ablation/runs/phase4_learning_ablation/3uav20gu_t250/uav_density_collision_smoke_20260715/results/5uav20gu/fixed/cluster_center_queue_aware/seedbase982000,8.066064288374037,0.6012783102295075,0.1676716309293925,6.898894209205343,13.565868158662422,275955765.24372745,1.0,,,1.0,0.9984669812234506,46.84375,40000070.90437274,0.6255331063872427
end,0,uav_density,1,5,20,1500.0,2.2222222222222223,maxweight_lyapunov,Lyapunov,fixed,,fixed,980000,64,64,uav_density_5uav_maxweight_lyapunov_fixed_seedbase980000,/home/sgy/workspace/sagin_marl_phase4_learning_ablation/runs/phase4_learning_ablation/3uav20gu_t250/uav_density_collision_smoke_20260715/configs/5uav20gu/structured_joint_mcgae_3uav20gu_t250_relational_critic.yaml,,maxweight_lyapunov,/home/sgy/workspace/sagin_marl_phase4_learning_ablation/runs/phase4_learning_ablation/3uav20gu_t250/uav_density_collision_smoke_20260715/results/5uav20gu/fixed/maxweight_lyapunov/seedbase980000,34.41874570515938,0.7435444251279744,0.18762285696700495,9.821202787718741,15.062902989570544,392848106.77379435,0.484375,,,0.484375,0.9944324675481114,210.234375,40000053.31577927,0.7729540814411135
end,0,uav_density,1,5,20,1500.0,2.2222222222222223,maxweight_lyapunov,Lyapunov,fixed,,fixed,981000,64,64,uav_density_5uav_maxweight_lyapunov_fixed_seedbase981000,/home/sgy/workspace/sagin_marl_phase4_learning_ablation/runs/phase4_learning_ablation/3uav20gu_t250/uav_density_collision_smoke_20260715/configs/5uav20gu/structured_joint_mcgae_3uav20gu_t250_relational_critic.yaml,,maxweight_lyapunov,/home/sgy/workspace/sagin_marl_phase4_learning_ablation/runs/phase4_learning_ablation/3uav20gu_t250/uav_density_collision_smoke_20260715/results/5uav20gu/fixed/maxweight_lyapunov/seedbase981000,32.622021067654714,0.7474018855011659,0.17745765239405947,8.646031134897777,13.240232961044631,345841241.39355665,0.5,,,0.5,0.9947803993236746,195.5625,40000110.11675678,0.7674963028390316
end,0,uav_density,1,5,20,1500.0,2.2222222222222223,maxweight_lyapunov,Lyapunov,fixed,,fixed,982000,64,64,uav_density_5uav_maxweight_lyapunov_fixed_seedbase982000,/home/sgy/workspace/sagin_marl_phase4_learning_ablation/runs/phase4_learning_ablation/3uav20gu_t250/uav_density_collision_smoke_20260715/configs/5uav20gu/structured_joint_mcgae_3uav20gu_t250_relational_critic.yaml,,maxweight_lyapunov,/home/sgy/workspace/sagin_marl_phase4_learning_ablation/runs/phase4_learning_ablation/3uav20gu_t250/uav_density_collision_smoke_20260715/results/5uav20gu/fixed/maxweight_lyapunov/seedbase982000,33.77928800380323,0.7454443687374881,0.19571933589349189,9.413835923942132,14.269285356683863,376553432.5833737,0.421875,,,0.421875,0.9957154376076903,205.765625,40000102.28462735,0.7663763017293848
end,0,uav_density,2,6,20,1500.0,2.6666666666666665,relcritic,STARS,learned,45211,selected,980000,64,64,uav_density_6uav_relcritic_seed45211_selected_seedbase980000,/home/sgy/workspace/sagin_marl_phase4_learning_ablation/runs/phase4_learning_ablation/3uav20gu_t250/uav_density_collision_smoke_20260715/configs/6uav20gu/structured_joint_mcgae_3uav20gu_t250_relational_critic.yaml,/home/sgy/workspace/sagin_marl_phase4_learning_ablation/runs/phase4_learning_ablation/3uav20gu_t250/relational_critic/seed45211_20260711_213639_bootstrapgae_nocompile/best_checkpoint.pt,,/home/sgy/workspace/sagin_marl_phase4_learning_ablation/runs/phase4_learning_ablation/3uav20gu_t250/uav_density_collision_smoke_20260715/results/6uav20gu/learned/relcritic/seed45211/selected/seedbase980000,45.31091735325754,0.841321431727255,0.10638512046183843,4.822721493501156,7.165456444530717,192908857.43702257,0.578125,,,0.578125,0.5279339251997105,191.0,40000088.80434503,0.8462045371907705
end,0,uav_density,2,6,20,1500.0,2.6666666666666665,relcritic,STARS,learned,45211,selected,981000,64,64,uav_density_6uav_relcritic_seed45211_selected_seedbase981000,/home/sgy/workspace/sagin_marl_phase4_learning_ablation/runs/phase4_learning_ablation/3uav20gu_t250/uav_density_collision_smoke_20260715/configs/6uav20gu/structured_joint_mcgae_3uav20gu_t250_relational_critic.yaml,/home/sgy/workspace/sagin_marl_phase4_learning_ablation/runs/phase4_learning_ablation/3uav20gu_t250/relational_critic/seed45211_20260711_213639_bootstrapgae_nocompile/best_checkpoint.pt,,/home/sgy/workspace/sagin_marl_phase4_learning_ablation/runs/phase4_learning_ablation/3uav20gu_t250/uav_density_collision_smoke_20260715/results/6uav20gu/learned/relcritic/seed45211/selected/seedbase981000,39.18988755252212,0.8176848958670685,0.1223969790057419,5.019004470269731,7.5981671077457404,200760176.3411516,0.59375,,,0.59375,0.5437546361685291,186.4375,40000053.36058359,0.8277243540270569
end,0,uav_density,2,6,20,1500.0,2.6666666666666665,relcritic,STARS,learned,45211,selected,982000,64,64,uav_density_6uav_relcritic_seed45211_selected_seedbase982000,/home/sgy/workspace/sagin_marl_phase4_learning_ablation/runs/phase4_learning_ablation/3uav20gu_t250/uav_density_collision_smoke_20260715/configs/6uav20gu/structured_joint_mcgae_3uav20gu_t250_relational_critic.yaml,/home/sgy/workspace/sagin_marl_phase4_learning_ablation/runs/phase4_learning_ablation/3uav20gu_t250/relational_critic/seed45211_20260711_213639_bootstrapgae_nocompile/best_checkpoint.pt,,/home/sgy/workspace/sagin_marl_phase4_learning_ablation/runs/phase4_learning_ablation/3uav20gu_t250/uav_density_collision_smoke_20260715/results/6uav20gu/learned/relcritic/seed45211/selected/seedbase982000,42.2708301874809,0.8311966461905312,0.12479179340548759,5.259671664697829,7.738018368802945,210386863.97558817,0.578125,,,0.578125,0.5307211888179267,195.21875,40000099.30122315,0.8332807927722492
end,0,uav_density,2,6,20,1500.0,2.6666666666666665,relcritic,STARS,learned,73129,selected,980000,64,64,uav_density_6uav_relcritic_seed73129_selected_seedbase980000,/home/sgy/workspace/sagin_marl_phase4_learning_ablation/runs/phase4_learning_ablation/3uav20gu_t250/uav_density_collision_smoke_20260715/configs/6uav20gu/structured_joint_mcgae_3uav20gu_t250_relational_critic.yaml,/home/sgy/workspace/sagin_marl_phase4_learning_ablation/runs/phase4_learning_ablation/3uav20gu_t250/relational_critic/seed73129_20260711_213639_bootstrapgae_nocompile/best_checkpoint.pt,,/home/sgy/workspace/sagin_marl_phase4_learning_ablation/runs/phase4_learning_ablation/3uav20gu_t250/uav_density_collision_smoke_20260715/results/6uav20gu/learned/relcritic/seed73129/selected/seedbase980000,27.234397331019863,0.8371727561166383,0.09104162318046928,4.6201207796763,6.482091105229961,184804828.97281775,0.890625,,,0.890625,0.5454075462472131,128.15625,39999974.19580608,0.8391623664948612
end,0,uav_density,2,6,20,1500.0,2.6666666666666665,relcritic,STARS,learned,73129,selected,981000,64,64,uav_density_6uav_relcritic_seed73129_selected_seedbase981000,/home/sgy/workspace/sagin_marl_phase4_learning_ablation/runs/phase4_learning_ablation/3uav20gu_t250/uav_density_collision_smoke_20260715/configs/6uav20gu/structured_joint_mcgae_3uav20gu_t250_relational_critic.yaml,/home/sgy/workspace/sagin_marl_phase4_learning_ablation/runs/phase4_learning_ablation/3uav20gu_t250/relational_critic/seed73129_20260711_213639_bootstrapgae_nocompile/best_checkpoint.pt,,/home/sgy/workspace/sagin_marl_phase4_learning_ablation/runs/phase4_learning_ablation/3uav20gu_t250/uav_density_collision_smoke_20260715/results/6uav20gu/learned/relcritic/seed73129/selected/seedbase981000,23.016715477220714,0.8014778221482404,0.10088462206199157,4.534697719017921,6.958534517923305,181387906.58551723,0.953125,,,0.953125,0.545064396357248,111.109375,40000134.00603368,0.8093276982356534
end,0,uav_density,2,6,20,1500.0,2.6666666666666665,relcritic,STARS,learned,73129,selected,982000,64,64,uav_density_6uav_relcritic_seed73129_selected_seedbase982000,/home/sgy/workspace/sagin_marl_phase4_learning_ablation/runs/phase4_learning_ablation/3uav20gu_t250/uav_density_collision_smoke_20260715/configs/6uav20gu/structured_joint_mcgae_3uav20gu_t250_relational_critic.yaml,/home/sgy/workspace/sagin_marl_phase4_learning_ablation/runs/phase4_learning_ablation/3uav20gu_t250/relational_critic/seed73129_20260711_213639_bootstrapgae_nocompile/best_checkpoint.pt,,/home/sgy/workspace/sagin_marl_phase4_learning_ablation/runs/phase4_learning_ablation/3uav20gu_t250/uav_density_collision_smoke_20260715/results/6uav20gu/learned/relcritic/seed73129/selected/seedbase982000,25.63454407104291,0.8170076856038763,0.1177910963412448,4.862930923283915,7.16096927804819,194517234.67628866,0.890625,,,0.890625,0.5445057821711892,124.875,40000136.99363529,0.8193698338459371
end,0,uav_density,2,6,20,1500.0,2.6666666666666665,relcritic,STARS,learned,91457,selected,980000,64,64,uav_density_6uav_relcritic_seed91457_selected_seedbase980000,/home/sgy/workspace/sagin_marl_phase4_learning_ablation/runs/phase4_learning_ablation/3uav20gu_t250/uav_density_collision_smoke_20260715/configs/6uav20gu/structured_joint_mcgae_3uav20gu_t250_relational_critic.yaml,/home/sgy/workspace/sagin_marl_phase4_learning_ablation/runs/phase4_learning_ablation/3uav20gu_t250/relational_critic/seed91457_20260712_124615_resume_u0400_bootstrapgae_nocompile/best_checkpoint.pt,,/home/sgy/workspace/sagin_marl_phase4_learning_ablation/runs/phase4_learning_ablation/3uav20gu_t250/uav_density_collision_smoke_20260715/results/6uav20gu/learned/relcritic/seed91457/selected/seedbase980000,35.52090037125163,0.8174101957307911,0.09849473861770278,5.484169517749559,8.797159049768673,219366778.00418532,0.765625,,,0.765625,0.6861678649790295,162.1875,40000115.6524269,0.8283015567495643
end,0,uav_density,2,6,20,1500.0,2.6666666666666665,relcritic,STARS,learned,91457,selected,981000,64,64,uav_density_6uav_relcritic_seed91457_selected_seedbase981000,/home/sgy/workspace/sagin_marl_phase4_learning_ablation/runs/phase4_learning_ablation/3uav20gu_t250/uav_density_collision_smoke_20260715/configs/6uav20gu/structured_joint_mcgae_3uav20gu_t250_relational_critic.yaml,/home/sgy/workspace/sagin_marl_phase4_learning_ablation/runs/phase4_learning_ablation/3uav20gu_t250/relational_critic/seed91457_20260712_124615_resume_u0400_bootstrapgae_nocompile/best_checkpoint.pt,,/home/sgy/workspace/sagin_marl_phase4_learning_ablation/runs/phase4_learning_ablation/3uav20gu_t250/uav_density_collision_smoke_20260715/results/6uav20gu/learned/relcritic/seed91457/selected/seedbase981000,30.499579313909635,0.82752986739568,0.08988903460968545,5.377597689828661,8.104346404282724,215103904.97757906,0.796875,,,0.796875,0.6800199854921436,148.890625,40000053.593356125,0.8445295013403272
end,0,uav_density,2,6,20,1500.0,2.6666666666666665,relcritic,STARS,learned,91457,selected,982000,64,64,uav_density_6uav_relcritic_seed91457_selected_seedbase982000,/home/sgy/workspace/sagin_marl_phase4_learning_ablation/runs/phase4_learning_ablation/3uav20gu_t250/uav_density_collision_smoke_20260715/configs/6uav20gu/structured_joint_mcgae_3uav20gu_t250_relational_critic.yaml,/home/sgy/workspace/sagin_marl_phase4_learning_ablation/runs/phase4_learning_ablation/3uav20gu_t250/relational_critic/seed91457_20260712_124615_resume_u0400_bootstrapgae_nocompile/best_checkpoint.pt,,/home/sgy/workspace/sagin_marl_phase4_learning_ablation/runs/phase4_learning_ablation/3uav20gu_t250/uav_density_collision_smoke_20260715/results/6uav20gu/learned/relcritic/seed91457/selected/seedbase982000,29.755151715828106,0.8059308521893058,0.12129873667554276,5.74740589549291,8.881806126191837,229896232.9934819,0.828125,,,0.828125,0.6856218354947182,146.453125,40000112.19509054,0.816215240045478
end,0,uav_density,2,6,20,1500.0,2.6666666666666665,globalcritic,STARS-GC,learned,45211,selected,980000,64,64,uav_density_6uav_globalcritic_seed45211_selected_seedbase980000,/home/sgy/workspace/sagin_marl_phase4_learning_ablation/runs/phase4_learning_ablation/3uav20gu_t250/uav_density_collision_smoke_20260715/configs/6uav20gu/structured_joint_mcgae_3uav20gu_t250_global_only_critic.yaml,/home/sgy/workspace/sagin_marl_phase4_learning_ablation/runs/phase4_learning_ablation/3uav20gu_t250/global_only_critic/seed45211_20260712_124615_bootstrapgae_nocompile/best_checkpoint.pt,,/home/sgy/workspace/sagin_marl_phase4_learning_ablation/runs/phase4_learning_ablation/3uav20gu_t250/uav_density_collision_smoke_20260715/results/6uav20gu/learned/globalcritic/seed45211/selected/seedbase980000,37.391377185005695,0.8484165527637064,0.08592228779617155,6.130624468328859,8.072170674067282,245224975.93796656,0.546875,,,0.546875,0.6476441526172649,172.875,40000168.949849516,0.8704237219702233
end,0,uav_density,2,6,20,1500.0,2.6666666666666665,globalcritic,STARS-GC,learned,45211,selected,981000,64,64,uav_density_6uav_globalcritic_seed45211_selected_seedbase981000,/home/sgy/workspace/sagin_marl_phase4_learning_ablation/runs/phase4_learning_ablation/3uav20gu_t250/uav_density_collision_smoke_20260715/configs/6uav20gu/structured_joint_mcgae_3uav20gu_t250_global_only_critic.yaml,/home/sgy/workspace/sagin_marl_phase4_learning_ablation/runs/phase4_learning_ablation/3uav20gu_t250/global_only_critic/seed45211_20260712_124615_bootstrapgae_nocompile/best_checkpoint.pt,,/home/sgy/workspace/sagin_marl_phase4_learning_ablation/runs/phase4_learning_ablation/3uav20gu_t250/uav_density_collision_smoke_20260715/results/6uav20gu/learned/globalcritic/seed45211/selected/seedbase981000,34.05946190608665,0.8220562828014863,0.09694007555246621,5.694288434427708,7.825598695492947,227771534.48297355,0.734375,,,0.734375,0.6434448868481605,156.75,40000005.531301394,0.8470641815498108
end,0,uav_density,2,6,20,1500.0,2.6666666666666665,globalcritic,STARS-GC,learned,45211,selected,982000,64,64,uav_density_6uav_globalcritic_seed45211_selected_seedbase982000,/home/sgy/workspace/sagin_marl_phase4_learning_ablation/runs/phase4_learning_ablation/3uav20gu_t250/uav_density_collision_smoke_20260715/configs/6uav20gu/structured_joint_mcgae_3uav20gu_t250_global_only_critic.yaml,/home/sgy/workspace/sagin_marl_phase4_learning_ablation/runs/phase4_learning_ablation/3uav20gu_t250/global_only_critic/seed45211_20260712_124615_bootstrapgae_nocompile/best_checkpoint.pt,,/home/sgy/workspace/sagin_marl_phase4_learning_ablation/runs/phase4_learning_ablation/3uav20gu_t250/uav_density_collision_smoke_20260715/results/6uav20gu/learned/globalcritic/seed45211/selected/seedbase982000,36.895483122207224,0.8320278852250594,0.11190046357171306,6.357375854751252,8.589831647060523,254295031.1823116,0.5625,,,0.546875,0.6458245841920529,178.71875,40000096.892324455,0.8548952182662294
end,0,uav_density,2,6,20,1500.0,2.6666666666666665,globalcritic,STARS-GC,learned,73129,selected,980000,64,64,uav_density_6uav_globalcritic_seed73129_selected_seedbase980000,/home/sgy/workspace/sagin_marl_phase4_learning_ablation/runs/phase4_learning_ablation/3uav20gu_t250/uav_density_collision_smoke_20260715/configs/6uav20gu/structured_joint_mcgae_3uav20gu_t250_global_only_critic.yaml,/home/sgy/workspace/sagin_marl_phase4_learning_ablation/runs/phase4_learning_ablation/3uav20gu_t250/global_only_critic/seed73129_20260712_124615_bootstrapgae_nocompile/best_checkpoint.pt,,/home/sgy/workspace/sagin_marl_phase4_learning_ablation/runs/phase4_learning_ablation/3uav20gu_t250/uav_density_collision_smoke_20260715/results/6uav20gu/learned/globalcritic/seed73129/selected/seedbase980000,13.257892275229096,0.5895802560640742,0.2437728664389389,7.092287775910609,13.795886002924057,283691507.6243227,0.984375,,,0.984375,0.9989229752605729,85.78125,40000036.18224848,0.5902743072190266
end,0,uav_density,2,6,20,1500.0,2.6666666666666665,globalcritic,STARS-GC,learned,73129,selected,981000,64,64,uav_density_6uav_globalcritic_seed73129_selected_seedbase981000,/home/sgy/workspace/sagin_marl_phase4_learning_ablation/runs/phase4_learning_ablation/3uav20gu_t250/uav_density_collision_smoke_20260715/configs/6uav20gu/structured_joint_mcgae_3uav20gu_t250_global_only_critic.yaml,/home/sgy/workspace/sagin_marl_phase4_learning_ablation/runs/phase4_learning_ablation/3uav20gu_t250/global_only_critic/seed73129_20260712_124615_bootstrapgae_nocompile/best_checkpoint.pt,,/home/sgy/workspace/sagin_marl_phase4_learning_ablation/runs/phase4_learning_ablation/3uav20gu_t250/uav_density_collision_smoke_20260715/results/6uav20gu/learned/globalcritic/seed73129/selected/seedbase981000,14.71465386566706,0.5742575313162024,0.24686672611340907,6.9255450825932705,13.531725968759984,277021800.3153928,0.921875,,,0.921875,0.9980611331829101,94.921875,40000095.77984602,0.5756550964238943
end,0,uav_density,2,6,20,1500.0,2.6666666666666665,globalcritic,STARS-GC,learned,73129,selected,982000,64,64,uav_density_6uav_globalcritic_seed73129_selected_seedbase982000,/home/sgy/workspace/sagin_marl_phase4_learning_ablation/runs/phase4_learning_ablation/3uav20gu_t250/uav_density_collision_smoke_20260715/configs/6uav20gu/structured_joint_mcgae_3uav20gu_t250_global_only_critic.yaml,/home/sgy/workspace/sagin_marl_phase4_learning_ablation/runs/phase4_learning_ablation/3uav20gu_t250/global_only_critic/seed73129_20260712_124615_bootstrapgae_nocompile/best_checkpoint.pt,,/home/sgy/workspace/sagin_marl_phase4_learning_ablation/runs/phase4_learning_ablation/3uav20gu_t250/uav_density_collision_smoke_20260715/results/6uav20gu/learned/globalcritic/seed73129/selected/seedbase982000,14.439368398860097,0.600204893652802,0.2741241143359238,7.329924730727857,14.440511639453332,293196985.8096055,0.984375,,,0.984375,0.9993217443723155,93.5,40000189.039650306,0.6015318644304505
end,0,uav_density,2,6,20,1500.0,2.6666666666666665,globalcritic,STARS-GC,learned,91457,selected,980000,64,64,uav_density_6uav_globalcritic_seed91457_selected_seedbase980000,/home/sgy/workspace/sagin_marl_phase4_learning_ablation/runs/phase4_learning_ablation/3uav20gu_t250/uav_density_collision_smoke_20260715/configs/6uav20gu/structured_joint_mcgae_3uav20gu_t250_global_only_critic.yaml,/home/sgy/workspace/sagin_marl_phase4_learning_ablation/runs/phase4_learning_ablation/3uav20gu_t250/global_only_critic/seed91457_20260712_124615_bootstrapgae_nocompile/best_checkpoint.pt,,/home/sgy/workspace/sagin_marl_phase4_learning_ablation/runs/phase4_learning_ablation/3uav20gu_t250/uav_density_collision_smoke_20260715/results/6uav20gu/learned/globalcritic/seed91457/selected/seedbase980000,12.587150370352902,0.5632991636596831,0.27571695479210423,7.768050149840466,18.61974305660695,310722002.47276795,1.0,,,1.0,0.7874650464138735,85.203125,40000040.428729296,0.5642897335945611
end,0,uav_density,2,6,20,1500.0,2.6666666666666665,globalcritic,STARS-GC,learned,91457,selected,981000,64,64,uav_density_6uav_globalcritic_seed91457_selected_seedbase981000,/home/sgy/workspace/sagin_marl_phase4_learning_ablation/runs/phase4_learning_ablation/3uav20gu_t250/uav_density_collision_smoke_20260715/configs/6uav20gu/structured_joint_mcgae_3uav20gu_t250_global_only_critic.yaml,/home/sgy/workspace/sagin_marl_phase4_learning_ablation/runs/phase4_learning_ablation/3uav20gu_t250/global_only_critic/seed91457_20260712_124615_bootstrapgae_nocompile/best_checkpoint.pt,,/home/sgy/workspace/sagin_marl_phase4_learning_ablation/runs/phase4_learning_ablation/3uav20gu_t250/uav_density_collision_smoke_20260715/results/6uav20gu/learned/globalcritic/seed91457/selected/seedbase981000,11.817046949639916,0.5466038884218225,0.26189715235195465,7.309161801650934,17.481053868205137,292366584.5677704,0.984375,,,0.984375,0.8012521026943265,80.171875,40000079.536406934,0.5511598905813268
end,0,uav_density,2,6,20,1500.0,2.6666666666666665,globalcritic,STARS-GC,learned,91457,selected,982000,64,64,uav_density_6uav_globalcritic_seed91457_selected_seedbase982000,/home/sgy/workspace/sagin_marl_phase4_learning_ablation/runs/phase4_learning_ablation/3uav20gu_t250/uav_density_collision_smoke_20260715/configs/6uav20gu/structured_joint_mcgae_3uav20gu_t250_global_only_critic.yaml,/home/sgy/workspace/sagin_marl_phase4_learning_ablation/runs/phase4_learning_ablation/3uav20gu_t250/global_only_critic/seed91457_20260712_124615_bootstrapgae_nocompile/best_checkpoint.pt,,/home/sgy/workspace/sagin_marl_phase4_learning_ablation/runs/phase4_learning_ablation/3uav20gu_t250/uav_density_collision_smoke_20260715/results/6uav20gu/learned/globalcritic/seed91457/selected/seedbase982000,11.383468779851682,0.5771784681874448,0.26280158201493314,7.2080502034764615,17.745448612378436,288322331.0703118,1.0,,,1.0,0.7878865763286104,74.109375,40000192.14345863,0.5790290194549541
end,0,uav_density,2,6,20,1500.0,2.6666666666666665,cluster_center_queue_aware,QCCS,fixed,,fixed,980000,64,64,uav_density_6uav_cluster_center_queue_aware_fixed_seedbase980000,/home/sgy/workspace/sagin_marl_phase4_learning_ablation/runs/phase4_learning_ablation/3uav20gu_t250/uav_density_collision_smoke_20260715/configs/6uav20gu/structured_joint_mcgae_3uav20gu_t250_relational_critic.yaml,,cluster_center_queue_aware,/home/sgy/workspace/sagin_marl_phase4_learning_ablation/runs/phase4_learning_ablation/3uav20gu_t250/uav_density_collision_smoke_20260715/results/6uav20gu/fixed/cluster_center_queue_aware/seedbase980000,6.929956733598374,0.5529853852571168,0.15887620668207475,6.9111751483543085,14.734326322904208,276447002.85610276,1.0,,,1.0,0.9009649437695392,40.734375,40000102.54430501,0.5855807912739294
end,0,uav_density,2,6,20,1500.0,2.6666666666666665,cluster_center_queue_aware,QCCS,fixed,,fixed,981000,64,64,uav_density_6uav_cluster_center_queue_aware_fixed_seedbase981000,/home/sgy/workspace/sagin_marl_phase4_learning_ablation/runs/phase4_learning_ablation/3uav20gu_t250/uav_density_collision_smoke_20260715/configs/6uav20gu/structured_joint_mcgae_3uav20gu_t250_relational_critic.yaml,,cluster_center_queue_aware,/home/sgy/workspace/sagin_marl_phase4_learning_ablation/runs/phase4_learning_ablation/3uav20gu_t250/uav_density_collision_smoke_20260715/results/6uav20gu/fixed/cluster_center_queue_aware/seedbase981000,6.365140721201897,0.5552143677586368,0.15958964590087185,6.274760362737236,13.173836127147888,250990411.4085564,1.0,,,1.0,0.9127386830664607,36.671875,40000302.64838705,0.5943158460118237
end,0,uav_density,2,6,20,1500.0,2.6666666666666665,cluster_center_queue_aware,QCCS,fixed,,fixed,982000,64,64,uav_density_6uav_cluster_center_queue_aware_fixed_seedbase982000,/home/sgy/workspace/sagin_marl_phase4_learning_ablation/runs/phase4_learning_ablation/3uav20gu_t250/uav_density_collision_smoke_20260715/configs/6uav20gu/structured_joint_mcgae_3uav20gu_t250_relational_critic.yaml,,cluster_center_queue_aware,/home/sgy/workspace/sagin_marl_phase4_learning_ablation/runs/phase4_learning_ablation/3uav20gu_t250/uav_density_collision_smoke_20260715/results/6uav20gu/fixed/cluster_center_queue_aware/seedbase982000,7.253319265320897,0.5596060155570275,0.16965995272475817,6.713571469824174,13.908848044001477,268542855.7099856,1.0,,,1.0,0.9008445807178197,41.765625,40000177.85311306,0.6042404385755705
end,0,uav_density,2,6,20,1500.0,2.6666666666666665,maxweight_lyapunov,Lyapunov,fixed,,fixed,980000,64,64,uav_density_6uav_maxweight_lyapunov_fixed_seedbase980000,/home/sgy/workspace/sagin_marl_phase4_learning_ablation/runs/phase4_learning_ablation/3uav20gu_t250/uav_density_collision_smoke_20260715/configs/6uav20gu/structured_joint_mcgae_3uav20gu_t250_relational_critic.yaml,,maxweight_lyapunov,/home/sgy/workspace/sagin_marl_phase4_learning_ablation/runs/phase4_learning_ablation/3uav20gu_t250/uav_density_collision_smoke_20260715/results/6uav20gu/fixed/maxweight_lyapunov/seedbase980000,25.41175676556304,0.7206582047017664,0.18086419991634123,9.650384976259863,14.846268715992432,386015394.6097784,0.84375,,,0.828125,0.997689035462022,155.015625,40000106.51668733,0.7625506819601604
end,0,uav_density,2,6,20,1500.0,2.6666666666666665,maxweight_lyapunov,Lyapunov,fixed,,fixed,981000,64,64,uav_density_6uav_maxweight_lyapunov_fixed_seedbase981000,/home/sgy/workspace/sagin_marl_phase4_learning_ablation/runs/phase4_learning_ablation/3uav20gu_t250/uav_density_collision_smoke_20260715/configs/6uav20gu/structured_joint_mcgae_3uav20gu_t250_relational_critic.yaml,,maxweight_lyapunov,/home/sgy/workspace/sagin_marl_phase4_learning_ablation/runs/phase4_learning_ablation/3uav20gu_t250/uav_density_collision_smoke_20260715/results/6uav20gu/fixed/maxweight_lyapunov/seedbase981000,23.801347954315133,0.7119530486323191,0.18376271016370968,8.969811550883872,14.09391424097274,358792457.9267892,0.8125,,,0.8125,0.9982671976536787,144.515625,40000091.67715491,0.745293304371712
end,0,uav_density,2,6,20,1500.0,2.6666666666666665,maxweight_lyapunov,Lyapunov,fixed,,fixed,982000,64,64,uav_density_6uav_maxweight_lyapunov_fixed_seedbase982000,/home/sgy/workspace/sagin_marl_phase4_learning_ablation/runs/phase4_learning_ablation/3uav20gu_t250/uav_density_collision_smoke_20260715/configs/6uav20gu/structured_joint_mcgae_3uav20gu_t250_relational_critic.yaml,,maxweight_lyapunov,/home/sgy/workspace/sagin_marl_phase4_learning_ablation/runs/phase4_learning_ablation/3uav20gu_t250/uav_density_collision_smoke_20260715/results/6uav20gu/fixed/maxweight_lyapunov/seedbase982000,26.62634810199961,0.7066583525818503,0.2125444331120332,9.697575872328162,15.167847042302357,387903030.2059388,0.765625,,,0.765625,0.9980909760117467,164.90625,40000093.195184566,0.7358789089593878
