event,timestamp,sweep,gpu,point_index,num_uav,num_gu,map_size_m,uav_density_per_km2,method_id,paper_label,method_family,training_seed,checkpoint_role,eval_seed_base,episodes,num_envs,config_path,checkpoint_path,baseline_policy,out_dir,label,rc,elapsed_sec,reward_sum,processed_ratio_eval,drop_ratio_eval,pre_backlog_steps_eval,D_sys_report,queue_total_mean,collision_episode_fraction,near_collision_ratio,near_collision_steps,terminated_early,sat_overlap_eval,episode_length,arrival_step_mean,outflow_arrival_ratio,error
start,2026-07-15T02:52:44+08:00,uav_density,0,1,2,20,1500.0,0.8888888888888888,relcritic,STARS,learned,45211,selected,980000,64,64,/home/sgy/workspace/sagin_marl_phase4_learning_ablation/runs/phase4_learning_ablation/3uav20gu_t250/uav_density_collision_smoke_20260715/configs/2uav20gu/structured_joint_mcgae_3uav20gu_t250_relational_critic.yaml,/home/sgy/workspace/sagin_marl_phase4_learning_ablation/runs/phase4_learning_ablation/3uav20gu_t250/relational_critic/seed45211_20260711_213639_bootstrapgae_nocompile/best_checkpoint.pt,,/home/sgy/workspace/sagin_marl_phase4_learning_ablation/runs/phase4_learning_ablation/3uav20gu_t250/uav_density_collision_smoke_20260715/results/2uav20gu/learned/relcritic/seed45211/selected/seedbase980000,uav_density_2uav_relcritic_seed45211_selected_seedbase980000,,,,,,,,,,,,,,,,,
end,2026-07-15T02:52:50+08:00,uav_density,0,1,2,20,1500.0,0.8888888888888888,relcritic,STARS,learned,45211,selected,980000,64,64,/home/sgy/workspace/sagin_marl_phase4_learning_ablation/runs/phase4_learning_ablation/3uav20gu_t250/uav_density_collision_smoke_20260715/configs/2uav20gu/structured_joint_mcgae_3uav20gu_t250_relational_critic.yaml,/home/sgy/workspace/sagin_marl_phase4_learning_ablation/runs/phase4_learning_ablation/3uav20gu_t250/relational_critic/seed45211_20260711_213639_bootstrapgae_nocompile/best_checkpoint.pt,,/home/sgy/workspace/sagin_marl_phase4_learning_ablation/runs/phase4_learning_ablation/3uav20gu_t250/uav_density_collision_smoke_20260715/results/2uav20gu/learned/relcritic/seed45211/selected/seedbase980000,uav_density_2uav_relcritic_seed45211_selected_seedbase980000,0,5.896,37.25571310403757,0.6595394344304222,0.2971495486312484,10.190194416632876,20.312993383163573,407607771.8738124,0.0,,,0.0,0.4895625000000001,250.0,40000015.767749995,0.6599954711085565,
start,2026-07-15T02:52:50+08:00,uav_density,0,1,2,20,1500.0,0.8888888888888888,relcritic,STARS,learned,45211,selected,981000,64,64,/home/sgy/workspace/sagin_marl_phase4_learning_ablation/runs/phase4_learning_ablation/3uav20gu_t250/uav_density_collision_smoke_20260715/configs/2uav20gu/structured_joint_mcgae_3uav20gu_t250_relational_critic.yaml,/home/sgy/workspace/sagin_marl_phase4_learning_ablation/runs/phase4_learning_ablation/3uav20gu_t250/relational_critic/seed45211_20260711_213639_bootstrapgae_nocompile/best_checkpoint.pt,,/home/sgy/workspace/sagin_marl_phase4_learning_ablation/runs/phase4_learning_ablation/3uav20gu_t250/uav_density_collision_smoke_20260715/results/2uav20gu/learned/relcritic/seed45211/selected/seedbase981000,uav_density_2uav_relcritic_seed45211_selected_seedbase981000,,,,,,,,,,,,,,,,,
end,2026-07-15T02:52:55+08:00,uav_density,0,1,2,20,1500.0,0.8888888888888888,relcritic,STARS,learned,45211,selected,981000,64,64,/home/sgy/workspace/sagin_marl_phase4_learning_ablation/runs/phase4_learning_ablation/3uav20gu_t250/uav_density_collision_smoke_20260715/configs/2uav20gu/structured_joint_mcgae_3uav20gu_t250_relational_critic.yaml,/home/sgy/workspace/sagin_marl_phase4_learning_ablation/runs/phase4_learning_ablation/3uav20gu_t250/relational_critic/seed45211_20260711_213639_bootstrapgae_nocompile/best_checkpoint.pt,,/home/sgy/workspace/sagin_marl_phase4_learning_ablation/runs/phase4_learning_ablation/3uav20gu_t250/uav_density_collision_smoke_20260715/results/2uav20gu/learned/relcritic/seed45211/selected/seedbase981000,uav_density_2uav_relcritic_seed45211_selected_seedbase981000,0,5.774,37.93166296801064,0.6744600210306233,0.28165257693519147,9.885471542164678,18.58914691649098,395418857.2883125,0.0,,,0.0,0.530640625,250.0,39999951.67650001,0.6747541739863141,
start,2026-07-15T02:52:55+08:00,uav_density,0,1,2,20,1500.0,0.8888888888888888,relcritic,STARS,learned,45211,selected,982000,64,64,/home/sgy/workspace/sagin_marl_phase4_learning_ablation/runs/phase4_learning_ablation/3uav20gu_t250/uav_density_collision_smoke_20260715/configs/2uav20gu/structured_joint_mcgae_3uav20gu_t250_relational_critic.yaml,/home/sgy/workspace/sagin_marl_phase4_learning_ablation/runs/phase4_learning_ablation/3uav20gu_t250/relational_critic/seed45211_20260711_213639_bootstrapgae_nocompile/best_checkpoint.pt,,/home/sgy/workspace/sagin_marl_phase4_learning_ablation/runs/phase4_learning_ablation/3uav20gu_t250/uav_density_collision_smoke_20260715/results/2uav20gu/learned/relcritic/seed45211/selected/seedbase982000,uav_density_2uav_relcritic_seed45211_selected_seedbase982000,,,,,,,,,,,,,,,,,
end,2026-07-15T02:53:01+08:00,uav_density,0,1,2,20,1500.0,0.8888888888888888,relcritic,STARS,learned,45211,selected,982000,64,64,/home/sgy/workspace/sagin_marl_phase4_learning_ablation/runs/phase4_learning_ablation/3uav20gu_t250/uav_density_collision_smoke_20260715/configs/2uav20gu/structured_joint_mcgae_3uav20gu_t250_relational_critic.yaml,/home/sgy/workspace/sagin_marl_phase4_learning_ablation/runs/phase4_learning_ablation/3uav20gu_t250/relational_critic/seed45211_20260711_213639_bootstrapgae_nocompile/best_checkpoint.pt,,/home/sgy/workspace/sagin_marl_phase4_learning_ablation/runs/phase4_learning_ablation/3uav20gu_t250/uav_density_collision_smoke_20260715/results/2uav20gu/learned/relcritic/seed45211/selected/seedbase982000,uav_density_2uav_relcritic_seed45211_selected_seedbase982000,0,5.893,36.78104603267275,0.6612411295736672,0.29390702541467706,10.866114755963908,21.32104815427586,434644585.1879999,0.0,,,0.0,0.5051562499999999,250.0,40000064.665,0.6614041130006634,
start,2026-07-15T02:53:01+08:00,uav_density,0,1,2,20,1500.0,0.8888888888888888,relcritic,STARS,learned,73129,selected,980000,64,64,/home/sgy/workspace/sagin_marl_phase4_learning_ablation/runs/phase4_learning_ablation/3uav20gu_t250/uav_density_collision_smoke_20260715/configs/2uav20gu/structured_joint_mcgae_3uav20gu_t250_relational_critic.yaml,/home/sgy/workspace/sagin_marl_phase4_learning_ablation/runs/phase4_learning_ablation/3uav20gu_t250/relational_critic/seed73129_20260711_213639_bootstrapgae_nocompile/best_checkpoint.pt,,/home/sgy/workspace/sagin_marl_phase4_learning_ablation/runs/phase4_learning_ablation/3uav20gu_t250/uav_density_collision_smoke_20260715/results/2uav20gu/learned/relcritic/seed73129/selected/seedbase980000,uav_density_2uav_relcritic_seed73129_selected_seedbase980000,,,,,,,,,,,,,,,,,
end,2026-07-15T02:53:07+08:00,uav_density,0,1,2,20,1500.0,0.8888888888888888,relcritic,STARS,learned,73129,selected,980000,64,64,/home/sgy/workspace/sagin_marl_phase4_learning_ablation/runs/phase4_learning_ablation/3uav20gu_t250/uav_density_collision_smoke_20260715/configs/2uav20gu/structured_joint_mcgae_3uav20gu_t250_relational_critic.yaml,/home/sgy/workspace/sagin_marl_phase4_learning_ablation/runs/phase4_learning_ablation/3uav20gu_t250/relational_critic/seed73129_20260711_213639_bootstrapgae_nocompile/best_checkpoint.pt,,/home/sgy/workspace/sagin_marl_phase4_learning_ablation/runs/phase4_learning_ablation/3uav20gu_t250/uav_density_collision_smoke_20260715/results/2uav20gu/learned/relcritic/seed73129/selected/seedbase980000,uav_density_2uav_relcritic_seed73129_selected_seedbase980000,0,5.803,36.95773705583997,0.6582274079886262,0.2999177263063223,10.044571797056122,18.847668429151174,401782867.08618754,0.0,,,0.0,0.551953125,250.0,40000015.767749995,0.6583842904436068,
start,2026-07-15T02:53:07+08:00,uav_density,0,1,2,20,1500.0,0.8888888888888888,relcritic,STARS,learned,73129,selected,981000,64,64,/home/sgy/workspace/sagin_marl_phase4_learning_ablation/runs/phase4_learning_ablation/3uav20gu_t250/uav_density_collision_smoke_20260715/configs/2uav20gu/structured_joint_mcgae_3uav20gu_t250_relational_critic.yaml,/home/sgy/workspace/sagin_marl_phase4_learning_ablation/runs/phase4_learning_ablation/3uav20gu_t250/relational_critic/seed73129_20260711_213639_bootstrapgae_nocompile/best_checkpoint.pt,,/home/sgy/workspace/sagin_marl_phase4_learning_ablation/runs/phase4_learning_ablation/3uav20gu_t250/uav_density_collision_smoke_20260715/results/2uav20gu/learned/relcritic/seed73129/selected/seedbase981000,uav_density_2uav_relcritic_seed73129_selected_seedbase981000,,,,,,,,,,,,,,,,,
end,2026-07-15T02:53:13+08:00,uav_density,0,1,2,20,1500.0,0.8888888888888888,relcritic,STARS,learned,73129,selected,981000,64,64,/home/sgy/workspace/sagin_marl_phase4_learning_ablation/runs/phase4_learning_ablation/3uav20gu_t250/uav_density_collision_smoke_20260715/configs/2uav20gu/structured_joint_mcgae_3uav20gu_t250_relational_critic.yaml,/home/sgy/workspace/sagin_marl_phase4_learning_ablation/runs/phase4_learning_ablation/3uav20gu_t250/relational_critic/seed73129_20260711_213639_bootstrapgae_nocompile/best_checkpoint.pt,,/home/sgy/workspace/sagin_marl_phase4_learning_ablation/runs/phase4_learning_ablation/3uav20gu_t250/uav_density_collision_smoke_20260715/results/2uav20gu/learned/relcritic/seed73129/selected/seedbase981000,uav_density_2uav_relcritic_seed73129_selected_seedbase981000,0,5.778,37.415172106353566,0.6725931224576196,0.28293243813538627,9.929710476040846,18.394404478102928,397188414.27125,0.0,,,0.0,0.5549062499999998,250.0,39999951.67650001,0.6729367072479097,
start,2026-07-15T02:53:13+08:00,uav_density,0,1,2,20,1500.0,0.8888888888888888,relcritic,STARS,learned,73129,selected,982000,64,64,/home/sgy/workspace/sagin_marl_phase4_learning_ablation/runs/phase4_learning_ablation/3uav20gu_t250/uav_density_collision_smoke_20260715/configs/2uav20gu/structured_joint_mcgae_3uav20gu_t250_relational_critic.yaml,/home/sgy/workspace/sagin_marl_phase4_learning_ablation/runs/phase4_learning_ablation/3uav20gu_t250/relational_critic/seed73129_20260711_213639_bootstrapgae_nocompile/best_checkpoint.pt,,/home/sgy/workspace/sagin_marl_phase4_learning_ablation/runs/phase4_learning_ablation/3uav20gu_t250/uav_density_collision_smoke_20260715/results/2uav20gu/learned/relcritic/seed73129/selected/seedbase982000,uav_density_2uav_relcritic_seed73129_selected_seedbase982000,,,,,,,,,,,,,,,,,
end,2026-07-15T02:53:19+08:00,uav_density,0,1,2,20,1500.0,0.8888888888888888,relcritic,STARS,learned,73129,selected,982000,64,64,/home/sgy/workspace/sagin_marl_phase4_learning_ablation/runs/phase4_learning_ablation/3uav20gu_t250/uav_density_collision_smoke_20260715/configs/2uav20gu/structured_joint_mcgae_3uav20gu_t250_relational_critic.yaml,/home/sgy/workspace/sagin_marl_phase4_learning_ablation/runs/phase4_learning_ablation/3uav20gu_t250/relational_critic/seed73129_20260711_213639_bootstrapgae_nocompile/best_checkpoint.pt,,/home/sgy/workspace/sagin_marl_phase4_learning_ablation/runs/phase4_learning_ablation/3uav20gu_t250/uav_density_collision_smoke_20260715/results/2uav20gu/learned/relcritic/seed73129/selected/seedbase982000,uav_density_2uav_relcritic_seed73129_selected_seedbase982000,0,5.658,36.54746019747108,0.6670932790162042,0.28818587293880094,10.668363490074873,19.630374797172834,426734534.6062501,0.0,,,0.0,0.5358125,250.0,40000064.665,0.667269062851288,
start,2026-07-15T02:53:19+08:00,uav_density,0,1,2,20,1500.0,0.8888888888888888,relcritic,STARS,learned,91457,selected,980000,64,64,/home/sgy/workspace/sagin_marl_phase4_learning_ablation/runs/phase4_learning_ablation/3uav20gu_t250/uav_density_collision_smoke_20260715/configs/2uav20gu/structured_joint_mcgae_3uav20gu_t250_relational_critic.yaml,/home/sgy/workspace/sagin_marl_phase4_learning_ablation/runs/phase4_learning_ablation/3uav20gu_t250/relational_critic/seed91457_20260712_124615_resume_u0400_bootstrapgae_nocompile/best_checkpoint.pt,,/home/sgy/workspace/sagin_marl_phase4_learning_ablation/runs/phase4_learning_ablation/3uav20gu_t250/uav_density_collision_smoke_20260715/results/2uav20gu/learned/relcritic/seed91457/selected/seedbase980000,uav_density_2uav_relcritic_seed91457_selected_seedbase980000,,,,,,,,,,,,,,,,,
end,2026-07-15T02:53:24+08:00,uav_density,0,1,2,20,1500.0,0.8888888888888888,relcritic,STARS,learned,91457,selected,980000,64,64,/home/sgy/workspace/sagin_marl_phase4_learning_ablation/runs/phase4_learning_ablation/3uav20gu_t250/uav_density_collision_smoke_20260715/configs/2uav20gu/structured_joint_mcgae_3uav20gu_t250_relational_critic.yaml,/home/sgy/workspace/sagin_marl_phase4_learning_ablation/runs/phase4_learning_ablation/3uav20gu_t250/relational_critic/seed91457_20260712_124615_resume_u0400_bootstrapgae_nocompile/best_checkpoint.pt,,/home/sgy/workspace/sagin_marl_phase4_learning_ablation/runs/phase4_learning_ablation/3uav20gu_t250/uav_density_collision_smoke_20260715/results/2uav20gu/learned/relcritic/seed91457/selected/seedbase980000,uav_density_2uav_relcritic_seed91457_selected_seedbase980000,0,5.933,37.32910126785282,0.659890609182417,0.29335205011929805,10.678131850982085,20.996983022570607,427125269.03575,0.0,,,0.0,0.6247812499999998,250.0,40000015.767749995,0.6607731229150807,
start,2026-07-15T02:53:24+08:00,uav_density,0,1,2,20,1500.0,0.8888888888888888,relcritic,STARS,learned,91457,selected,981000,64,64,/home/sgy/workspace/sagin_marl_phase4_learning_ablation/runs/phase4_learning_ablation/3uav20gu_t250/uav_density_collision_smoke_20260715/configs/2uav20gu/structured_joint_mcgae_3uav20gu_t250_relational_critic.yaml,/home/sgy/workspace/sagin_marl_phase4_learning_ablation/runs/phase4_learning_ablation/3uav20gu_t250/relational_critic/seed91457_20260712_124615_resume_u0400_bootstrapgae_nocompile/best_checkpoint.pt,,/home/sgy/workspace/sagin_marl_phase4_learning_ablation/runs/phase4_learning_ablation/3uav20gu_t250/uav_density_collision_smoke_20260715/results/2uav20gu/learned/relcritic/seed91457/selected/seedbase981000,uav_density_2uav_relcritic_seed91457_selected_seedbase981000,,,,,,,,,,,,,,,,,
end,2026-07-15T02:53:30+08:00,uav_density,0,1,2,20,1500.0,0.8888888888888888,relcritic,STARS,learned,91457,selected,981000,64,64,/home/sgy/workspace/sagin_marl_phase4_learning_ablation/runs/phase4_learning_ablation/3uav20gu_t250/uav_density_collision_smoke_20260715/configs/2uav20gu/structured_joint_mcgae_3uav20gu_t250_relational_critic.yaml,/home/sgy/workspace/sagin_marl_phase4_learning_ablation/runs/phase4_learning_ablation/3uav20gu_t250/relational_critic/seed91457_20260712_124615_resume_u0400_bootstrapgae_nocompile/best_checkpoint.pt,,/home/sgy/workspace/sagin_marl_phase4_learning_ablation/runs/phase4_learning_ablation/3uav20gu_t250/uav_density_collision_smoke_20260715/results/2uav20gu/learned/relcritic/seed91457/selected/seedbase981000,uav_density_2uav_relcritic_seed91457_selected_seedbase981000,0,5.821,37.56054543540813,0.6581424459381959,0.2937169572950005,10.728906789302822,20.869222537117082,429156266.3491876,0.0,,,0.0,0.6117968749999999,250.0,39999951.67650001,0.6590420605465367,
start,2026-07-15T02:53:30+08:00,uav_density,0,1,2,20,1500.0,0.8888888888888888,relcritic,STARS,learned,91457,selected,982000,64,64,/home/sgy/workspace/sagin_marl_phase4_learning_ablation/runs/phase4_learning_ablation/3uav20gu_t250/uav_density_collision_smoke_20260715/configs/2uav20gu/structured_joint_mcgae_3uav20gu_t250_relational_critic.yaml,/home/sgy/workspace/sagin_marl_phase4_learning_ablation/runs/phase4_learning_ablation/3uav20gu_t250/relational_critic/seed91457_20260712_124615_resume_u0400_bootstrapgae_nocompile/best_checkpoint.pt,,/home/sgy/workspace/sagin_marl_phase4_learning_ablation/runs/phase4_learning_ablation/3uav20gu_t250/uav_density_collision_smoke_20260715/results/2uav20gu/learned/relcritic/seed91457/selected/seedbase982000,uav_density_2uav_relcritic_seed91457_selected_seedbase982000,,,,,,,,,,,,,,,,,
end,2026-07-15T02:53:36+08:00,uav_density,0,1,2,20,1500.0,0.8888888888888888,relcritic,STARS,learned,91457,selected,982000,64,64,/home/sgy/workspace/sagin_marl_phase4_learning_ablation/runs/phase4_learning_ablation/3uav20gu_t250/uav_density_collision_smoke_20260715/configs/2uav20gu/structured_joint_mcgae_3uav20gu_t250_relational_critic.yaml,/home/sgy/workspace/sagin_marl_phase4_learning_ablation/runs/phase4_learning_ablation/3uav20gu_t250/relational_critic/seed91457_20260712_124615_resume_u0400_bootstrapgae_nocompile/best_checkpoint.pt,,/home/sgy/workspace/sagin_marl_phase4_learning_ablation/runs/phase4_learning_ablation/3uav20gu_t250/uav_density_collision_smoke_20260715/results/2uav20gu/learned/relcritic/seed91457/selected/seedbase982000,uav_density_2uav_relcritic_seed91457_selected_seedbase982000,0,5.816,36.66513081942685,0.6607901492863895,0.2894061590184591,11.581634157280433,22.106451269198203,463265360.5970627,0.0,,,0.0,0.6180468749999999,250.0,40000064.665,0.6615727030135854,
start,2026-07-15T02:53:36+08:00,uav_density,0,1,2,20,1500.0,0.8888888888888888,globalcritic,STARS-GC,learned,45211,selected,980000,64,64,/home/sgy/workspace/sagin_marl_phase4_learning_ablation/runs/phase4_learning_ablation/3uav20gu_t250/uav_density_collision_smoke_20260715/configs/2uav20gu/structured_joint_mcgae_3uav20gu_t250_global_only_critic.yaml,/home/sgy/workspace/sagin_marl_phase4_learning_ablation/runs/phase4_learning_ablation/3uav20gu_t250/global_only_critic/seed45211_20260712_124615_bootstrapgae_nocompile/best_checkpoint.pt,,/home/sgy/workspace/sagin_marl_phase4_learning_ablation/runs/phase4_learning_ablation/3uav20gu_t250/uav_density_collision_smoke_20260715/results/2uav20gu/learned/globalcritic/seed45211/selected/seedbase980000,uav_density_2uav_globalcritic_seed45211_selected_seedbase980000,,,,,,,,,,,,,,,,,
end,2026-07-15T02:53:42+08:00,uav_density,0,1,2,20,1500.0,0.8888888888888888,globalcritic,STARS-GC,learned,45211,selected,980000,64,64,/home/sgy/workspace/sagin_marl_phase4_learning_ablation/runs/phase4_learning_ablation/3uav20gu_t250/uav_density_collision_smoke_20260715/configs/2uav20gu/structured_joint_mcgae_3uav20gu_t250_global_only_critic.yaml,/home/sgy/workspace/sagin_marl_phase4_learning_ablation/runs/phase4_learning_ablation/3uav20gu_t250/global_only_critic/seed45211_20260712_124615_bootstrapgae_nocompile/best_checkpoint.pt,,/home/sgy/workspace/sagin_marl_phase4_learning_ablation/runs/phase4_learning_ablation/3uav20gu_t250/uav_density_collision_smoke_20260715/results/2uav20gu/learned/globalcritic/seed45211/selected/seedbase980000,uav_density_2uav_globalcritic_seed45211_selected_seedbase980000,0,5.833,37.71803026215639,0.6721945138038137,0.28331640204289454,9.97004161194898,18.331322349572556,398801659.89131254,0.0,,,0.0,0.7471874999999998,250.0,40000015.767749995,0.6724536563399176,
start,2026-07-15T02:53:42+08:00,uav_density,0,1,2,20,1500.0,0.8888888888888888,globalcritic,STARS-GC,learned,45211,selected,981000,64,64,/home/sgy/workspace/sagin_marl_phase4_learning_ablation/runs/phase4_learning_ablation/3uav20gu_t250/uav_density_collision_smoke_20260715/configs/2uav20gu/structured_joint_mcgae_3uav20gu_t250_global_only_critic.yaml,/home/sgy/workspace/sagin_marl_phase4_learning_ablation/runs/phase4_learning_ablation/3uav20gu_t250/global_only_critic/seed45211_20260712_124615_bootstrapgae_nocompile/best_checkpoint.pt,,/home/sgy/workspace/sagin_marl_phase4_learning_ablation/runs/phase4_learning_ablation/3uav20gu_t250/uav_density_collision_smoke_20260715/results/2uav20gu/learned/globalcritic/seed45211/selected/seedbase981000,uav_density_2uav_globalcritic_seed45211_selected_seedbase981000,,,,,,,,,,,,,,,,,
end,2026-07-15T02:53:48+08:00,uav_density,0,1,2,20,1500.0,0.8888888888888888,globalcritic,STARS-GC,learned,45211,selected,981000,64,64,/home/sgy/workspace/sagin_marl_phase4_learning_ablation/runs/phase4_learning_ablation/3uav20gu_t250/uav_density_collision_smoke_20260715/configs/2uav20gu/structured_joint_mcgae_3uav20gu_t250_global_only_critic.yaml,/home/sgy/workspace/sagin_marl_phase4_learning_ablation/runs/phase4_learning_ablation/3uav20gu_t250/global_only_critic/seed45211_20260712_124615_bootstrapgae_nocompile/best_checkpoint.pt,,/home/sgy/workspace/sagin_marl_phase4_learning_ablation/runs/phase4_learning_ablation/3uav20gu_t250/uav_density_collision_smoke_20260715/results/2uav20gu/learned/globalcritic/seed45211/selected/seedbase981000,uav_density_2uav_globalcritic_seed45211_selected_seedbase981000,0,5.739,37.985634912736714,0.684225436500041,0.27021335936838237,9.9363830370754,17.749602918019512,397455316.71425,0.0,,,0.0,0.7428125000000002,250.0,39999951.67650001,0.6845092237215636,
start,2026-07-15T02:53:48+08:00,uav_density,0,1,2,20,1500.0,0.8888888888888888,globalcritic,STARS-GC,learned,45211,selected,982000,64,64,/home/sgy/workspace/sagin_marl_phase4_learning_ablation/runs/phase4_learning_ablation/3uav20gu_t250/uav_density_collision_smoke_20260715/configs/2uav20gu/structured_joint_mcgae_3uav20gu_t250_global_only_critic.yaml,/home/sgy/workspace/sagin_marl_phase4_learning_ablation/runs/phase4_learning_ablation/3uav20gu_t250/global_only_critic/seed45211_20260712_124615_bootstrapgae_nocompile/best_checkpoint.pt,,/home/sgy/workspace/sagin_marl_phase4_learning_ablation/runs/phase4_learning_ablation/3uav20gu_t250/uav_density_collision_smoke_20260715/results/2uav20gu/learned/globalcritic/seed45211/selected/seedbase982000,uav_density_2uav_globalcritic_seed45211_selected_seedbase982000,,,,,,,,,,,,,,,,,
end,2026-07-15T02:53:54+08:00,uav_density,0,1,2,20,1500.0,0.8888888888888888,globalcritic,STARS-GC,learned,45211,selected,982000,64,64,/home/sgy/workspace/sagin_marl_phase4_learning_ablation/runs/phase4_learning_ablation/3uav20gu_t250/uav_density_collision_smoke_20260715/configs/2uav20gu/structured_joint_mcgae_3uav20gu_t250_global_only_critic.yaml,/home/sgy/workspace/sagin_marl_phase4_learning_ablation/runs/phase4_learning_ablation/3uav20gu_t250/global_only_critic/seed45211_20260712_124615_bootstrapgae_nocompile/best_checkpoint.pt,,/home/sgy/workspace/sagin_marl_phase4_learning_ablation/runs/phase4_learning_ablation/3uav20gu_t250/uav_density_collision_smoke_20260715/results/2uav20gu/learned/globalcritic/seed45211/selected/seedbase982000,uav_density_2uav_globalcritic_seed45211_selected_seedbase982000,0,5.855,37.06345525733195,0.6680593132078648,0.2845243717769376,10.79539625582099,19.47326834253408,431815845.3018748,0.0,,,0.0,0.7635937499999998,250.0,40000064.665,0.6681513493237529,
start,2026-07-15T02:53:54+08:00,uav_density,0,1,2,20,1500.0,0.8888888888888888,globalcritic,STARS-GC,learned,73129,selected,980000,64,64,/home/sgy/workspace/sagin_marl_phase4_learning_ablation/runs/phase4_learning_ablation/3uav20gu_t250/uav_density_collision_smoke_20260715/configs/2uav20gu/structured_joint_mcgae_3uav20gu_t250_global_only_critic.yaml,/home/sgy/workspace/sagin_marl_phase4_learning_ablation/runs/phase4_learning_ablation/3uav20gu_t250/global_only_critic/seed73129_20260712_124615_bootstrapgae_nocompile/best_checkpoint.pt,,/home/sgy/workspace/sagin_marl_phase4_learning_ablation/runs/phase4_learning_ablation/3uav20gu_t250/uav_density_collision_smoke_20260715/results/2uav20gu/learned/globalcritic/seed73129/selected/seedbase980000,uav_density_2uav_globalcritic_seed73129_selected_seedbase980000,,,,,,,,,,,,,,,,,
end,2026-07-15T02:53:59+08:00,uav_density,0,1,2,20,1500.0,0.8888888888888888,globalcritic,STARS-GC,learned,73129,selected,980000,64,64,/home/sgy/workspace/sagin_marl_phase4_learning_ablation/runs/phase4_learning_ablation/3uav20gu_t250/uav_density_collision_smoke_20260715/configs/2uav20gu/structured_joint_mcgae_3uav20gu_t250_global_only_critic.yaml,/home/sgy/workspace/sagin_marl_phase4_learning_ablation/runs/phase4_learning_ablation/3uav20gu_t250/global_only_critic/seed73129_20260712_124615_bootstrapgae_nocompile/best_checkpoint.pt,,/home/sgy/workspace/sagin_marl_phase4_learning_ablation/runs/phase4_learning_ablation/3uav20gu_t250/uav_density_collision_smoke_20260715/results/2uav20gu/learned/globalcritic/seed73129/selected/seedbase980000,uav_density_2uav_globalcritic_seed73129_selected_seedbase980000,0,5.919,25.251934801926836,0.2168233685600527,0.7072914109850573,16.024820395904097,108.69813257958945,640992808.3077433,0.0625,,,0.0625,0.9954933140673977,246.984375,40000012.89356369,0.216823474260401,
start,2026-07-15T02:53:59+08:00,uav_density,0,1,2,20,1500.0,0.8888888888888888,globalcritic,STARS-GC,learned,73129,selected,981000,64,64,/home/sgy/workspace/sagin_marl_phase4_learning_ablation/runs/phase4_learning_ablation/3uav20gu_t250/uav_density_collision_smoke_20260715/configs/2uav20gu/structured_joint_mcgae_3uav20gu_t250_global_only_critic.yaml,/home/sgy/workspace/sagin_marl_phase4_learning_ablation/runs/phase4_learning_ablation/3uav20gu_t250/global_only_critic/seed73129_20260712_124615_bootstrapgae_nocompile/best_checkpoint.pt,,/home/sgy/workspace/sagin_marl_phase4_learning_ablation/runs/phase4_learning_ablation/3uav20gu_t250/uav_density_collision_smoke_20260715/results/2uav20gu/learned/globalcritic/seed73129/selected/seedbase981000,uav_density_2uav_globalcritic_seed73129_selected_seedbase981000,,,,,,,,,,,,,,,,,
end,2026-07-15T02:54:05+08:00,uav_density,0,1,2,20,1500.0,0.8888888888888888,globalcritic,STARS-GC,learned,73129,selected,981000,64,64,/home/sgy/workspace/sagin_marl_phase4_learning_ablation/runs/phase4_learning_ablation/3uav20gu_t250/uav_density_collision_smoke_20260715/configs/2uav20gu/structured_joint_mcgae_3uav20gu_t250_global_only_critic.yaml,/home/sgy/workspace/sagin_marl_phase4_learning_ablation/runs/phase4_learning_ablation/3uav20gu_t250/global_only_critic/seed73129_20260712_124615_bootstrapgae_nocompile/best_checkpoint.pt,,/home/sgy/workspace/sagin_marl_phase4_learning_ablation/runs/phase4_learning_ablation/3uav20gu_t250/uav_density_collision_smoke_20260715/results/2uav20gu/learned/globalcritic/seed73129/selected/seedbase981000,uav_density_2uav_globalcritic_seed73129_selected_seedbase981000,0,5.873,24.630212818621658,0.22141445174854535,0.6837182850924778,15.846169854042287,102.26293345125032,633846786.8807551,0.09375,,,0.09375,0.9941526227678567,240.0,39999987.38585071,0.22141456575423207,
start,2026-07-15T02:54:05+08:00,uav_density,0,1,2,20,1500.0,0.8888888888888888,globalcritic,STARS-GC,learned,73129,selected,982000,64,64,/home/sgy/workspace/sagin_marl_phase4_learning_ablation/runs/phase4_learning_ablation/3uav20gu_t250/uav_density_collision_smoke_20260715/configs/2uav20gu/structured_joint_mcgae_3uav20gu_t250_global_only_critic.yaml,/home/sgy/workspace/sagin_marl_phase4_learning_ablation/runs/phase4_learning_ablation/3uav20gu_t250/global_only_critic/seed73129_20260712_124615_bootstrapgae_nocompile/best_checkpoint.pt,,/home/sgy/workspace/sagin_marl_phase4_learning_ablation/runs/phase4_learning_ablation/3uav20gu_t250/uav_density_collision_smoke_20260715/results/2uav20gu/learned/globalcritic/seed73129/selected/seedbase982000,uav_density_2uav_globalcritic_seed73129_selected_seedbase982000,,,,,,,,,,,,,,,,,
end,2026-07-15T02:54:11+08:00,uav_density,0,1,2,20,1500.0,0.8888888888888888,globalcritic,STARS-GC,learned,73129,selected,982000,64,64,/home/sgy/workspace/sagin_marl_phase4_learning_ablation/runs/phase4_learning_ablation/3uav20gu_t250/uav_density_collision_smoke_20260715/configs/2uav20gu/structured_joint_mcgae_3uav20gu_t250_global_only_critic.yaml,/home/sgy/workspace/sagin_marl_phase4_learning_ablation/runs/phase4_learning_ablation/3uav20gu_t250/global_only_critic/seed73129_20260712_124615_bootstrapgae_nocompile/best_checkpoint.pt,,/home/sgy/workspace/sagin_marl_phase4_learning_ablation/runs/phase4_learning_ablation/3uav20gu_t250/uav_density_collision_smoke_20260715/results/2uav20gu/learned/globalcritic/seed73129/selected/seedbase982000,uav_density_2uav_globalcritic_seed73129_selected_seedbase982000,0,5.789,24.310853263596073,0.21442689596480902,0.7041171692837599,16.556117511040842,113.28936733144894,662244692.7461393,0.140625,,,0.140625,0.9937134367350777,238.171875,40000095.03456856,0.21442635225151888,
start,2026-07-15T02:54:11+08:00,uav_density,0,1,2,20,1500.0,0.8888888888888888,globalcritic,STARS-GC,learned,91457,selected,980000,64,64,/home/sgy/workspace/sagin_marl_phase4_learning_ablation/runs/phase4_learning_ablation/3uav20gu_t250/uav_density_collision_smoke_20260715/configs/2uav20gu/structured_joint_mcgae_3uav20gu_t250_global_only_critic.yaml,/home/sgy/workspace/sagin_marl_phase4_learning_ablation/runs/phase4_learning_ablation/3uav20gu_t250/global_only_critic/seed91457_20260712_124615_bootstrapgae_nocompile/best_checkpoint.pt,,/home/sgy/workspace/sagin_marl_phase4_learning_ablation/runs/phase4_learning_ablation/3uav20gu_t250/uav_density_collision_smoke_20260715/results/2uav20gu/learned/globalcritic/seed91457/selected/seedbase980000,uav_density_2uav_globalcritic_seed91457_selected_seedbase980000,,,,,,,,,,,,,,,,,
end,2026-07-15T02:54:17+08:00,uav_density,0,1,2,20,1500.0,0.8888888888888888,globalcritic,STARS-GC,learned,91457,selected,980000,64,64,/home/sgy/workspace/sagin_marl_phase4_learning_ablation/runs/phase4_learning_ablation/3uav20gu_t250/uav_density_collision_smoke_20260715/configs/2uav20gu/structured_joint_mcgae_3uav20gu_t250_global_only_critic.yaml,/home/sgy/workspace/sagin_marl_phase4_learning_ablation/runs/phase4_learning_ablation/3uav20gu_t250/global_only_critic/seed91457_20260712_124615_bootstrapgae_nocompile/best_checkpoint.pt,,/home/sgy/workspace/sagin_marl_phase4_learning_ablation/runs/phase4_learning_ablation/3uav20gu_t250/uav_density_collision_smoke_20260715/results/2uav20gu/learned/globalcritic/seed91457/selected/seedbase980000,uav_density_2uav_globalcritic_seed91457_selected_seedbase980000,0,5.965,25.726191899972036,0.3093322563597162,0.6076278328984174,14.777985897333798,74.35356990119845,591119429.1555134,0.109375,,,0.109375,0.7918706468484427,237.703125,40000028.779555455,0.30951628898805517,
start,2026-07-15T02:54:17+08:00,uav_density,0,1,2,20,1500.0,0.8888888888888888,globalcritic,STARS-GC,learned,91457,selected,981000,64,64,/home/sgy/workspace/sagin_marl_phase4_learning_ablation/runs/phase4_learning_ablation/3uav20gu_t250/uav_density_collision_smoke_20260715/configs/2uav20gu/structured_joint_mcgae_3uav20gu_t250_global_only_critic.yaml,/home/sgy/workspace/sagin_marl_phase4_learning_ablation/runs/phase4_learning_ablation/3uav20gu_t250/global_only_critic/seed91457_20260712_124615_bootstrapgae_nocompile/best_checkpoint.pt,,/home/sgy/workspace/sagin_marl_phase4_learning_ablation/runs/phase4_learning_ablation/3uav20gu_t250/uav_density_collision_smoke_20260715/results/2uav20gu/learned/globalcritic/seed91457/selected/seedbase981000,uav_density_2uav_globalcritic_seed91457_selected_seedbase981000,,,,,,,,,,,,,,,,,
end,2026-07-15T02:54:23+08:00,uav_density,0,1,2,20,1500.0,0.8888888888888888,globalcritic,STARS-GC,learned,91457,selected,981000,64,64,/home/sgy/workspace/sagin_marl_phase4_learning_ablation/runs/phase4_learning_ablation/3uav20gu_t250/uav_density_collision_smoke_20260715/configs/2uav20gu/structured_joint_mcgae_3uav20gu_t250_global_only_critic.yaml,/home/sgy/workspace/sagin_marl_phase4_learning_ablation/runs/phase4_learning_ablation/3uav20gu_t250/global_only_critic/seed91457_20260712_124615_bootstrapgae_nocompile/best_checkpoint.pt,,/home/sgy/workspace/sagin_marl_phase4_learning_ablation/runs/phase4_learning_ablation/3uav20gu_t250/uav_density_collision_smoke_20260715/results/2uav20gu/learned/globalcritic/seed91457/selected/seedbase981000,uav_density_2uav_globalcritic_seed91457_selected_seedbase981000,0,5.742,26.692963302251883,0.331254818281709,0.5988425116771132,14.94837851092144,68.86702216500218,597935133.4533234,0.03125,,,0.03125,0.8023504416773097,247.4375,39999955.766413376,0.33152319936456104,
start,2026-07-15T02:54:23+08:00,uav_density,0,1,2,20,1500.0,0.8888888888888888,globalcritic,STARS-GC,learned,91457,selected,982000,64,64,/home/sgy/workspace/sagin_marl_phase4_learning_ablation/runs/phase4_learning_ablation/3uav20gu_t250/uav_density_collision_smoke_20260715/configs/2uav20gu/structured_joint_mcgae_3uav20gu_t250_global_only_critic.yaml,/home/sgy/workspace/sagin_marl_phase4_learning_ablation/runs/phase4_learning_ablation/3uav20gu_t250/global_only_critic/seed91457_20260712_124615_bootstrapgae_nocompile/best_checkpoint.pt,,/home/sgy/workspace/sagin_marl_phase4_learning_ablation/runs/phase4_learning_ablation/3uav20gu_t250/uav_density_collision_smoke_20260715/results/2uav20gu/learned/globalcritic/seed91457/selected/seedbase982000,uav_density_2uav_globalcritic_seed91457_selected_seedbase982000,,,,,,,,,,,,,,,,,
end,2026-07-15T02:54:29+08:00,uav_density,0,1,2,20,1500.0,0.8888888888888888,globalcritic,STARS-GC,learned,91457,selected,982000,64,64,/home/sgy/workspace/sagin_marl_phase4_learning_ablation/runs/phase4_learning_ablation/3uav20gu_t250/uav_density_collision_smoke_20260715/configs/2uav20gu/structured_joint_mcgae_3uav20gu_t250_global_only_critic.yaml,/home/sgy/workspace/sagin_marl_phase4_learning_ablation/runs/phase4_learning_ablation/3uav20gu_t250/global_only_critic/seed91457_20260712_124615_bootstrapgae_nocompile/best_checkpoint.pt,,/home/sgy/workspace/sagin_marl_phase4_learning_ablation/runs/phase4_learning_ablation/3uav20gu_t250/uav_density_collision_smoke_20260715/results/2uav20gu/learned/globalcritic/seed91457/selected/seedbase982000,uav_density_2uav_globalcritic_seed91457_selected_seedbase982000,0,5.857,26.662437114689965,0.318346139171682,0.6060132261385929,15.30494609216347,79.32142065283219,612197836.4246722,0.125,,,0.125,0.8022899106029605,242.40625,40000066.5880386,0.3185487623197446,
start,2026-07-15T02:54:29+08:00,uav_density,0,1,2,20,1500.0,0.8888888888888888,cluster_center_queue_aware,QCCS,fixed,,fixed,980000,64,64,/home/sgy/workspace/sagin_marl_phase4_learning_ablation/runs/phase4_learning_ablation/3uav20gu_t250/uav_density_collision_smoke_20260715/configs/2uav20gu/structured_joint_mcgae_3uav20gu_t250_relational_critic.yaml,,cluster_center_queue_aware,/home/sgy/workspace/sagin_marl_phase4_learning_ablation/runs/phase4_learning_ablation/3uav20gu_t250/uav_density_collision_smoke_20260715/results/2uav20gu/fixed/cluster_center_queue_aware/seedbase980000,uav_density_2uav_cluster_center_queue_aware_fixed_seedbase980000,,,,,,,,,,,,,,,,,
end,2026-07-15T02:54:34+08:00,uav_density,0,1,2,20,1500.0,0.8888888888888888,cluster_center_queue_aware,QCCS,fixed,,fixed,980000,64,64,/home/sgy/workspace/sagin_marl_phase4_learning_ablation/runs/phase4_learning_ablation/3uav20gu_t250/uav_density_collision_smoke_20260715/configs/2uav20gu/structured_joint_mcgae_3uav20gu_t250_relational_critic.yaml,,cluster_center_queue_aware,/home/sgy/workspace/sagin_marl_phase4_learning_ablation/runs/phase4_learning_ablation/3uav20gu_t250/uav_density_collision_smoke_20260715/results/2uav20gu/fixed/cluster_center_queue_aware/seedbase980000,uav_density_2uav_cluster_center_queue_aware_fixed_seedbase980000,0,5.135,36.41136166325305,0.7380848833993078,0.22229304240024444,10.035992390662429,16.04685113924742,401439690.87100005,0.0,,,0.0,0.8305625,250.0,40000015.767749995,0.7393648022052213,
start,2026-07-15T02:54:34+08:00,uav_density,0,1,2,20,1500.0,0.8888888888888888,cluster_center_queue_aware,QCCS,fixed,,fixed,981000,64,64,/home/sgy/workspace/sagin_marl_phase4_learning_ablation/runs/phase4_learning_ablation/3uav20gu_t250/uav_density_collision_smoke_20260715/configs/2uav20gu/structured_joint_mcgae_3uav20gu_t250_relational_critic.yaml,,cluster_center_queue_aware,/home/sgy/workspace/sagin_marl_phase4_learning_ablation/runs/phase4_learning_ablation/3uav20gu_t250/uav_density_collision_smoke_20260715/results/2uav20gu/fixed/cluster_center_queue_aware/seedbase981000,uav_density_2uav_cluster_center_queue_aware_fixed_seedbase981000,,,,,,,,,,,,,,,,,
end,2026-07-15T02:54:39+08:00,uav_density,0,1,2,20,1500.0,0.8888888888888888,cluster_center_queue_aware,QCCS,fixed,,fixed,981000,64,64,/home/sgy/workspace/sagin_marl_phase4_learning_ablation/runs/phase4_learning_ablation/3uav20gu_t250/uav_density_collision_smoke_20260715/configs/2uav20gu/structured_joint_mcgae_3uav20gu_t250_relational_critic.yaml,,cluster_center_queue_aware,/home/sgy/workspace/sagin_marl_phase4_learning_ablation/runs/phase4_learning_ablation/3uav20gu_t250/uav_density_collision_smoke_20260715/results/2uav20gu/fixed/cluster_center_queue_aware/seedbase981000,uav_density_2uav_cluster_center_queue_aware_fixed_seedbase981000,0,5.186,37.40421053918544,0.7764984839394456,0.1826309166783433,9.584009533429516,14.262631843841634,383360376.94762486,0.0,,,0.0,0.8935625000000001,250.0,39999951.67650001,0.7786693321910372,
start,2026-07-15T02:54:39+08:00,uav_density,0,1,2,20,1500.0,0.8888888888888888,cluster_center_queue_aware,QCCS,fixed,,fixed,982000,64,64,/home/sgy/workspace/sagin_marl_phase4_learning_ablation/runs/phase4_learning_ablation/3uav20gu_t250/uav_density_collision_smoke_20260715/configs/2uav20gu/structured_joint_mcgae_3uav20gu_t250_relational_critic.yaml,,cluster_center_queue_aware,/home/sgy/workspace/sagin_marl_phase4_learning_ablation/runs/phase4_learning_ablation/3uav20gu_t250/uav_density_collision_smoke_20260715/results/2uav20gu/fixed/cluster_center_queue_aware/seedbase982000,uav_density_2uav_cluster_center_queue_aware_fixed_seedbase982000,,,,,,,,,,,,,,,,,
end,2026-07-15T02:54:44+08:00,uav_density,0,1,2,20,1500.0,0.8888888888888888,cluster_center_queue_aware,QCCS,fixed,,fixed,982000,64,64,/home/sgy/workspace/sagin_marl_phase4_learning_ablation/runs/phase4_learning_ablation/3uav20gu_t250/uav_density_collision_smoke_20260715/configs/2uav20gu/structured_joint_mcgae_3uav20gu_t250_relational_critic.yaml,,cluster_center_queue_aware,/home/sgy/workspace/sagin_marl_phase4_learning_ablation/runs/phase4_learning_ablation/3uav20gu_t250/uav_density_collision_smoke_20260715/results/2uav20gu/fixed/cluster_center_queue_aware/seedbase982000,uav_density_2uav_cluster_center_queue_aware_fixed_seedbase982000,0,5.215,36.43806506646797,0.7573300052043049,0.2014676802347076,10.081634730286895,15.341356914833183,403265384.58793753,0.0,,,0.0,0.86025,250.0,40000064.665,0.7587569734032423,
start,2026-07-15T02:54:44+08:00,uav_density,0,1,2,20,1500.0,0.8888888888888888,maxweight_lyapunov,Lyapunov,fixed,,fixed,980000,64,64,/home/sgy/workspace/sagin_marl_phase4_learning_ablation/runs/phase4_learning_ablation/3uav20gu_t250/uav_density_collision_smoke_20260715/configs/2uav20gu/structured_joint_mcgae_3uav20gu_t250_relational_critic.yaml,,maxweight_lyapunov,/home/sgy/workspace/sagin_marl_phase4_learning_ablation/runs/phase4_learning_ablation/3uav20gu_t250/uav_density_collision_smoke_20260715/results/2uav20gu/fixed/maxweight_lyapunov/seedbase980000,uav_density_2uav_maxweight_lyapunov_fixed_seedbase980000,,,,,,,,,,,,,,,,,
end,2026-07-15T02:54:49+08:00,uav_density,0,1,2,20,1500.0,0.8888888888888888,maxweight_lyapunov,Lyapunov,fixed,,fixed,980000,64,64,/home/sgy/workspace/sagin_marl_phase4_learning_ablation/runs/phase4_learning_ablation/3uav20gu_t250/uav_density_collision_smoke_20260715/configs/2uav20gu/structured_joint_mcgae_3uav20gu_t250_relational_critic.yaml,,maxweight_lyapunov,/home/sgy/workspace/sagin_marl_phase4_learning_ablation/runs/phase4_learning_ablation/3uav20gu_t250/uav_density_collision_smoke_20260715/results/2uav20gu/fixed/maxweight_lyapunov/seedbase980000,uav_density_2uav_maxweight_lyapunov_fixed_seedbase980000,0,5.247,35.79114256845787,0.7085313978663761,0.24427881629892953,11.68999731116183,19.422694883581247,467599887.2008124,0.0,,,0.0,0.9878124999999999,250.0,40000015.767749995,0.7085599363888769,
start,2026-07-15T02:54:49+08:00,uav_density,0,1,2,20,1500.0,0.8888888888888888,maxweight_lyapunov,Lyapunov,fixed,,fixed,981000,64,64,/home/sgy/workspace/sagin_marl_phase4_learning_ablation/runs/phase4_learning_ablation/3uav20gu_t250/uav_density_collision_smoke_20260715/configs/2uav20gu/structured_joint_mcgae_3uav20gu_t250_relational_critic.yaml,,maxweight_lyapunov,/home/sgy/workspace/sagin_marl_phase4_learning_ablation/runs/phase4_learning_ablation/3uav20gu_t250/uav_density_collision_smoke_20260715/results/2uav20gu/fixed/maxweight_lyapunov/seedbase981000,uav_density_2uav_maxweight_lyapunov_fixed_seedbase981000,,,,,,,,,,,,,,,,,
end,2026-07-15T02:54:55+08:00,uav_density,0,1,2,20,1500.0,0.8888888888888888,maxweight_lyapunov,Lyapunov,fixed,,fixed,981000,64,64,/home/sgy/workspace/sagin_marl_phase4_learning_ablation/runs/phase4_learning_ablation/3uav20gu_t250/uav_density_collision_smoke_20260715/configs/2uav20gu/structured_joint_mcgae_3uav20gu_t250_relational_critic.yaml,,maxweight_lyapunov,/home/sgy/workspace/sagin_marl_phase4_learning_ablation/runs/phase4_learning_ablation/3uav20gu_t250/uav_density_collision_smoke_20260715/results/2uav20gu/fixed/maxweight_lyapunov/seedbase981000,uav_density_2uav_maxweight_lyapunov_fixed_seedbase981000,0,5.284,36.353240473079495,0.7364461408210917,0.21378734176260353,11.452527135833163,18.25273192524724,458101079.99193746,0.0,,,0.0,0.98428125,250.0,39999951.67650001,0.7368877775673389,
start,2026-07-15T02:54:55+08:00,uav_density,0,1,2,20,1500.0,0.8888888888888888,maxweight_lyapunov,Lyapunov,fixed,,fixed,982000,64,64,/home/sgy/workspace/sagin_marl_phase4_learning_ablation/runs/phase4_learning_ablation/3uav20gu_t250/uav_density_collision_smoke_20260715/configs/2uav20gu/structured_joint_mcgae_3uav20gu_t250_relational_critic.yaml,,maxweight_lyapunov,/home/sgy/workspace/sagin_marl_phase4_learning_ablation/runs/phase4_learning_ablation/3uav20gu_t250/uav_density_collision_smoke_20260715/results/2uav20gu/fixed/maxweight_lyapunov/seedbase982000,uav_density_2uav_maxweight_lyapunov_fixed_seedbase982000,,,,,,,,,,,,,,,,,
end,2026-07-15T02:55:00+08:00,uav_density,0,1,2,20,1500.0,0.8888888888888888,maxweight_lyapunov,Lyapunov,fixed,,fixed,982000,64,64,/home/sgy/workspace/sagin_marl_phase4_learning_ablation/runs/phase4_learning_ablation/3uav20gu_t250/uav_density_collision_smoke_20260715/configs/2uav20gu/structured_joint_mcgae_3uav20gu_t250_relational_critic.yaml,,maxweight_lyapunov,/home/sgy/workspace/sagin_marl_phase4_learning_ablation/runs/phase4_learning_ablation/3uav20gu_t250/uav_density_collision_smoke_20260715/results/2uav20gu/fixed/maxweight_lyapunov/seedbase982000,uav_density_2uav_maxweight_lyapunov_fixed_seedbase982000,0,5.264,35.75363341195043,0.7135962315001523,0.23723975961504398,11.876124683819711,18.989422764629122,475044981.97662485,0.0,,,0.0,0.9906562499999999,250.0,40000064.665,0.7137236385584235,
start,2026-07-15T02:55:00+08:00,uav_density,0,2,3,20,1500.0,1.3333333333333333,relcritic,STARS,learned,45211,selected,980000,64,64,/home/sgy/workspace/sagin_marl_phase4_learning_ablation/runs/phase4_learning_ablation/3uav20gu_t250/uav_density_collision_smoke_20260715/configs/3uav20gu/structured_joint_mcgae_3uav20gu_t250_relational_critic.yaml,/home/sgy/workspace/sagin_marl_phase4_learning_ablation/runs/phase4_learning_ablation/3uav20gu_t250/relational_critic/seed45211_20260711_213639_bootstrapgae_nocompile/best_checkpoint.pt,,/home/sgy/workspace/sagin_marl_phase4_learning_ablation/runs/phase4_learning_ablation/3uav20gu_t250/uav_density_collision_smoke_20260715/results/3uav20gu/learned/relcritic/seed45211/selected/seedbase980000,uav_density_3uav_relcritic_seed45211_selected_seedbase980000,,,,,,,,,,,,,,,,,
end,2026-07-15T02:55:06+08:00,uav_density,0,2,3,20,1500.0,1.3333333333333333,relcritic,STARS,learned,45211,selected,980000,64,64,/home/sgy/workspace/sagin_marl_phase4_learning_ablation/runs/phase4_learning_ablation/3uav20gu_t250/uav_density_collision_smoke_20260715/configs/3uav20gu/structured_joint_mcgae_3uav20gu_t250_relational_critic.yaml,/home/sgy/workspace/sagin_marl_phase4_learning_ablation/runs/phase4_learning_ablation/3uav20gu_t250/relational_critic/seed45211_20260711_213639_bootstrapgae_nocompile/best_checkpoint.pt,,/home/sgy/workspace/sagin_marl_phase4_learning_ablation/runs/phase4_learning_ablation/3uav20gu_t250/uav_density_collision_smoke_20260715/results/3uav20gu/learned/relcritic/seed45211/selected/seedbase980000,uav_density_3uav_relcritic_seed45211_selected_seedbase980000,0,5.944,71.7397727392381,0.8909266634313389,0.09096777820612259,5.030751847500519,7.850932529251366,201230071.64406246,0.0,,,0.0,0.5125312608173116,250.0,40000025.838750005,0.8911892173857207,
start,2026-07-15T02:55:06+08:00,uav_density,0,2,3,20,1500.0,1.3333333333333333,relcritic,STARS,learned,45211,selected,981000,64,64,/home/sgy/workspace/sagin_marl_phase4_learning_ablation/runs/phase4_learning_ablation/3uav20gu_t250/uav_density_collision_smoke_20260715/configs/3uav20gu/structured_joint_mcgae_3uav20gu_t250_relational_critic.yaml,/home/sgy/workspace/sagin_marl_phase4_learning_ablation/runs/phase4_learning_ablation/3uav20gu_t250/relational_critic/seed45211_20260711_213639_bootstrapgae_nocompile/best_checkpoint.pt,,/home/sgy/workspace/sagin_marl_phase4_learning_ablation/runs/phase4_learning_ablation/3uav20gu_t250/uav_density_collision_smoke_20260715/results/3uav20gu/learned/relcritic/seed45211/selected/seedbase981000,uav_density_3uav_relcritic_seed45211_selected_seedbase981000,,,,,,,,,,,,,,,,,
end,2026-07-15T02:55:12+08:00,uav_density,0,2,3,20,1500.0,1.3333333333333333,relcritic,STARS,learned,45211,selected,981000,64,64,/home/sgy/workspace/sagin_marl_phase4_learning_ablation/runs/phase4_learning_ablation/3uav20gu_t250/uav_density_collision_smoke_20260715/configs/3uav20gu/structured_joint_mcgae_3uav20gu_t250_relational_critic.yaml,/home/sgy/workspace/sagin_marl_phase4_learning_ablation/runs/phase4_learning_ablation/3uav20gu_t250/relational_critic/seed45211_20260711_213639_bootstrapgae_nocompile/best_checkpoint.pt,,/home/sgy/workspace/sagin_marl_phase4_learning_ablation/runs/phase4_learning_ablation/3uav20gu_t250/uav_density_collision_smoke_20260715/results/3uav20gu/learned/relcritic/seed45211/selected/seedbase981000,uav_density_3uav_relcritic_seed45211_selected_seedbase981000,0,6.039,69.0753453054931,0.890595830286853,0.0856417378739832,4.343859544630179,6.186799061695593,173754379.73950008,0.015625,,,0.015625,0.5259166770912707,246.109375,39999849.411,0.8909027108511893,
start,2026-07-15T02:55:12+08:00,uav_density,0,2,3,20,1500.0,1.3333333333333333,relcritic,STARS,learned,45211,selected,982000,64,64,/home/sgy/workspace/sagin_marl_phase4_learning_ablation/runs/phase4_learning_ablation/3uav20gu_t250/uav_density_collision_smoke_20260715/configs/3uav20gu/structured_joint_mcgae_3uav20gu_t250_relational_critic.yaml,/home/sgy/workspace/sagin_marl_phase4_learning_ablation/runs/phase4_learning_ablation/3uav20gu_t250/relational_critic/seed45211_20260711_213639_bootstrapgae_nocompile/best_checkpoint.pt,,/home/sgy/workspace/sagin_marl_phase4_learning_ablation/runs/phase4_learning_ablation/3uav20gu_t250/uav_density_collision_smoke_20260715/results/3uav20gu/learned/relcritic/seed45211/selected/seedbase982000,uav_density_3uav_relcritic_seed45211_selected_seedbase982000,,,,,,,,,,,,,,,,,
end,2026-07-15T02:55:18+08:00,uav_density,0,2,3,20,1500.0,1.3333333333333333,relcritic,STARS,learned,45211,selected,982000,64,64,/home/sgy/workspace/sagin_marl_phase4_learning_ablation/runs/phase4_learning_ablation/3uav20gu_t250/uav_density_collision_smoke_20260715/configs/3uav20gu/structured_joint_mcgae_3uav20gu_t250_relational_critic.yaml,/home/sgy/workspace/sagin_marl_phase4_learning_ablation/runs/phase4_learning_ablation/3uav20gu_t250/relational_critic/seed45211_20260711_213639_bootstrapgae_nocompile/best_checkpoint.pt,,/home/sgy/workspace/sagin_marl_phase4_learning_ablation/runs/phase4_learning_ablation/3uav20gu_t250/uav_density_collision_smoke_20260715/results/3uav20gu/learned/relcritic/seed45211/selected/seedbase982000,uav_density_3uav_relcritic_seed45211_selected_seedbase982000,0,5.946,71.17646468861494,0.9134174780393949,0.07348956318129876,4.363643430247534,5.990205951149312,174545735.17324996,0.0,,,0.0,0.5242343855146321,250.0,40000043.900750004,0.9138859586928855,
start,2026-07-15T02:55:18+08:00,uav_density,0,2,3,20,1500.0,1.3333333333333333,relcritic,STARS,learned,73129,selected,980000,64,64,/home/sgy/workspace/sagin_marl_phase4_learning_ablation/runs/phase4_learning_ablation/3uav20gu_t250/uav_density_collision_smoke_20260715/configs/3uav20gu/structured_joint_mcgae_3uav20gu_t250_relational_critic.yaml,/home/sgy/workspace/sagin_marl_phase4_learning_ablation/runs/phase4_learning_ablation/3uav20gu_t250/relational_critic/seed73129_20260711_213639_bootstrapgae_nocompile/best_checkpoint.pt,,/home/sgy/workspace/sagin_marl_phase4_learning_ablation/runs/phase4_learning_ablation/3uav20gu_t250/uav_density_collision_smoke_20260715/results/3uav20gu/learned/relcritic/seed73129/selected/seedbase980000,uav_density_3uav_relcritic_seed73129_selected_seedbase980000,,,,,,,,,,,,,,,,,
end,2026-07-15T02:55:24+08:00,uav_density,0,2,3,20,1500.0,1.3333333333333333,relcritic,STARS,learned,73129,selected,980000,64,64,/home/sgy/workspace/sagin_marl_phase4_learning_ablation/runs/phase4_learning_ablation/3uav20gu_t250/uav_density_collision_smoke_20260715/configs/3uav20gu/structured_joint_mcgae_3uav20gu_t250_relational_critic.yaml,/home/sgy/workspace/sagin_marl_phase4_learning_ablation/runs/phase4_learning_ablation/3uav20gu_t250/relational_critic/seed73129_20260711_213639_bootstrapgae_nocompile/best_checkpoint.pt,,/home/sgy/workspace/sagin_marl_phase4_learning_ablation/runs/phase4_learning_ablation/3uav20gu_t250/uav_density_collision_smoke_20260715/results/3uav20gu/learned/relcritic/seed73129/selected/seedbase980000,uav_density_3uav_relcritic_seed73129_selected_seedbase980000,0,5.982,72.28242365771439,0.8991655301945283,0.08501406894423416,4.334416880772053,6.70731653067829,173376673.17781252,0.0,,,0.0,0.5292291792454198,250.0,40000025.838750005,0.8997023663999566,
start,2026-07-15T02:55:24+08:00,uav_density,0,2,3,20,1500.0,1.3333333333333333,relcritic,STARS,learned,73129,selected,981000,64,64,/home/sgy/workspace/sagin_marl_phase4_learning_ablation/runs/phase4_learning_ablation/3uav20gu_t250/uav_density_collision_smoke_20260715/configs/3uav20gu/structured_joint_mcgae_3uav20gu_t250_relational_critic.yaml,/home/sgy/workspace/sagin_marl_phase4_learning_ablation/runs/phase4_learning_ablation/3uav20gu_t250/relational_critic/seed73129_20260711_213639_bootstrapgae_nocompile/best_checkpoint.pt,,/home/sgy/workspace/sagin_marl_phase4_learning_ablation/runs/phase4_learning_ablation/3uav20gu_t250/uav_density_collision_smoke_20260715/results/3uav20gu/learned/relcritic/seed73129/selected/seedbase981000,uav_density_3uav_relcritic_seed73129_selected_seedbase981000,,,,,,,,,,,,,,,,,
end,2026-07-15T02:55:30+08:00,uav_density,0,2,3,20,1500.0,1.3333333333333333,relcritic,STARS,learned,73129,selected,981000,64,64,/home/sgy/workspace/sagin_marl_phase4_learning_ablation/runs/phase4_learning_ablation/3uav20gu_t250/uav_density_collision_smoke_20260715/configs/3uav20gu/structured_joint_mcgae_3uav20gu_t250_relational_critic.yaml,/home/sgy/workspace/sagin_marl_phase4_learning_ablation/runs/phase4_learning_ablation/3uav20gu_t250/relational_critic/seed73129_20260711_213639_bootstrapgae_nocompile/best_checkpoint.pt,,/home/sgy/workspace/sagin_marl_phase4_learning_ablation/runs/phase4_learning_ablation/3uav20gu_t250/uav_density_collision_smoke_20260715/results/3uav20gu/learned/relcritic/seed73129/selected/seedbase981000,uav_density_3uav_relcritic_seed73129_selected_seedbase981000,0,6.060,70.94019590993412,0.9133710032095967,0.07394754868278708,3.824407441889392,5.270385197329136,152976295.88366523,0.015625,,,0.015625,0.4934594612943974,247.84375,39999963.14001785,0.9137688356736542,
start,2026-07-15T02:55:30+08:00,uav_density,0,2,3,20,1500.0,1.3333333333333333,relcritic,STARS,learned,73129,selected,982000,64,64,/home/sgy/workspace/sagin_marl_phase4_learning_ablation/runs/phase4_learning_ablation/3uav20gu_t250/uav_density_collision_smoke_20260715/configs/3uav20gu/structured_joint_mcgae_3uav20gu_t250_relational_critic.yaml,/home/sgy/workspace/sagin_marl_phase4_learning_ablation/runs/phase4_learning_ablation/3uav20gu_t250/relational_critic/seed73129_20260711_213639_bootstrapgae_nocompile/best_checkpoint.pt,,/home/sgy/workspace/sagin_marl_phase4_learning_ablation/runs/phase4_learning_ablation/3uav20gu_t250/uav_density_collision_smoke_20260715/results/3uav20gu/learned/relcritic/seed73129/selected/seedbase982000,uav_density_3uav_relcritic_seed73129_selected_seedbase982000,,,,,,,,,,,,,,,,,
end,2026-07-15T02:55:36+08:00,uav_density,0,2,3,20,1500.0,1.3333333333333333,relcritic,STARS,learned,73129,selected,982000,64,64,/home/sgy/workspace/sagin_marl_phase4_learning_ablation/runs/phase4_learning_ablation/3uav20gu_t250/uav_density_collision_smoke_20260715/configs/3uav20gu/structured_joint_mcgae_3uav20gu_t250_relational_critic.yaml,/home/sgy/workspace/sagin_marl_phase4_learning_ablation/runs/phase4_learning_ablation/3uav20gu_t250/relational_critic/seed73129_20260711_213639_bootstrapgae_nocompile/best_checkpoint.pt,,/home/sgy/workspace/sagin_marl_phase4_learning_ablation/runs/phase4_learning_ablation/3uav20gu_t250/uav_density_collision_smoke_20260715/results/3uav20gu/learned/relcritic/seed73129/selected/seedbase982000,uav_density_3uav_relcritic_seed73129_selected_seedbase982000,0,5.994,72.65286436770111,0.9219409269643944,0.06708730438555267,3.7597715033711716,5.085884161226281,150390858.33718747,0.0,,,0.0,0.5027968868799507,250.0,40000043.900750004,0.9224819940221083,
start,2026-07-15T02:55:36+08:00,uav_density,0,2,3,20,1500.0,1.3333333333333333,relcritic,STARS,learned,91457,selected,980000,64,64,/home/sgy/workspace/sagin_marl_phase4_learning_ablation/runs/phase4_learning_ablation/3uav20gu_t250/uav_density_collision_smoke_20260715/configs/3uav20gu/structured_joint_mcgae_3uav20gu_t250_relational_critic.yaml,/home/sgy/workspace/sagin_marl_phase4_learning_ablation/runs/phase4_learning_ablation/3uav20gu_t250/relational_critic/seed91457_20260712_124615_resume_u0400_bootstrapgae_nocompile/best_checkpoint.pt,,/home/sgy/workspace/sagin_marl_phase4_learning_ablation/runs/phase4_learning_ablation/3uav20gu_t250/uav_density_collision_smoke_20260715/results/3uav20gu/learned/relcritic/seed91457/selected/seedbase980000,uav_density_3uav_relcritic_seed91457_selected_seedbase980000,,,,,,,,,,,,,,,,,
end,2026-07-15T02:55:42+08:00,uav_density,0,2,3,20,1500.0,1.3333333333333333,relcritic,STARS,learned,91457,selected,980000,64,64,/home/sgy/workspace/sagin_marl_phase4_learning_ablation/runs/phase4_learning_ablation/3uav20gu_t250/uav_density_collision_smoke_20260715/configs/3uav20gu/structured_joint_mcgae_3uav20gu_t250_relational_critic.yaml,/home/sgy/workspace/sagin_marl_phase4_learning_ablation/runs/phase4_learning_ablation/3uav20gu_t250/relational_critic/seed91457_20260712_124615_resume_u0400_bootstrapgae_nocompile/best_checkpoint.pt,,/home/sgy/workspace/sagin_marl_phase4_learning_ablation/runs/phase4_learning_ablation/3uav20gu_t250/uav_density_collision_smoke_20260715/results/3uav20gu/learned/relcritic/seed91457/selected/seedbase980000,uav_density_3uav_relcritic_seed91457_selected_seedbase980000,0,5.979,72.54247483774088,0.927612487844657,0.0548737001310119,4.881834699137414,6.521144143478583,195273385.63187495,0.0,,,0.0,0.6022187620038164,250.0,40000025.838750005,0.9282946820240109,
start,2026-07-15T02:55:42+08:00,uav_density,0,2,3,20,1500.0,1.3333333333333333,relcritic,STARS,learned,91457,selected,981000,64,64,/home/sgy/workspace/sagin_marl_phase4_learning_ablation/runs/phase4_learning_ablation/3uav20gu_t250/uav_density_collision_smoke_20260715/configs/3uav20gu/structured_joint_mcgae_3uav20gu_t250_relational_critic.yaml,/home/sgy/workspace/sagin_marl_phase4_learning_ablation/runs/phase4_learning_ablation/3uav20gu_t250/relational_critic/seed91457_20260712_124615_resume_u0400_bootstrapgae_nocompile/best_checkpoint.pt,,/home/sgy/workspace/sagin_marl_phase4_learning_ablation/runs/phase4_learning_ablation/3uav20gu_t250/uav_density_collision_smoke_20260715/results/3uav20gu/learned/relcritic/seed91457/selected/seedbase981000,uav_density_3uav_relcritic_seed91457_selected_seedbase981000,,,,,,,,,,,,,,,,,
end,2026-07-15T02:55:48+08:00,uav_density,0,2,3,20,1500.0,1.3333333333333333,relcritic,STARS,learned,91457,selected,981000,64,64,/home/sgy/workspace/sagin_marl_phase4_learning_ablation/runs/phase4_learning_ablation/3uav20gu_t250/uav_density_collision_smoke_20260715/configs/3uav20gu/structured_joint_mcgae_3uav20gu_t250_relational_critic.yaml,/home/sgy/workspace/sagin_marl_phase4_learning_ablation/runs/phase4_learning_ablation/3uav20gu_t250/relational_critic/seed91457_20260712_124615_resume_u0400_bootstrapgae_nocompile/best_checkpoint.pt,,/home/sgy/workspace/sagin_marl_phase4_learning_ablation/runs/phase4_learning_ablation/3uav20gu_t250/uav_density_collision_smoke_20260715/results/3uav20gu/learned/relcritic/seed91457/selected/seedbase981000,uav_density_3uav_relcritic_seed91457_selected_seedbase981000,0,5.995,70.51415921351872,0.9142113052117639,0.06229108881404044,4.658467415603668,6.328430708780372,186338694.29143754,0.015625,,,0.015625,0.6006145946029572,246.109375,39999849.411,0.9151278775899829,
start,2026-07-15T02:55:48+08:00,uav_density,0,2,3,20,1500.0,1.3333333333333333,relcritic,STARS,learned,91457,selected,982000,64,64,/home/sgy/workspace/sagin_marl_phase4_learning_ablation/runs/phase4_learning_ablation/3uav20gu_t250/uav_density_collision_smoke_20260715/configs/3uav20gu/structured_joint_mcgae_3uav20gu_t250_relational_critic.yaml,/home/sgy/workspace/sagin_marl_phase4_learning_ablation/runs/phase4_learning_ablation/3uav20gu_t250/relational_critic/seed91457_20260712_124615_resume_u0400_bootstrapgae_nocompile/best_checkpoint.pt,,/home/sgy/workspace/sagin_marl_phase4_learning_ablation/runs/phase4_learning_ablation/3uav20gu_t250/uav_density_collision_smoke_20260715/results/3uav20gu/learned/relcritic/seed91457/selected/seedbase982000,uav_density_3uav_relcritic_seed91457_selected_seedbase982000,,,,,,,,,,,,,,,,,
end,2026-07-15T02:55:54+08:00,uav_density,0,2,3,20,1500.0,1.3333333333333333,relcritic,STARS,learned,91457,selected,982000,64,64,/home/sgy/workspace/sagin_marl_phase4_learning_ablation/runs/phase4_learning_ablation/3uav20gu_t250/uav_density_collision_smoke_20260715/configs/3uav20gu/structured_joint_mcgae_3uav20gu_t250_relational_critic.yaml,/home/sgy/workspace/sagin_marl_phase4_learning_ablation/runs/phase4_learning_ablation/3uav20gu_t250/relational_critic/seed91457_20260712_124615_resume_u0400_bootstrapgae_nocompile/best_checkpoint.pt,,/home/sgy/workspace/sagin_marl_phase4_learning_ablation/runs/phase4_learning_ablation/3uav20gu_t250/uav_density_collision_smoke_20260715/results/3uav20gu/learned/relcritic/seed91457/selected/seedbase982000,uav_density_3uav_relcritic_seed91457_selected_seedbase982000,0,5.998,68.23007590766065,0.9244558079130948,0.06162869759809974,4.970765561723186,6.645282835910334,198830619.87981254,0.0,,,0.0,0.5974323042528701,250.0,40000043.900750004,0.9249209309705079,
start,2026-07-15T02:55:54+08:00,uav_density,0,2,3,20,1500.0,1.3333333333333333,globalcritic,STARS-GC,learned,45211,selected,980000,64,64,/home/sgy/workspace/sagin_marl_phase4_learning_ablation/runs/phase4_learning_ablation/3uav20gu_t250/uav_density_collision_smoke_20260715/configs/3uav20gu/structured_joint_mcgae_3uav20gu_t250_global_only_critic.yaml,/home/sgy/workspace/sagin_marl_phase4_learning_ablation/runs/phase4_learning_ablation/3uav20gu_t250/global_only_critic/seed45211_20260712_124615_bootstrapgae_nocompile/best_checkpoint.pt,,/home/sgy/workspace/sagin_marl_phase4_learning_ablation/runs/phase4_learning_ablation/3uav20gu_t250/uav_density_collision_smoke_20260715/results/3uav20gu/learned/globalcritic/seed45211/selected/seedbase980000,uav_density_3uav_globalcritic_seed45211_selected_seedbase980000,,,,,,,,,,,,,,,,,
end,2026-07-15T02:56:00+08:00,uav_density,0,2,3,20,1500.0,1.3333333333333333,globalcritic,STARS-GC,learned,45211,selected,980000,64,64,/home/sgy/workspace/sagin_marl_phase4_learning_ablation/runs/phase4_learning_ablation/3uav20gu_t250/uav_density_collision_smoke_20260715/configs/3uav20gu/structured_joint_mcgae_3uav20gu_t250_global_only_critic.yaml,/home/sgy/workspace/sagin_marl_phase4_learning_ablation/runs/phase4_learning_ablation/3uav20gu_t250/global_only_critic/seed45211_20260712_124615_bootstrapgae_nocompile/best_checkpoint.pt,,/home/sgy/workspace/sagin_marl_phase4_learning_ablation/runs/phase4_learning_ablation/3uav20gu_t250/uav_density_collision_smoke_20260715/results/3uav20gu/learned/globalcritic/seed45211/selected/seedbase980000,uav_density_3uav_globalcritic_seed45211_selected_seedbase980000,0,6.079,74.19378194026649,0.9062007033550182,0.07182085707840653,4.432625425954621,5.994402358683146,177305015.00411454,0.015625,,,0.015625,0.7144869960673776,246.28125,40000029.638666674,0.9064311463974967,
start,2026-07-15T02:56:00+08:00,uav_density,0,2,3,20,1500.0,1.3333333333333333,globalcritic,STARS-GC,learned,45211,selected,981000,64,64,/home/sgy/workspace/sagin_marl_phase4_learning_ablation/runs/phase4_learning_ablation/3uav20gu_t250/uav_density_collision_smoke_20260715/configs/3uav20gu/structured_joint_mcgae_3uav20gu_t250_global_only_critic.yaml,/home/sgy/workspace/sagin_marl_phase4_learning_ablation/runs/phase4_learning_ablation/3uav20gu_t250/global_only_critic/seed45211_20260712_124615_bootstrapgae_nocompile/best_checkpoint.pt,,/home/sgy/workspace/sagin_marl_phase4_learning_ablation/runs/phase4_learning_ablation/3uav20gu_t250/uav_density_collision_smoke_20260715/results/3uav20gu/learned/globalcritic/seed45211/selected/seedbase981000,uav_density_3uav_globalcritic_seed45211_selected_seedbase981000,,,,,,,,,,,,,,,,,
end,2026-07-15T02:56:06+08:00,uav_density,0,2,3,20,1500.0,1.3333333333333333,globalcritic,STARS-GC,learned,45211,selected,981000,64,64,/home/sgy/workspace/sagin_marl_phase4_learning_ablation/runs/phase4_learning_ablation/3uav20gu_t250/uav_density_collision_smoke_20260715/configs/3uav20gu/structured_joint_mcgae_3uav20gu_t250_global_only_critic.yaml,/home/sgy/workspace/sagin_marl_phase4_learning_ablation/runs/phase4_learning_ablation/3uav20gu_t250/global_only_critic/seed45211_20260712_124615_bootstrapgae_nocompile/best_checkpoint.pt,,/home/sgy/workspace/sagin_marl_phase4_learning_ablation/runs/phase4_learning_ablation/3uav20gu_t250/uav_density_collision_smoke_20260715/results/3uav20gu/learned/globalcritic/seed45211/selected/seedbase981000,uav_density_3uav_globalcritic_seed45211_selected_seedbase981000,0,6.039,73.63272674684413,0.9023310903990639,0.08294767911145959,4.305137574394642,6.09391698055773,172205500.98562506,0.0,,,0.0,0.7175208512013777,250.0,39999962.112749994,0.9025669429284953,
start,2026-07-15T02:56:06+08:00,uav_density,0,2,3,20,1500.0,1.3333333333333333,globalcritic,STARS-GC,learned,45211,selected,982000,64,64,/home/sgy/workspace/sagin_marl_phase4_learning_ablation/runs/phase4_learning_ablation/3uav20gu_t250/uav_density_collision_smoke_20260715/configs/3uav20gu/structured_joint_mcgae_3uav20gu_t250_global_only_critic.yaml,/home/sgy/workspace/sagin_marl_phase4_learning_ablation/runs/phase4_learning_ablation/3uav20gu_t250/global_only_critic/seed45211_20260712_124615_bootstrapgae_nocompile/best_checkpoint.pt,,/home/sgy/workspace/sagin_marl_phase4_learning_ablation/runs/phase4_learning_ablation/3uav20gu_t250/uav_density_collision_smoke_20260715/results/3uav20gu/learned/globalcritic/seed45211/selected/seedbase982000,uav_density_3uav_globalcritic_seed45211_selected_seedbase982000,,,,,,,,,,,,,,,,,
end,2026-07-15T02:56:12+08:00,uav_density,0,2,3,20,1500.0,1.3333333333333333,globalcritic,STARS-GC,learned,45211,selected,982000,64,64,/home/sgy/workspace/sagin_marl_phase4_learning_ablation/runs/phase4_learning_ablation/3uav20gu_t250/uav_density_collision_smoke_20260715/configs/3uav20gu/structured_joint_mcgae_3uav20gu_t250_global_only_critic.yaml,/home/sgy/workspace/sagin_marl_phase4_learning_ablation/runs/phase4_learning_ablation/3uav20gu_t250/global_only_critic/seed45211_20260712_124615_bootstrapgae_nocompile/best_checkpoint.pt,,/home/sgy/workspace/sagin_marl_phase4_learning_ablation/runs/phase4_learning_ablation/3uav20gu_t250/uav_density_collision_smoke_20260715/results/3uav20gu/learned/globalcritic/seed45211/selected/seedbase982000,uav_density_3uav_globalcritic_seed45211_selected_seedbase982000,0,6.057,72.72459387802519,0.9082942350283264,0.0772292701345459,4.625732797155483,6.200343994508781,185029309.69562504,0.0,,,0.0,0.7255937671223656,250.0,40000043.900750004,0.9089875920223607,
start,2026-07-15T02:56:12+08:00,uav_density,0,2,3,20,1500.0,1.3333333333333333,globalcritic,STARS-GC,learned,73129,selected,980000,64,64,/home/sgy/workspace/sagin_marl_phase4_learning_ablation/runs/phase4_learning_ablation/3uav20gu_t250/uav_density_collision_smoke_20260715/configs/3uav20gu/structured_joint_mcgae_3uav20gu_t250_global_only_critic.yaml,/home/sgy/workspace/sagin_marl_phase4_learning_ablation/runs/phase4_learning_ablation/3uav20gu_t250/global_only_critic/seed73129_20260712_124615_bootstrapgae_nocompile/best_checkpoint.pt,,/home/sgy/workspace/sagin_marl_phase4_learning_ablation/runs/phase4_learning_ablation/3uav20gu_t250/uav_density_collision_smoke_20260715/results/3uav20gu/learned/globalcritic/seed73129/selected/seedbase980000,uav_density_3uav_globalcritic_seed73129_selected_seedbase980000,,,,,,,,,,,,,,,,,
end,2026-07-15T02:56:18+08:00,uav_density,0,2,3,20,1500.0,1.3333333333333333,globalcritic,STARS-GC,learned,73129,selected,980000,64,64,/home/sgy/workspace/sagin_marl_phase4_learning_ablation/runs/phase4_learning_ablation/3uav20gu_t250/uav_density_collision_smoke_20260715/configs/3uav20gu/structured_joint_mcgae_3uav20gu_t250_global_only_critic.yaml,/home/sgy/workspace/sagin_marl_phase4_learning_ablation/runs/phase4_learning_ablation/3uav20gu_t250/global_only_critic/seed73129_20260712_124615_bootstrapgae_nocompile/best_checkpoint.pt,,/home/sgy/workspace/sagin_marl_phase4_learning_ablation/runs/phase4_learning_ablation/3uav20gu_t250/uav_density_collision_smoke_20260715/results/3uav20gu/learned/globalcritic/seed73129/selected/seedbase980000,uav_density_3uav_globalcritic_seed73129_selected_seedbase980000,0,6.104,34.83149920718279,0.6308256029240632,0.32860740685548784,9.475435784385231,23.805324618060144,379017426.96854144,0.015625,,,0.015625,0.9817083344012498,247.265625,40000031.878166676,0.6313268836916711,
start,2026-07-15T02:56:18+08:00,uav_density,0,2,3,20,1500.0,1.3333333333333333,globalcritic,STARS-GC,learned,73129,selected,981000,64,64,/home/sgy/workspace/sagin_marl_phase4_learning_ablation/runs/phase4_learning_ablation/3uav20gu_t250/uav_density_collision_smoke_20260715/configs/3uav20gu/structured_joint_mcgae_3uav20gu_t250_global_only_critic.yaml,/home/sgy/workspace/sagin_marl_phase4_learning_ablation/runs/phase4_learning_ablation/3uav20gu_t250/global_only_critic/seed73129_20260712_124615_bootstrapgae_nocompile/best_checkpoint.pt,,/home/sgy/workspace/sagin_marl_phase4_learning_ablation/runs/phase4_learning_ablation/3uav20gu_t250/uav_density_collision_smoke_20260715/results/3uav20gu/learned/globalcritic/seed73129/selected/seedbase981000,uav_density_3uav_globalcritic_seed73129_selected_seedbase981000,,,,,,,,,,,,,,,,,
end,2026-07-15T02:56:24+08:00,uav_density,0,2,3,20,1500.0,1.3333333333333333,globalcritic,STARS-GC,learned,73129,selected,981000,64,64,/home/sgy/workspace/sagin_marl_phase4_learning_ablation/runs/phase4_learning_ablation/3uav20gu_t250/uav_density_collision_smoke_20260715/configs/3uav20gu/structured_joint_mcgae_3uav20gu_t250_global_only_critic.yaml,/home/sgy/workspace/sagin_marl_phase4_learning_ablation/runs/phase4_learning_ablation/3uav20gu_t250/global_only_critic/seed73129_20260712_124615_bootstrapgae_nocompile/best_checkpoint.pt,,/home/sgy/workspace/sagin_marl_phase4_learning_ablation/runs/phase4_learning_ablation/3uav20gu_t250/uav_density_collision_smoke_20260715/results/3uav20gu/learned/globalcritic/seed73129/selected/seedbase981000,uav_density_3uav_globalcritic_seed73129_selected_seedbase981000,0,6.110,35.80184237414505,0.6566592423683884,0.30304820481102085,8.342225452980562,19.128341312325002,333689014.1275753,0.03125,,,0.03125,0.9831271268466903,246.46875,39999966.967139676,0.6570604844222704,
start,2026-07-15T02:56:24+08:00,uav_density,0,2,3,20,1500.0,1.3333333333333333,globalcritic,STARS-GC,learned,73129,selected,982000,64,64,/home/sgy/workspace/sagin_marl_phase4_learning_ablation/runs/phase4_learning_ablation/3uav20gu_t250/uav_density_collision_smoke_20260715/configs/3uav20gu/structured_joint_mcgae_3uav20gu_t250_global_only_critic.yaml,/home/sgy/workspace/sagin_marl_phase4_learning_ablation/runs/phase4_learning_ablation/3uav20gu_t250/global_only_critic/seed73129_20260712_124615_bootstrapgae_nocompile/best_checkpoint.pt,,/home/sgy/workspace/sagin_marl_phase4_learning_ablation/runs/phase4_learning_ablation/3uav20gu_t250/uav_density_collision_smoke_20260715/results/3uav20gu/learned/globalcritic/seed73129/selected/seedbase982000,uav_density_3uav_globalcritic_seed73129_selected_seedbase982000,,,,,,,,,,,,,,,,,
end,2026-07-15T02:56:30+08:00,uav_density,0,2,3,20,1500.0,1.3333333333333333,globalcritic,STARS-GC,learned,73129,selected,982000,64,64,/home/sgy/workspace/sagin_marl_phase4_learning_ablation/runs/phase4_learning_ablation/3uav20gu_t250/uav_density_collision_smoke_20260715/configs/3uav20gu/structured_joint_mcgae_3uav20gu_t250_global_only_critic.yaml,/home/sgy/workspace/sagin_marl_phase4_learning_ablation/runs/phase4_learning_ablation/3uav20gu_t250/global_only_critic/seed73129_20260712_124615_bootstrapgae_nocompile/best_checkpoint.pt,,/home/sgy/workspace/sagin_marl_phase4_learning_ablation/runs/phase4_learning_ablation/3uav20gu_t250/uav_density_collision_smoke_20260715/results/3uav20gu/learned/globalcritic/seed73129/selected/seedbase982000,uav_density_3uav_globalcritic_seed73129_selected_seedbase982000,0,6.019,35.4909803570481,0.6676013280442163,0.2859810199051058,8.514008640067944,19.003323019237346,340560341.5879958,0.046875,,,0.046875,0.9817054934979161,243.5,40000029.32965849,0.6679257436969579,
start,2026-07-15T02:56:30+08:00,uav_density,0,2,3,20,1500.0,1.3333333333333333,globalcritic,STARS-GC,learned,91457,selected,980000,64,64,/home/sgy/workspace/sagin_marl_phase4_learning_ablation/runs/phase4_learning_ablation/3uav20gu_t250/uav_density_collision_smoke_20260715/configs/3uav20gu/structured_joint_mcgae_3uav20gu_t250_global_only_critic.yaml,/home/sgy/workspace/sagin_marl_phase4_learning_ablation/runs/phase4_learning_ablation/3uav20gu_t250/global_only_critic/seed91457_20260712_124615_bootstrapgae_nocompile/best_checkpoint.pt,,/home/sgy/workspace/sagin_marl_phase4_learning_ablation/runs/phase4_learning_ablation/3uav20gu_t250/uav_density_collision_smoke_20260715/results/3uav20gu/learned/globalcritic/seed91457/selected/seedbase980000,uav_density_3uav_globalcritic_seed91457_selected_seedbase980000,,,,,,,,,,,,,,,,,
end,2026-07-15T02:56:36+08:00,uav_density,0,2,3,20,1500.0,1.3333333333333333,globalcritic,STARS-GC,learned,91457,selected,980000,64,64,/home/sgy/workspace/sagin_marl_phase4_learning_ablation/runs/phase4_learning_ablation/3uav20gu_t250/uav_density_collision_smoke_20260715/configs/3uav20gu/structured_joint_mcgae_3uav20gu_t250_global_only_critic.yaml,/home/sgy/workspace/sagin_marl_phase4_learning_ablation/runs/phase4_learning_ablation/3uav20gu_t250/global_only_critic/seed91457_20260712_124615_bootstrapgae_nocompile/best_checkpoint.pt,,/home/sgy/workspace/sagin_marl_phase4_learning_ablation/runs/phase4_learning_ablation/3uav20gu_t250/uav_density_collision_smoke_20260715/results/3uav20gu/learned/globalcritic/seed91457/selected/seedbase980000,uav_density_3uav_globalcritic_seed91457_selected_seedbase980000,0,6.081,33.4761058256845,0.6264869995246888,0.3269219227923812,9.277453678166891,20.93738509058272,371098142.67050135,0.078125,,,0.078125,0.779517247825364,240.953125,40000030.70491591,0.6270472105938134,
start,2026-07-15T02:56:36+08:00,uav_density,0,2,3,20,1500.0,1.3333333333333333,globalcritic,STARS-GC,learned,91457,selected,981000,64,64,/home/sgy/workspace/sagin_marl_phase4_learning_ablation/runs/phase4_learning_ablation/3uav20gu_t250/uav_density_collision_smoke_20260715/configs/3uav20gu/structured_joint_mcgae_3uav20gu_t250_global_only_critic.yaml,/home/sgy/workspace/sagin_marl_phase4_learning_ablation/runs/phase4_learning_ablation/3uav20gu_t250/global_only_critic/seed91457_20260712_124615_bootstrapgae_nocompile/best_checkpoint.pt,,/home/sgy/workspace/sagin_marl_phase4_learning_ablation/runs/phase4_learning_ablation/3uav20gu_t250/uav_density_collision_smoke_20260715/results/3uav20gu/learned/globalcritic/seed91457/selected/seedbase981000,uav_density_3uav_globalcritic_seed91457_selected_seedbase981000,,,,,,,,,,,,,,,,,
end,2026-07-15T02:56:42+08:00,uav_density,0,2,3,20,1500.0,1.3333333333333333,globalcritic,STARS-GC,learned,91457,selected,981000,64,64,/home/sgy/workspace/sagin_marl_phase4_learning_ablation/runs/phase4_learning_ablation/3uav20gu_t250/uav_density_collision_smoke_20260715/configs/3uav20gu/structured_joint_mcgae_3uav20gu_t250_global_only_critic.yaml,/home/sgy/workspace/sagin_marl_phase4_learning_ablation/runs/phase4_learning_ablation/3uav20gu_t250/global_only_critic/seed91457_20260712_124615_bootstrapgae_nocompile/best_checkpoint.pt,,/home/sgy/workspace/sagin_marl_phase4_learning_ablation/runs/phase4_learning_ablation/3uav20gu_t250/uav_density_collision_smoke_20260715/results/3uav20gu/learned/globalcritic/seed91457/selected/seedbase981000,uav_density_3uav_globalcritic_seed91457_selected_seedbase981000,0,5.990,32.15408447070513,0.5984282042292395,0.33894369676288166,9.312368952037636,22.253394159837725,372494753.741827,0.09375,,,0.09375,0.7915387435182178,236.265625,39999844.73744741,0.5989783226715216,
start,2026-07-15T02:56:42+08:00,uav_density,0,2,3,20,1500.0,1.3333333333333333,globalcritic,STARS-GC,learned,91457,selected,982000,64,64,/home/sgy/workspace/sagin_marl_phase4_learning_ablation/runs/phase4_learning_ablation/3uav20gu_t250/uav_density_collision_smoke_20260715/configs/3uav20gu/structured_joint_mcgae_3uav20gu_t250_global_only_critic.yaml,/home/sgy/workspace/sagin_marl_phase4_learning_ablation/runs/phase4_learning_ablation/3uav20gu_t250/global_only_critic/seed91457_20260712_124615_bootstrapgae_nocompile/best_checkpoint.pt,,/home/sgy/workspace/sagin_marl_phase4_learning_ablation/runs/phase4_learning_ablation/3uav20gu_t250/uav_density_collision_smoke_20260715/results/3uav20gu/learned/globalcritic/seed91457/selected/seedbase982000,uav_density_3uav_globalcritic_seed91457_selected_seedbase982000,,,,,,,,,,,,,,,,,
end,2026-07-15T02:56:48+08:00,uav_density,0,2,3,20,1500.0,1.3333333333333333,globalcritic,STARS-GC,learned,91457,selected,982000,64,64,/home/sgy/workspace/sagin_marl_phase4_learning_ablation/runs/phase4_learning_ablation/3uav20gu_t250/uav_density_collision_smoke_20260715/configs/3uav20gu/structured_joint_mcgae_3uav20gu_t250_global_only_critic.yaml,/home/sgy/workspace/sagin_marl_phase4_learning_ablation/runs/phase4_learning_ablation/3uav20gu_t250/global_only_critic/seed91457_20260712_124615_bootstrapgae_nocompile/best_checkpoint.pt,,/home/sgy/workspace/sagin_marl_phase4_learning_ablation/runs/phase4_learning_ablation/3uav20gu_t250/uav_density_collision_smoke_20260715/results/3uav20gu/learned/globalcritic/seed91457/selected/seedbase982000,uav_density_3uav_globalcritic_seed91457_selected_seedbase982000,0,6.077,34.091504979820456,0.6335641666752364,0.3207395063152109,9.454229668453655,21.568562988757005,378169182.3925296,0.0625,,,0.0625,0.7732610950729603,243.390625,40000029.6977079,0.6342561294109911,
start,2026-07-15T02:56:48+08:00,uav_density,0,2,3,20,1500.0,1.3333333333333333,cluster_center_queue_aware,QCCS,fixed,,fixed,980000,64,64,/home/sgy/workspace/sagin_marl_phase4_learning_ablation/runs/phase4_learning_ablation/3uav20gu_t250/uav_density_collision_smoke_20260715/configs/3uav20gu/structured_joint_mcgae_3uav20gu_t250_relational_critic.yaml,,cluster_center_queue_aware,/home/sgy/workspace/sagin_marl_phase4_learning_ablation/runs/phase4_learning_ablation/3uav20gu_t250/uav_density_collision_smoke_20260715/results/3uav20gu/fixed/cluster_center_queue_aware/seedbase980000,uav_density_3uav_cluster_center_queue_aware_fixed_seedbase980000,,,,,,,,,,,,,,,,,
end,2026-07-15T02:56:54+08:00,uav_density,0,2,3,20,1500.0,1.3333333333333333,cluster_center_queue_aware,QCCS,fixed,,fixed,980000,64,64,/home/sgy/workspace/sagin_marl_phase4_learning_ablation/runs/phase4_learning_ablation/3uav20gu_t250/uav_density_collision_smoke_20260715/configs/3uav20gu/structured_joint_mcgae_3uav20gu_t250_relational_critic.yaml,,cluster_center_queue_aware,/home/sgy/workspace/sagin_marl_phase4_learning_ablation/runs/phase4_learning_ablation/3uav20gu_t250/uav_density_collision_smoke_20260715/results/3uav20gu/fixed/cluster_center_queue_aware/seedbase980000,uav_density_3uav_cluster_center_queue_aware_fixed_seedbase980000,0,5.402,50.07149147707969,0.8893830855495758,0.0831476917647501,6.307818739284296,8.897646830207206,252312746.6993125,0.0,,,0.0,0.7595729233901952,250.0,40000025.838750005,0.8981113094440281,
start,2026-07-15T02:56:54+08:00,uav_density,0,2,3,20,1500.0,1.3333333333333333,cluster_center_queue_aware,QCCS,fixed,,fixed,981000,64,64,/home/sgy/workspace/sagin_marl_phase4_learning_ablation/runs/phase4_learning_ablation/3uav20gu_t250/uav_density_collision_smoke_20260715/configs/3uav20gu/structured_joint_mcgae_3uav20gu_t250_relational_critic.yaml,,cluster_center_queue_aware,/home/sgy/workspace/sagin_marl_phase4_learning_ablation/runs/phase4_learning_ablation/3uav20gu_t250/uav_density_collision_smoke_20260715/results/3uav20gu/fixed/cluster_center_queue_aware/seedbase981000,uav_density_3uav_cluster_center_queue_aware_fixed_seedbase981000,,,,,,,,,,,,,,,,,
end,2026-07-15T02:56:59+08:00,uav_density,0,2,3,20,1500.0,1.3333333333333333,cluster_center_queue_aware,QCCS,fixed,,fixed,981000,64,64,/home/sgy/workspace/sagin_marl_phase4_learning_ablation/runs/phase4_learning_ablation/3uav20gu_t250/uav_density_collision_smoke_20260715/configs/3uav20gu/structured_joint_mcgae_3uav20gu_t250_relational_critic.yaml,,cluster_center_queue_aware,/home/sgy/workspace/sagin_marl_phase4_learning_ablation/runs/phase4_learning_ablation/3uav20gu_t250/uav_density_collision_smoke_20260715/results/3uav20gu/fixed/cluster_center_queue_aware/seedbase981000,uav_density_3uav_cluster_center_queue_aware_fixed_seedbase981000,0,5.515,50.5593010870507,0.8889185655671173,0.08184445170490992,6.085739245018076,8.360592657965727,243429567.0913125,0.015625,,,0.015625,0.7511875069011008,246.875,39999964.05575,0.8986849999883851,
start,2026-07-15T02:56:59+08:00,uav_density,0,2,3,20,1500.0,1.3333333333333333,cluster_center_queue_aware,QCCS,fixed,,fixed,982000,64,64,/home/sgy/workspace/sagin_marl_phase4_learning_ablation/runs/phase4_learning_ablation/3uav20gu_t250/uav_density_collision_smoke_20260715/configs/3uav20gu/structured_joint_mcgae_3uav20gu_t250_relational_critic.yaml,,cluster_center_queue_aware,/home/sgy/workspace/sagin_marl_phase4_learning_ablation/runs/phase4_learning_ablation/3uav20gu_t250/uav_density_collision_smoke_20260715/results/3uav20gu/fixed/cluster_center_queue_aware/seedbase982000,uav_density_3uav_cluster_center_queue_aware_fixed_seedbase982000,,,,,,,,,,,,,,,,,
end,2026-07-15T02:57:05+08:00,uav_density,0,2,3,20,1500.0,1.3333333333333333,cluster_center_queue_aware,QCCS,fixed,,fixed,982000,64,64,/home/sgy/workspace/sagin_marl_phase4_learning_ablation/runs/phase4_learning_ablation/3uav20gu_t250/uav_density_collision_smoke_20260715/configs/3uav20gu/structured_joint_mcgae_3uav20gu_t250_relational_critic.yaml,,cluster_center_queue_aware,/home/sgy/workspace/sagin_marl_phase4_learning_ablation/runs/phase4_learning_ablation/3uav20gu_t250/uav_density_collision_smoke_20260715/results/3uav20gu/fixed/cluster_center_queue_aware/seedbase982000,uav_density_3uav_cluster_center_queue_aware_fixed_seedbase982000,0,5.379,50.71405506902374,0.9013056284380145,0.073332434633714,6.142568752005929,8.279182336790951,245702747.106,0.0,,,0.0,0.7747395896930251,250.0,40000043.900750004,0.9108509858152983,
start,2026-07-15T02:57:05+08:00,uav_density,0,2,3,20,1500.0,1.3333333333333333,maxweight_lyapunov,Lyapunov,fixed,,fixed,980000,64,64,/home/sgy/workspace/sagin_marl_phase4_learning_ablation/runs/phase4_learning_ablation/3uav20gu_t250/uav_density_collision_smoke_20260715/configs/3uav20gu/structured_joint_mcgae_3uav20gu_t250_relational_critic.yaml,,maxweight_lyapunov,/home/sgy/workspace/sagin_marl_phase4_learning_ablation/runs/phase4_learning_ablation/3uav20gu_t250/uav_density_collision_smoke_20260715/results/3uav20gu/fixed/maxweight_lyapunov/seedbase980000,uav_density_3uav_maxweight_lyapunov_fixed_seedbase980000,,,,,,,,,,,,,,,,,
end,2026-07-15T02:57:10+08:00,uav_density,0,2,3,20,1500.0,1.3333333333333333,maxweight_lyapunov,Lyapunov,fixed,,fixed,980000,64,64,/home/sgy/workspace/sagin_marl_phase4_learning_ablation/runs/phase4_learning_ablation/3uav20gu_t250/uav_density_collision_smoke_20260715/configs/3uav20gu/structured_joint_mcgae_3uav20gu_t250_relational_critic.yaml,,maxweight_lyapunov,/home/sgy/workspace/sagin_marl_phase4_learning_ablation/runs/phase4_learning_ablation/3uav20gu_t250/uav_density_collision_smoke_20260715/results/3uav20gu/fixed/maxweight_lyapunov/seedbase980000,uav_density_3uav_maxweight_lyapunov_fixed_seedbase980000,0,5.367,44.08374192600604,0.8381952912121778,0.12794770197427535,8.007914853367955,11.715912342786323,320316590.38287485,0.0,,,0.0,0.9724791682809595,250.0,40000025.838750005,0.845391899422828,
start,2026-07-15T02:57:10+08:00,uav_density,0,2,3,20,1500.0,1.3333333333333333,maxweight_lyapunov,Lyapunov,fixed,,fixed,981000,64,64,/home/sgy/workspace/sagin_marl_phase4_learning_ablation/runs/phase4_learning_ablation/3uav20gu_t250/uav_density_collision_smoke_20260715/configs/3uav20gu/structured_joint_mcgae_3uav20gu_t250_relational_critic.yaml,,maxweight_lyapunov,/home/sgy/workspace/sagin_marl_phase4_learning_ablation/runs/phase4_learning_ablation/3uav20gu_t250/uav_density_collision_smoke_20260715/results/3uav20gu/fixed/maxweight_lyapunov/seedbase981000,uav_density_3uav_maxweight_lyapunov_fixed_seedbase981000,,,,,,,,,,,,,,,,,
end,2026-07-15T02:57:16+08:00,uav_density,0,2,3,20,1500.0,1.3333333333333333,maxweight_lyapunov,Lyapunov,fixed,,fixed,981000,64,64,/home/sgy/workspace/sagin_marl_phase4_learning_ablation/runs/phase4_learning_ablation/3uav20gu_t250/uav_density_collision_smoke_20260715/configs/3uav20gu/structured_joint_mcgae_3uav20gu_t250_relational_critic.yaml,,maxweight_lyapunov,/home/sgy/workspace/sagin_marl_phase4_learning_ablation/runs/phase4_learning_ablation/3uav20gu_t250/uav_density_collision_smoke_20260715/results/3uav20gu/fixed/maxweight_lyapunov/seedbase981000,uav_density_3uav_maxweight_lyapunov_fixed_seedbase981000,0,5.379,45.198996210470796,0.8450745913498107,0.12705994767404197,7.522842796677024,10.583848085634266,300913708.3924999,0.0,,,0.0,0.9719687516689304,250.0,39999962.112749994,0.8494476636267823,
start,2026-07-15T02:57:16+08:00,uav_density,0,2,3,20,1500.0,1.3333333333333333,maxweight_lyapunov,Lyapunov,fixed,,fixed,982000,64,64,/home/sgy/workspace/sagin_marl_phase4_learning_ablation/runs/phase4_learning_ablation/3uav20gu_t250/uav_density_collision_smoke_20260715/configs/3uav20gu/structured_joint_mcgae_3uav20gu_t250_relational_critic.yaml,,maxweight_lyapunov,/home/sgy/workspace/sagin_marl_phase4_learning_ablation/runs/phase4_learning_ablation/3uav20gu_t250/uav_density_collision_smoke_20260715/results/3uav20gu/fixed/maxweight_lyapunov/seedbase982000,uav_density_3uav_maxweight_lyapunov_fixed_seedbase982000,,,,,,,,,,,,,,,,,
end,2026-07-15T02:57:21+08:00,uav_density,0,2,3,20,1500.0,1.3333333333333333,maxweight_lyapunov,Lyapunov,fixed,,fixed,982000,64,64,/home/sgy/workspace/sagin_marl_phase4_learning_ablation/runs/phase4_learning_ablation/3uav20gu_t250/uav_density_collision_smoke_20260715/configs/3uav20gu/structured_joint_mcgae_3uav20gu_t250_relational_critic.yaml,,maxweight_lyapunov,/home/sgy/workspace/sagin_marl_phase4_learning_ablation/runs/phase4_learning_ablation/3uav20gu_t250/uav_density_collision_smoke_20260715/results/3uav20gu/fixed/maxweight_lyapunov/seedbase982000,uav_density_3uav_maxweight_lyapunov_fixed_seedbase982000,0,5.434,44.68621475843247,0.8525861518641467,0.1175296711899409,7.655579813910882,10.608232268210033,306223188.96962506,0.0,,,0.0,0.9726250015981498,250.0,40000043.900750004,0.8581767243497882,
start,2026-07-15T02:57:21+08:00,uav_density,0,3,4,20,1500.0,1.7777777777777777,relcritic,STARS,learned,45211,selected,980000,64,64,/home/sgy/workspace/sagin_marl_phase4_learning_ablation/runs/phase4_learning_ablation/3uav20gu_t250/uav_density_collision_smoke_20260715/configs/4uav20gu/structured_joint_mcgae_3uav20gu_t250_relational_critic.yaml,/home/sgy/workspace/sagin_marl_phase4_learning_ablation/runs/phase4_learning_ablation/3uav20gu_t250/relational_critic/seed45211_20260711_213639_bootstrapgae_nocompile/best_checkpoint.pt,,/home/sgy/workspace/sagin_marl_phase4_learning_ablation/runs/phase4_learning_ablation/3uav20gu_t250/uav_density_collision_smoke_20260715/results/4uav20gu/learned/relcritic/seed45211/selected/seedbase980000,uav_density_4uav_relcritic_seed45211_selected_seedbase980000,,,,,,,,,,,,,,,,,
end,2026-07-15T02:57:27+08:00,uav_density,0,3,4,20,1500.0,1.7777777777777777,relcritic,STARS,learned,45211,selected,980000,64,64,/home/sgy/workspace/sagin_marl_phase4_learning_ablation/runs/phase4_learning_ablation/3uav20gu_t250/uav_density_collision_smoke_20260715/configs/4uav20gu/structured_joint_mcgae_3uav20gu_t250_relational_critic.yaml,/home/sgy/workspace/sagin_marl_phase4_learning_ablation/runs/phase4_learning_ablation/3uav20gu_t250/relational_critic/seed45211_20260711_213639_bootstrapgae_nocompile/best_checkpoint.pt,,/home/sgy/workspace/sagin_marl_phase4_learning_ablation/runs/phase4_learning_ablation/3uav20gu_t250/uav_density_collision_smoke_20260715/results/4uav20gu/learned/relcritic/seed45211/selected/seedbase980000,uav_density_4uav_relcritic_seed45211_selected_seedbase980000,0,6.228,62.20549901784398,0.8802927755631971,0.09441950863908141,4.938351363423608,7.205992634691896,197534052.17712498,0.015625,,,0.015625,0.48633594819158316,246.109375,40000102.5295,0.8804350810903318,
start,2026-07-15T02:57:27+08:00,uav_density,0,3,4,20,1500.0,1.7777777777777777,relcritic,STARS,learned,45211,selected,981000,64,64,/home/sgy/workspace/sagin_marl_phase4_learning_ablation/runs/phase4_learning_ablation/3uav20gu_t250/uav_density_collision_smoke_20260715/configs/4uav20gu/structured_joint_mcgae_3uav20gu_t250_relational_critic.yaml,/home/sgy/workspace/sagin_marl_phase4_learning_ablation/runs/phase4_learning_ablation/3uav20gu_t250/relational_critic/seed45211_20260711_213639_bootstrapgae_nocompile/best_checkpoint.pt,,/home/sgy/workspace/sagin_marl_phase4_learning_ablation/runs/phase4_learning_ablation/3uav20gu_t250/uav_density_collision_smoke_20260715/results/4uav20gu/learned/relcritic/seed45211/selected/seedbase981000,uav_density_4uav_relcritic_seed45211_selected_seedbase981000,,,,,,,,,,,,,,,,,
end,2026-07-15T02:57:33+08:00,uav_density,0,3,4,20,1500.0,1.7777777777777777,relcritic,STARS,learned,45211,selected,981000,64,64,/home/sgy/workspace/sagin_marl_phase4_learning_ablation/runs/phase4_learning_ablation/3uav20gu_t250/uav_density_collision_smoke_20260715/configs/4uav20gu/structured_joint_mcgae_3uav20gu_t250_relational_critic.yaml,/home/sgy/workspace/sagin_marl_phase4_learning_ablation/runs/phase4_learning_ablation/3uav20gu_t250/relational_critic/seed45211_20260711_213639_bootstrapgae_nocompile/best_checkpoint.pt,,/home/sgy/workspace/sagin_marl_phase4_learning_ablation/runs/phase4_learning_ablation/3uav20gu_t250/uav_density_collision_smoke_20260715/results/4uav20gu/learned/relcritic/seed45211/selected/seedbase981000,uav_density_4uav_relcritic_seed45211_selected_seedbase981000,0,6.256,60.70639929338358,0.8843498371466995,0.0950027286433051,4.5394086361493695,6.372783423939647,181576343.352,0.015625,,,0.015625,0.4845130315534771,246.109375,39999905.86774999,0.8864498361344691,
start,2026-07-15T02:57:33+08:00,uav_density,0,3,4,20,1500.0,1.7777777777777777,relcritic,STARS,learned,45211,selected,982000,64,64,/home/sgy/workspace/sagin_marl_phase4_learning_ablation/runs/phase4_learning_ablation/3uav20gu_t250/uav_density_collision_smoke_20260715/configs/4uav20gu/structured_joint_mcgae_3uav20gu_t250_relational_critic.yaml,/home/sgy/workspace/sagin_marl_phase4_learning_ablation/runs/phase4_learning_ablation/3uav20gu_t250/relational_critic/seed45211_20260711_213639_bootstrapgae_nocompile/best_checkpoint.pt,,/home/sgy/workspace/sagin_marl_phase4_learning_ablation/runs/phase4_learning_ablation/3uav20gu_t250/uav_density_collision_smoke_20260715/results/4uav20gu/learned/relcritic/seed45211/selected/seedbase982000,uav_density_4uav_relcritic_seed45211_selected_seedbase982000,,,,,,,,,,,,,,,,,
end,2026-07-15T02:57:40+08:00,uav_density,0,3,4,20,1500.0,1.7777777777777777,relcritic,STARS,learned,45211,selected,982000,64,64,/home/sgy/workspace/sagin_marl_phase4_learning_ablation/runs/phase4_learning_ablation/3uav20gu_t250/uav_density_collision_smoke_20260715/configs/4uav20gu/structured_joint_mcgae_3uav20gu_t250_relational_critic.yaml,/home/sgy/workspace/sagin_marl_phase4_learning_ablation/runs/phase4_learning_ablation/3uav20gu_t250/relational_critic/seed45211_20260711_213639_bootstrapgae_nocompile/best_checkpoint.pt,,/home/sgy/workspace/sagin_marl_phase4_learning_ablation/runs/phase4_learning_ablation/3uav20gu_t250/uav_density_collision_smoke_20260715/results/4uav20gu/learned/relcritic/seed45211/selected/seedbase982000,uav_density_4uav_relcritic_seed45211_selected_seedbase982000,0,6.264,63.68089678999968,0.879986847939901,0.10224599983219267,4.9542013845438575,7.266680351215279,198168052.92112502,0.0,,,0.0,0.48050001121126107,250.0,40000046.536249995,0.880458549669719,
start,2026-07-15T02:57:40+08:00,uav_density,0,3,4,20,1500.0,1.7777777777777777,relcritic,STARS,learned,73129,selected,980000,64,64,/home/sgy/workspace/sagin_marl_phase4_learning_ablation/runs/phase4_learning_ablation/3uav20gu_t250/uav_density_collision_smoke_20260715/configs/4uav20gu/structured_joint_mcgae_3uav20gu_t250_relational_critic.yaml,/home/sgy/workspace/sagin_marl_phase4_learning_ablation/runs/phase4_learning_ablation/3uav20gu_t250/relational_critic/seed73129_20260711_213639_bootstrapgae_nocompile/best_checkpoint.pt,,/home/sgy/workspace/sagin_marl_phase4_learning_ablation/runs/phase4_learning_ablation/3uav20gu_t250/uav_density_collision_smoke_20260715/results/4uav20gu/learned/relcritic/seed73129/selected/seedbase980000,uav_density_4uav_relcritic_seed73129_selected_seedbase980000,,,,,,,,,,,,,,,,,
end,2026-07-15T02:57:46+08:00,uav_density,0,3,4,20,1500.0,1.7777777777777777,relcritic,STARS,learned,73129,selected,980000,64,64,/home/sgy/workspace/sagin_marl_phase4_learning_ablation/runs/phase4_learning_ablation/3uav20gu_t250/uav_density_collision_smoke_20260715/configs/4uav20gu/structured_joint_mcgae_3uav20gu_t250_relational_critic.yaml,/home/sgy/workspace/sagin_marl_phase4_learning_ablation/runs/phase4_learning_ablation/3uav20gu_t250/relational_critic/seed73129_20260711_213639_bootstrapgae_nocompile/best_checkpoint.pt,,/home/sgy/workspace/sagin_marl_phase4_learning_ablation/runs/phase4_learning_ablation/3uav20gu_t250/uav_density_collision_smoke_20260715/results/4uav20gu/learned/relcritic/seed73129/selected/seedbase980000,uav_density_4uav_relcritic_seed73129_selected_seedbase980000,0,6.372,61.078870493220165,0.8750151052560009,0.10146691514366177,4.8056329567560665,7.18566211906063,192225315.86061096,0.015625,,,0.015625,0.537249584433136,247.140625,40000051.6436903,0.8776582526972878,
start,2026-07-15T02:57:46+08:00,uav_density,0,3,4,20,1500.0,1.7777777777777777,relcritic,STARS,learned,73129,selected,981000,64,64,/home/sgy/workspace/sagin_marl_phase4_learning_ablation/runs/phase4_learning_ablation/3uav20gu_t250/uav_density_collision_smoke_20260715/configs/4uav20gu/structured_joint_mcgae_3uav20gu_t250_relational_critic.yaml,/home/sgy/workspace/sagin_marl_phase4_learning_ablation/runs/phase4_learning_ablation/3uav20gu_t250/relational_critic/seed73129_20260711_213639_bootstrapgae_nocompile/best_checkpoint.pt,,/home/sgy/workspace/sagin_marl_phase4_learning_ablation/runs/phase4_learning_ablation/3uav20gu_t250/uav_density_collision_smoke_20260715/results/4uav20gu/learned/relcritic/seed73129/selected/seedbase981000,uav_density_4uav_relcritic_seed73129_selected_seedbase981000,,,,,,,,,,,,,,,,,
end,2026-07-15T02:57:52+08:00,uav_density,0,3,4,20,1500.0,1.7777777777777777,relcritic,STARS,learned,73129,selected,981000,64,64,/home/sgy/workspace/sagin_marl_phase4_learning_ablation/runs/phase4_learning_ablation/3uav20gu_t250/uav_density_collision_smoke_20260715/configs/4uav20gu/structured_joint_mcgae_3uav20gu_t250_relational_critic.yaml,/home/sgy/workspace/sagin_marl_phase4_learning_ablation/runs/phase4_learning_ablation/3uav20gu_t250/relational_critic/seed73129_20260711_213639_bootstrapgae_nocompile/best_checkpoint.pt,,/home/sgy/workspace/sagin_marl_phase4_learning_ablation/runs/phase4_learning_ablation/3uav20gu_t250/uav_density_collision_smoke_20260715/results/4uav20gu/learned/relcritic/seed73129/selected/seedbase981000,uav_density_4uav_relcritic_seed73129_selected_seedbase981000,0,6.320,61.49053586530499,0.8907710392913338,0.0904713078088662,4.202943392558143,5.731340017740733,168117733.61845672,0.03125,,,0.03125,0.5260540299254405,245.265625,40000018.75258893,0.892199145162297,
start,2026-07-15T02:57:52+08:00,uav_density,0,3,4,20,1500.0,1.7777777777777777,relcritic,STARS,learned,73129,selected,982000,64,64,/home/sgy/workspace/sagin_marl_phase4_learning_ablation/runs/phase4_learning_ablation/3uav20gu_t250/uav_density_collision_smoke_20260715/configs/4uav20gu/structured_joint_mcgae_3uav20gu_t250_relational_critic.yaml,/home/sgy/workspace/sagin_marl_phase4_learning_ablation/runs/phase4_learning_ablation/3uav20gu_t250/relational_critic/seed73129_20260711_213639_bootstrapgae_nocompile/best_checkpoint.pt,,/home/sgy/workspace/sagin_marl_phase4_learning_ablation/runs/phase4_learning_ablation/3uav20gu_t250/uav_density_collision_smoke_20260715/results/4uav20gu/learned/relcritic/seed73129/selected/seedbase982000,uav_density_4uav_relcritic_seed73129_selected_seedbase982000,,,,,,,,,,,,,,,,,
end,2026-07-15T02:57:59+08:00,uav_density,0,3,4,20,1500.0,1.7777777777777777,relcritic,STARS,learned,73129,selected,982000,64,64,/home/sgy/workspace/sagin_marl_phase4_learning_ablation/runs/phase4_learning_ablation/3uav20gu_t250/uav_density_collision_smoke_20260715/configs/4uav20gu/structured_joint_mcgae_3uav20gu_t250_relational_critic.yaml,/home/sgy/workspace/sagin_marl_phase4_learning_ablation/runs/phase4_learning_ablation/3uav20gu_t250/relational_critic/seed73129_20260711_213639_bootstrapgae_nocompile/best_checkpoint.pt,,/home/sgy/workspace/sagin_marl_phase4_learning_ablation/runs/phase4_learning_ablation/3uav20gu_t250/uav_density_collision_smoke_20260715/results/4uav20gu/learned/relcritic/seed73129/selected/seedbase982000,uav_density_4uav_relcritic_seed73129_selected_seedbase982000,0,6.203,60.77621648774948,0.8717632492463664,0.10916004017905956,4.632241891996149,6.68133525861354,185289673.43741342,0.03125,,,0.03125,0.5342803438198765,246.9375,40000053.684790865,0.8729289893070846,
start,2026-07-15T02:57:59+08:00,uav_density,0,3,4,20,1500.0,1.7777777777777777,relcritic,STARS,learned,91457,selected,980000,64,64,/home/sgy/workspace/sagin_marl_phase4_learning_ablation/runs/phase4_learning_ablation/3uav20gu_t250/uav_density_collision_smoke_20260715/configs/4uav20gu/structured_joint_mcgae_3uav20gu_t250_relational_critic.yaml,/home/sgy/workspace/sagin_marl_phase4_learning_ablation/runs/phase4_learning_ablation/3uav20gu_t250/relational_critic/seed91457_20260712_124615_resume_u0400_bootstrapgae_nocompile/best_checkpoint.pt,,/home/sgy/workspace/sagin_marl_phase4_learning_ablation/runs/phase4_learning_ablation/3uav20gu_t250/uav_density_collision_smoke_20260715/results/4uav20gu/learned/relcritic/seed91457/selected/seedbase980000,uav_density_4uav_relcritic_seed91457_selected_seedbase980000,,,,,,,,,,,,,,,,,
end,2026-07-15T02:58:05+08:00,uav_density,0,3,4,20,1500.0,1.7777777777777777,relcritic,STARS,learned,91457,selected,980000,64,64,/home/sgy/workspace/sagin_marl_phase4_learning_ablation/runs/phase4_learning_ablation/3uav20gu_t250/uav_density_collision_smoke_20260715/configs/4uav20gu/structured_joint_mcgae_3uav20gu_t250_relational_critic.yaml,/home/sgy/workspace/sagin_marl_phase4_learning_ablation/runs/phase4_learning_ablation/3uav20gu_t250/relational_critic/seed91457_20260712_124615_resume_u0400_bootstrapgae_nocompile/best_checkpoint.pt,,/home/sgy/workspace/sagin_marl_phase4_learning_ablation/runs/phase4_learning_ablation/3uav20gu_t250/uav_density_collision_smoke_20260715/results/4uav20gu/learned/relcritic/seed91457/selected/seedbase980000,uav_density_4uav_relcritic_seed91457_selected_seedbase980000,0,6.254,56.982871188316494,0.8865732979625627,0.07452466501126156,5.420314315154993,7.590341667565843,216812569.93517798,0.0625,,,0.0625,0.6152459311891433,240.859375,40000105.342903316,0.8915332801521448,
start,2026-07-15T02:58:05+08:00,uav_density,0,3,4,20,1500.0,1.7777777777777777,relcritic,STARS,learned,91457,selected,981000,64,64,/home/sgy/workspace/sagin_marl_phase4_learning_ablation/runs/phase4_learning_ablation/3uav20gu_t250/uav_density_collision_smoke_20260715/configs/4uav20gu/structured_joint_mcgae_3uav20gu_t250_relational_critic.yaml,/home/sgy/workspace/sagin_marl_phase4_learning_ablation/runs/phase4_learning_ablation/3uav20gu_t250/relational_critic/seed91457_20260712_124615_resume_u0400_bootstrapgae_nocompile/best_checkpoint.pt,,/home/sgy/workspace/sagin_marl_phase4_learning_ablation/runs/phase4_learning_ablation/3uav20gu_t250/uav_density_collision_smoke_20260715/results/4uav20gu/learned/relcritic/seed91457/selected/seedbase981000,uav_density_4uav_relcritic_seed91457_selected_seedbase981000,,,,,,,,,,,,,,,,,
end,2026-07-15T02:58:11+08:00,uav_density,0,3,4,20,1500.0,1.7777777777777777,relcritic,STARS,learned,91457,selected,981000,64,64,/home/sgy/workspace/sagin_marl_phase4_learning_ablation/runs/phase4_learning_ablation/3uav20gu_t250/uav_density_collision_smoke_20260715/configs/4uav20gu/structured_joint_mcgae_3uav20gu_t250_relational_critic.yaml,/home/sgy/workspace/sagin_marl_phase4_learning_ablation/runs/phase4_learning_ablation/3uav20gu_t250/relational_critic/seed91457_20260712_124615_resume_u0400_bootstrapgae_nocompile/best_checkpoint.pt,,/home/sgy/workspace/sagin_marl_phase4_learning_ablation/runs/phase4_learning_ablation/3uav20gu_t250/uav_density_collision_smoke_20260715/results/4uav20gu/learned/relcritic/seed91457/selected/seedbase981000,uav_density_4uav_relcritic_seed91457_selected_seedbase981000,0,6.236,58.463852832093835,0.8991958683028289,0.0749107265246024,5.12596585117458,6.9039933160213485,205038631.46831375,0.046875,,,0.046875,0.6095282544300883,242.6875,39999902.25887142,0.9041814058440003,
start,2026-07-15T02:58:11+08:00,uav_density,0,3,4,20,1500.0,1.7777777777777777,relcritic,STARS,learned,91457,selected,982000,64,64,/home/sgy/workspace/sagin_marl_phase4_learning_ablation/runs/phase4_learning_ablation/3uav20gu_t250/uav_density_collision_smoke_20260715/configs/4uav20gu/structured_joint_mcgae_3uav20gu_t250_relational_critic.yaml,/home/sgy/workspace/sagin_marl_phase4_learning_ablation/runs/phase4_learning_ablation/3uav20gu_t250/relational_critic/seed91457_20260712_124615_resume_u0400_bootstrapgae_nocompile/best_checkpoint.pt,,/home/sgy/workspace/sagin_marl_phase4_learning_ablation/runs/phase4_learning_ablation/3uav20gu_t250/uav_density_collision_smoke_20260715/results/4uav20gu/learned/relcritic/seed91457/selected/seedbase982000,uav_density_4uav_relcritic_seed91457_selected_seedbase982000,,,,,,,,,,,,,,,,,
end,2026-07-15T02:58:17+08:00,uav_density,0,3,4,20,1500.0,1.7777777777777777,relcritic,STARS,learned,91457,selected,982000,64,64,/home/sgy/workspace/sagin_marl_phase4_learning_ablation/runs/phase4_learning_ablation/3uav20gu_t250/uav_density_collision_smoke_20260715/configs/4uav20gu/structured_joint_mcgae_3uav20gu_t250_relational_critic.yaml,/home/sgy/workspace/sagin_marl_phase4_learning_ablation/runs/phase4_learning_ablation/3uav20gu_t250/relational_critic/seed91457_20260712_124615_resume_u0400_bootstrapgae_nocompile/best_checkpoint.pt,,/home/sgy/workspace/sagin_marl_phase4_learning_ablation/runs/phase4_learning_ablation/3uav20gu_t250/uav_density_collision_smoke_20260715/results/4uav20gu/learned/relcritic/seed91457/selected/seedbase982000,uav_density_4uav_relcritic_seed91457_selected_seedbase982000,0,6.284,59.10700038750656,0.8839567141853609,0.09293180892513919,5.426384506452103,7.701815905886611,217055377.38012177,0.03125,,,0.03125,0.6112444257974058,247.359375,40000042.93086883,0.8865459239521283,
start,2026-07-15T02:58:17+08:00,uav_density,0,3,4,20,1500.0,1.7777777777777777,globalcritic,STARS-GC,learned,45211,selected,980000,64,64,/home/sgy/workspace/sagin_marl_phase4_learning_ablation/runs/phase4_learning_ablation/3uav20gu_t250/uav_density_collision_smoke_20260715/configs/4uav20gu/structured_joint_mcgae_3uav20gu_t250_global_only_critic.yaml,/home/sgy/workspace/sagin_marl_phase4_learning_ablation/runs/phase4_learning_ablation/3uav20gu_t250/global_only_critic/seed45211_20260712_124615_bootstrapgae_nocompile/best_checkpoint.pt,,/home/sgy/workspace/sagin_marl_phase4_learning_ablation/runs/phase4_learning_ablation/3uav20gu_t250/uav_density_collision_smoke_20260715/results/4uav20gu/learned/globalcritic/seed45211/selected/seedbase980000,uav_density_4uav_globalcritic_seed45211_selected_seedbase980000,,,,,,,,,,,,,,,,,
end,2026-07-15T02:58:24+08:00,uav_density,0,3,4,20,1500.0,1.7777777777777777,globalcritic,STARS-GC,learned,45211,selected,980000,64,64,/home/sgy/workspace/sagin_marl_phase4_learning_ablation/runs/phase4_learning_ablation/3uav20gu_t250/uav_density_collision_smoke_20260715/configs/4uav20gu/structured_joint_mcgae_3uav20gu_t250_global_only_critic.yaml,/home/sgy/workspace/sagin_marl_phase4_learning_ablation/runs/phase4_learning_ablation/3uav20gu_t250/global_only_critic/seed45211_20260712_124615_bootstrapgae_nocompile/best_checkpoint.pt,,/home/sgy/workspace/sagin_marl_phase4_learning_ablation/runs/phase4_learning_ablation/3uav20gu_t250/uav_density_collision_smoke_20260715/results/4uav20gu/learned/globalcritic/seed45211/selected/seedbase980000,uav_density_4uav_globalcritic_seed45211_selected_seedbase980000,0,6.196,57.6767111280933,0.8845593198918525,0.07325335689149118,5.144134750511519,6.632578133761156,205765387.49384066,0.09375,,,0.09375,0.669193786622231,233.75,40000094.48893333,0.887321026963251,
start,2026-07-15T02:58:24+08:00,uav_density,0,3,4,20,1500.0,1.7777777777777777,globalcritic,STARS-GC,learned,45211,selected,981000,64,64,/home/sgy/workspace/sagin_marl_phase4_learning_ablation/runs/phase4_learning_ablation/3uav20gu_t250/uav_density_collision_smoke_20260715/configs/4uav20gu/structured_joint_mcgae_3uav20gu_t250_global_only_critic.yaml,/home/sgy/workspace/sagin_marl_phase4_learning_ablation/runs/phase4_learning_ablation/3uav20gu_t250/global_only_critic/seed45211_20260712_124615_bootstrapgae_nocompile/best_checkpoint.pt,,/home/sgy/workspace/sagin_marl_phase4_learning_ablation/runs/phase4_learning_ablation/3uav20gu_t250/uav_density_collision_smoke_20260715/results/4uav20gu/learned/globalcritic/seed45211/selected/seedbase981000,uav_density_4uav_globalcritic_seed45211_selected_seedbase981000,,,,,,,,,,,,,,,,,
end,2026-07-15T02:58:30+08:00,uav_density,0,3,4,20,1500.0,1.7777777777777777,globalcritic,STARS-GC,learned,45211,selected,981000,64,64,/home/sgy/workspace/sagin_marl_phase4_learning_ablation/runs/phase4_learning_ablation/3uav20gu_t250/uav_density_collision_smoke_20260715/configs/4uav20gu/structured_joint_mcgae_3uav20gu_t250_global_only_critic.yaml,/home/sgy/workspace/sagin_marl_phase4_learning_ablation/runs/phase4_learning_ablation/3uav20gu_t250/global_only_critic/seed45211_20260712_124615_bootstrapgae_nocompile/best_checkpoint.pt,,/home/sgy/workspace/sagin_marl_phase4_learning_ablation/runs/phase4_learning_ablation/3uav20gu_t250/uav_density_collision_smoke_20260715/results/4uav20gu/learned/globalcritic/seed45211/selected/seedbase981000,uav_density_4uav_globalcritic_seed45211_selected_seedbase981000,0,6.281,60.23412213823758,0.8925768695291869,0.08723388627708901,4.78842627527421,6.296867291003007,191537048.672576,0.0625,,,0.0625,0.6864855204888548,241.484375,39999916.96967301,0.8933799859509671,
start,2026-07-15T02:58:30+08:00,uav_density,0,3,4,20,1500.0,1.7777777777777777,globalcritic,STARS-GC,learned,45211,selected,982000,64,64,/home/sgy/workspace/sagin_marl_phase4_learning_ablation/runs/phase4_learning_ablation/3uav20gu_t250/uav_density_collision_smoke_20260715/configs/4uav20gu/structured_joint_mcgae_3uav20gu_t250_global_only_critic.yaml,/home/sgy/workspace/sagin_marl_phase4_learning_ablation/runs/phase4_learning_ablation/3uav20gu_t250/global_only_critic/seed45211_20260712_124615_bootstrapgae_nocompile/best_checkpoint.pt,,/home/sgy/workspace/sagin_marl_phase4_learning_ablation/runs/phase4_learning_ablation/3uav20gu_t250/uav_density_collision_smoke_20260715/results/4uav20gu/learned/globalcritic/seed45211/selected/seedbase982000,uav_density_4uav_globalcritic_seed45211_selected_seedbase982000,,,,,,,,,,,,,,,,,
end,2026-07-15T02:58:36+08:00,uav_density,0,3,4,20,1500.0,1.7777777777777777,globalcritic,STARS-GC,learned,45211,selected,982000,64,64,/home/sgy/workspace/sagin_marl_phase4_learning_ablation/runs/phase4_learning_ablation/3uav20gu_t250/uav_density_collision_smoke_20260715/configs/4uav20gu/structured_joint_mcgae_3uav20gu_t250_global_only_critic.yaml,/home/sgy/workspace/sagin_marl_phase4_learning_ablation/runs/phase4_learning_ablation/3uav20gu_t250/global_only_critic/seed45211_20260712_124615_bootstrapgae_nocompile/best_checkpoint.pt,,/home/sgy/workspace/sagin_marl_phase4_learning_ablation/runs/phase4_learning_ablation/3uav20gu_t250/uav_density_collision_smoke_20260715/results/4uav20gu/learned/globalcritic/seed45211/selected/seedbase982000,uav_density_4uav_globalcritic_seed45211_selected_seedbase982000,0,6.204,58.82563010510057,0.8667451913232203,0.10270561799299134,4.958277678461225,6.84774930364421,198331104.7688064,0.078125,,,0.078125,0.6689702679506674,234.21875,40000097.94057191,0.8686391267976077,
start,2026-07-15T02:58:36+08:00,uav_density,0,3,4,20,1500.0,1.7777777777777777,globalcritic,STARS-GC,learned,73129,selected,980000,64,64,/home/sgy/workspace/sagin_marl_phase4_learning_ablation/runs/phase4_learning_ablation/3uav20gu_t250/uav_density_collision_smoke_20260715/configs/4uav20gu/structured_joint_mcgae_3uav20gu_t250_global_only_critic.yaml,/home/sgy/workspace/sagin_marl_phase4_learning_ablation/runs/phase4_learning_ablation/3uav20gu_t250/global_only_critic/seed73129_20260712_124615_bootstrapgae_nocompile/best_checkpoint.pt,,/home/sgy/workspace/sagin_marl_phase4_learning_ablation/runs/phase4_learning_ablation/3uav20gu_t250/uav_density_collision_smoke_20260715/results/4uav20gu/learned/globalcritic/seed73129/selected/seedbase980000,uav_density_4uav_globalcritic_seed73129_selected_seedbase980000,,,,,,,,,,,,,,,,,
end,2026-07-15T02:58:42+08:00,uav_density,0,3,4,20,1500.0,1.7777777777777777,globalcritic,STARS-GC,learned,73129,selected,980000,64,64,/home/sgy/workspace/sagin_marl_phase4_learning_ablation/runs/phase4_learning_ablation/3uav20gu_t250/uav_density_collision_smoke_20260715/configs/4uav20gu/structured_joint_mcgae_3uav20gu_t250_global_only_critic.yaml,/home/sgy/workspace/sagin_marl_phase4_learning_ablation/runs/phase4_learning_ablation/3uav20gu_t250/global_only_critic/seed73129_20260712_124615_bootstrapgae_nocompile/best_checkpoint.pt,,/home/sgy/workspace/sagin_marl_phase4_learning_ablation/runs/phase4_learning_ablation/3uav20gu_t250/uav_density_collision_smoke_20260715/results/4uav20gu/learned/globalcritic/seed73129/selected/seedbase980000,uav_density_4uav_globalcritic_seed73129_selected_seedbase980000,0,6.227,30.9869504829403,0.6464440577277742,0.2818835504514898,8.324739397141515,16.116748960655663,332989571.954745,0.34375,,,0.328125,0.9858352311089785,210.5625,40000122.87840741,0.6468086982601032,
start,2026-07-15T02:58:42+08:00,uav_density,0,3,4,20,1500.0,1.7777777777777777,globalcritic,STARS-GC,learned,73129,selected,981000,64,64,/home/sgy/workspace/sagin_marl_phase4_learning_ablation/runs/phase4_learning_ablation/3uav20gu_t250/uav_density_collision_smoke_20260715/configs/4uav20gu/structured_joint_mcgae_3uav20gu_t250_global_only_critic.yaml,/home/sgy/workspace/sagin_marl_phase4_learning_ablation/runs/phase4_learning_ablation/3uav20gu_t250/global_only_critic/seed73129_20260712_124615_bootstrapgae_nocompile/best_checkpoint.pt,,/home/sgy/workspace/sagin_marl_phase4_learning_ablation/runs/phase4_learning_ablation/3uav20gu_t250/uav_density_collision_smoke_20260715/results/4uav20gu/learned/globalcritic/seed73129/selected/seedbase981000,uav_density_4uav_globalcritic_seed73129_selected_seedbase981000,,,,,,,,,,,,,,,,,
end,2026-07-15T02:58:49+08:00,uav_density,0,3,4,20,1500.0,1.7777777777777777,globalcritic,STARS-GC,learned,73129,selected,981000,64,64,/home/sgy/workspace/sagin_marl_phase4_learning_ablation/runs/phase4_learning_ablation/3uav20gu_t250/uav_density_collision_smoke_20260715/configs/4uav20gu/structured_joint_mcgae_3uav20gu_t250_global_only_critic.yaml,/home/sgy/workspace/sagin_marl_phase4_learning_ablation/runs/phase4_learning_ablation/3uav20gu_t250/global_only_critic/seed73129_20260712_124615_bootstrapgae_nocompile/best_checkpoint.pt,,/home/sgy/workspace/sagin_marl_phase4_learning_ablation/runs/phase4_learning_ablation/3uav20gu_t250/uav_density_collision_smoke_20260715/results/4uav20gu/learned/globalcritic/seed73129/selected/seedbase981000,uav_density_4uav_globalcritic_seed73129_selected_seedbase981000,0,6.236,32.495406774803996,0.6536024532368276,0.2718663079051897,7.873395824129769,15.259830993674306,314935829.095341,0.25,,,0.234375,0.9849655597616815,217.671875,39999946.403571405,0.654077719381852,
start,2026-07-15T02:58:49+08:00,uav_density,0,3,4,20,1500.0,1.7777777777777777,globalcritic,STARS-GC,learned,73129,selected,982000,64,64,/home/sgy/workspace/sagin_marl_phase4_learning_ablation/runs/phase4_learning_ablation/3uav20gu_t250/uav_density_collision_smoke_20260715/configs/4uav20gu/structured_joint_mcgae_3uav20gu_t250_global_only_critic.yaml,/home/sgy/workspace/sagin_marl_phase4_learning_ablation/runs/phase4_learning_ablation/3uav20gu_t250/global_only_critic/seed73129_20260712_124615_bootstrapgae_nocompile/best_checkpoint.pt,,/home/sgy/workspace/sagin_marl_phase4_learning_ablation/runs/phase4_learning_ablation/3uav20gu_t250/uav_density_collision_smoke_20260715/results/4uav20gu/learned/globalcritic/seed73129/selected/seedbase982000,uav_density_4uav_globalcritic_seed73129_selected_seedbase982000,,,,,,,,,,,,,,,,,
end,2026-07-15T02:58:55+08:00,uav_density,0,3,4,20,1500.0,1.7777777777777777,globalcritic,STARS-GC,learned,73129,selected,982000,64,64,/home/sgy/workspace/sagin_marl_phase4_learning_ablation/runs/phase4_learning_ablation/3uav20gu_t250/uav_density_collision_smoke_20260715/configs/4uav20gu/structured_joint_mcgae_3uav20gu_t250_global_only_critic.yaml,/home/sgy/workspace/sagin_marl_phase4_learning_ablation/runs/phase4_learning_ablation/3uav20gu_t250/global_only_critic/seed73129_20260712_124615_bootstrapgae_nocompile/best_checkpoint.pt,,/home/sgy/workspace/sagin_marl_phase4_learning_ablation/runs/phase4_learning_ablation/3uav20gu_t250/uav_density_collision_smoke_20260715/results/4uav20gu/learned/globalcritic/seed73129/selected/seedbase982000,uav_density_4uav_globalcritic_seed73129_selected_seedbase982000,0,6.207,31.51119517814368,0.6610786835522394,0.2763388098312001,8.134407168829664,14.958292679759587,325376282.91319406,0.28125,,,0.28125,0.986261854434782,209.453125,40000063.697042115,0.6614648328289638,
start,2026-07-15T02:58:55+08:00,uav_density,0,3,4,20,1500.0,1.7777777777777777,globalcritic,STARS-GC,learned,91457,selected,980000,64,64,/home/sgy/workspace/sagin_marl_phase4_learning_ablation/runs/phase4_learning_ablation/3uav20gu_t250/uav_density_collision_smoke_20260715/configs/4uav20gu/structured_joint_mcgae_3uav20gu_t250_global_only_critic.yaml,/home/sgy/workspace/sagin_marl_phase4_learning_ablation/runs/phase4_learning_ablation/3uav20gu_t250/global_only_critic/seed91457_20260712_124615_bootstrapgae_nocompile/best_checkpoint.pt,,/home/sgy/workspace/sagin_marl_phase4_learning_ablation/runs/phase4_learning_ablation/3uav20gu_t250/uav_density_collision_smoke_20260715/results/4uav20gu/learned/globalcritic/seed91457/selected/seedbase980000,uav_density_4uav_globalcritic_seed91457_selected_seedbase980000,,,,,,,,,,,,,,,,,
end,2026-07-15T02:59:01+08:00,uav_density,0,3,4,20,1500.0,1.7777777777777777,globalcritic,STARS-GC,learned,91457,selected,980000,64,64,/home/sgy/workspace/sagin_marl_phase4_learning_ablation/runs/phase4_learning_ablation/3uav20gu_t250/uav_density_collision_smoke_20260715/configs/4uav20gu/structured_joint_mcgae_3uav20gu_t250_global_only_critic.yaml,/home/sgy/workspace/sagin_marl_phase4_learning_ablation/runs/phase4_learning_ablation/3uav20gu_t250/global_only_critic/seed91457_20260712_124615_bootstrapgae_nocompile/best_checkpoint.pt,,/home/sgy/workspace/sagin_marl_phase4_learning_ablation/runs/phase4_learning_ablation/3uav20gu_t250/uav_density_collision_smoke_20260715/results/4uav20gu/learned/globalcritic/seed91457/selected/seedbase980000,uav_density_4uav_globalcritic_seed91457_selected_seedbase980000,0,6.260,26.784664130187593,0.5789465473044332,0.3318053496125471,9.443643204053632,22.173133566765557,377745787.31756943,0.484375,,,0.484375,0.7724504206348698,193.0625,40000185.10684791,0.5796210455872877,
start,2026-07-15T02:59:01+08:00,uav_density,0,3,4,20,1500.0,1.7777777777777777,globalcritic,STARS-GC,learned,91457,selected,981000,64,64,/home/sgy/workspace/sagin_marl_phase4_learning_ablation/runs/phase4_learning_ablation/3uav20gu_t250/uav_density_collision_smoke_20260715/configs/4uav20gu/structured_joint_mcgae_3uav20gu_t250_global_only_critic.yaml,/home/sgy/workspace/sagin_marl_phase4_learning_ablation/runs/phase4_learning_ablation/3uav20gu_t250/global_only_critic/seed91457_20260712_124615_bootstrapgae_nocompile/best_checkpoint.pt,,/home/sgy/workspace/sagin_marl_phase4_learning_ablation/runs/phase4_learning_ablation/3uav20gu_t250/uav_density_collision_smoke_20260715/results/4uav20gu/learned/globalcritic/seed91457/selected/seedbase981000,uav_density_4uav_globalcritic_seed91457_selected_seedbase981000,,,,,,,,,,,,,,,,,
end,2026-07-15T02:59:07+08:00,uav_density,0,3,4,20,1500.0,1.7777777777777777,globalcritic,STARS-GC,learned,91457,selected,981000,64,64,/home/sgy/workspace/sagin_marl_phase4_learning_ablation/runs/phase4_learning_ablation/3uav20gu_t250/uav_density_collision_smoke_20260715/configs/4uav20gu/structured_joint_mcgae_3uav20gu_t250_global_only_critic.yaml,/home/sgy/workspace/sagin_marl_phase4_learning_ablation/runs/phase4_learning_ablation/3uav20gu_t250/global_only_critic/seed91457_20260712_124615_bootstrapgae_nocompile/best_checkpoint.pt,,/home/sgy/workspace/sagin_marl_phase4_learning_ablation/runs/phase4_learning_ablation/3uav20gu_t250/uav_density_collision_smoke_20260715/results/4uav20gu/learned/globalcritic/seed91457/selected/seedbase981000,uav_density_4uav_globalcritic_seed91457_selected_seedbase981000,0,6.258,28.968914636352565,0.5952030656425611,0.33307566771975256,8.99483508800775,21.327588185909548,359793399.2618313,0.34375,,,0.34375,0.7775322306452004,208.875,39999946.771384284,0.5958968399208984,
start,2026-07-15T02:59:07+08:00,uav_density,0,3,4,20,1500.0,1.7777777777777777,globalcritic,STARS-GC,learned,91457,selected,982000,64,64,/home/sgy/workspace/sagin_marl_phase4_learning_ablation/runs/phase4_learning_ablation/3uav20gu_t250/uav_density_collision_smoke_20260715/configs/4uav20gu/structured_joint_mcgae_3uav20gu_t250_global_only_critic.yaml,/home/sgy/workspace/sagin_marl_phase4_learning_ablation/runs/phase4_learning_ablation/3uav20gu_t250/global_only_critic/seed91457_20260712_124615_bootstrapgae_nocompile/best_checkpoint.pt,,/home/sgy/workspace/sagin_marl_phase4_learning_ablation/runs/phase4_learning_ablation/3uav20gu_t250/uav_density_collision_smoke_20260715/results/4uav20gu/learned/globalcritic/seed91457/selected/seedbase982000,uav_density_4uav_globalcritic_seed91457_selected_seedbase982000,,,,,,,,,,,,,,,,,
end,2026-07-15T02:59:13+08:00,uav_density,0,3,4,20,1500.0,1.7777777777777777,globalcritic,STARS-GC,learned,91457,selected,982000,64,64,/home/sgy/workspace/sagin_marl_phase4_learning_ablation/runs/phase4_learning_ablation/3uav20gu_t250/uav_density_collision_smoke_20260715/configs/4uav20gu/structured_joint_mcgae_3uav20gu_t250_global_only_critic.yaml,/home/sgy/workspace/sagin_marl_phase4_learning_ablation/runs/phase4_learning_ablation/3uav20gu_t250/global_only_critic/seed91457_20260712_124615_bootstrapgae_nocompile/best_checkpoint.pt,,/home/sgy/workspace/sagin_marl_phase4_learning_ablation/runs/phase4_learning_ablation/3uav20gu_t250/uav_density_collision_smoke_20260715/results/4uav20gu/learned/globalcritic/seed91457/selected/seedbase982000,uav_density_4uav_globalcritic_seed91457_selected_seedbase982000,0,6.190,28.589783574454486,0.6116555586815435,0.3193094383895274,8.832856821458227,19.324640589302668,353314308.7301279,0.390625,,,0.390625,0.7681961403798776,200.875,40000124.11954692,0.6121240938017778,
start,2026-07-15T02:59:13+08:00,uav_density,0,3,4,20,1500.0,1.7777777777777777,cluster_center_queue_aware,QCCS,fixed,,fixed,980000,64,64,/home/sgy/workspace/sagin_marl_phase4_learning_ablation/runs/phase4_learning_ablation/3uav20gu_t250/uav_density_collision_smoke_20260715/configs/4uav20gu/structured_joint_mcgae_3uav20gu_t250_relational_critic.yaml,,cluster_center_queue_aware,/home/sgy/workspace/sagin_marl_phase4_learning_ablation/runs/phase4_learning_ablation/3uav20gu_t250/uav_density_collision_smoke_20260715/results/4uav20gu/fixed/cluster_center_queue_aware/seedbase980000,uav_density_4uav_cluster_center_queue_aware_fixed_seedbase980000,,,,,,,,,,,,,,,,,
end,2026-07-15T02:59:19+08:00,uav_density,0,3,4,20,1500.0,1.7777777777777777,cluster_center_queue_aware,QCCS,fixed,,fixed,980000,64,64,/home/sgy/workspace/sagin_marl_phase4_learning_ablation/runs/phase4_learning_ablation/3uav20gu_t250/uav_density_collision_smoke_20260715/configs/4uav20gu/structured_joint_mcgae_3uav20gu_t250_relational_critic.yaml,,cluster_center_queue_aware,/home/sgy/workspace/sagin_marl_phase4_learning_ablation/runs/phase4_learning_ablation/3uav20gu_t250/uav_density_collision_smoke_20260715/results/4uav20gu/fixed/cluster_center_queue_aware/seedbase980000,uav_density_4uav_cluster_center_queue_aware_fixed_seedbase980000,0,5.564,9.951896472484805,0.6234206104322565,0.18658251769094258,7.753109706746736,15.149719107335766,310124384.79624766,1.0,,,1.0,1.0,59.640625,40000072.29870489,0.635424449617779,
start,2026-07-15T02:59:19+08:00,uav_density,0,3,4,20,1500.0,1.7777777777777777,cluster_center_queue_aware,QCCS,fixed,,fixed,981000,64,64,/home/sgy/workspace/sagin_marl_phase4_learning_ablation/runs/phase4_learning_ablation/3uav20gu_t250/uav_density_collision_smoke_20260715/configs/4uav20gu/structured_joint_mcgae_3uav20gu_t250_relational_critic.yaml,,cluster_center_queue_aware,/home/sgy/workspace/sagin_marl_phase4_learning_ablation/runs/phase4_learning_ablation/3uav20gu_t250/uav_density_collision_smoke_20260715/results/4uav20gu/fixed/cluster_center_queue_aware/seedbase981000,uav_density_4uav_cluster_center_queue_aware_fixed_seedbase981000,,,,,,,,,,,,,,,,,
end,2026-07-15T02:59:25+08:00,uav_density,0,3,4,20,1500.0,1.7777777777777777,cluster_center_queue_aware,QCCS,fixed,,fixed,981000,64,64,/home/sgy/workspace/sagin_marl_phase4_learning_ablation/runs/phase4_learning_ablation/3uav20gu_t250/uav_density_collision_smoke_20260715/configs/4uav20gu/structured_joint_mcgae_3uav20gu_t250_relational_critic.yaml,,cluster_center_queue_aware,/home/sgy/workspace/sagin_marl_phase4_learning_ablation/runs/phase4_learning_ablation/3uav20gu_t250/uav_density_collision_smoke_20260715/results/4uav20gu/fixed/cluster_center_queue_aware/seedbase981000,uav_density_4uav_cluster_center_queue_aware_fixed_seedbase981000,0,5.527,9.737551881815307,0.6456873747898578,0.18442101097989888,6.713486487285281,13.016593565562328,268539456.2684998,1.0,,,1.0,1.0,56.421875,40000076.93769876,0.6526165861360177,
start,2026-07-15T02:59:25+08:00,uav_density,0,3,4,20,1500.0,1.7777777777777777,cluster_center_queue_aware,QCCS,fixed,,fixed,982000,64,64,/home/sgy/workspace/sagin_marl_phase4_learning_ablation/runs/phase4_learning_ablation/3uav20gu_t250/uav_density_collision_smoke_20260715/configs/4uav20gu/structured_joint_mcgae_3uav20gu_t250_relational_critic.yaml,,cluster_center_queue_aware,/home/sgy/workspace/sagin_marl_phase4_learning_ablation/runs/phase4_learning_ablation/3uav20gu_t250/uav_density_collision_smoke_20260715/results/4uav20gu/fixed/cluster_center_queue_aware/seedbase982000,uav_density_4uav_cluster_center_queue_aware_fixed_seedbase982000,,,,,,,,,,,,,,,,,
end,2026-07-15T02:59:30+08:00,uav_density,0,3,4,20,1500.0,1.7777777777777777,cluster_center_queue_aware,QCCS,fixed,,fixed,982000,64,64,/home/sgy/workspace/sagin_marl_phase4_learning_ablation/runs/phase4_learning_ablation/3uav20gu_t250/uav_density_collision_smoke_20260715/configs/4uav20gu/structured_joint_mcgae_3uav20gu_t250_relational_critic.yaml,,cluster_center_queue_aware,/home/sgy/workspace/sagin_marl_phase4_learning_ablation/runs/phase4_learning_ablation/3uav20gu_t250/uav_density_collision_smoke_20260715/results/4uav20gu/fixed/cluster_center_queue_aware/seedbase982000,uav_density_4uav_cluster_center_queue_aware_fixed_seedbase982000,0,5.400,9.904373452300206,0.6351434968607571,0.17967281597204893,7.3890200629967,14.699019798596236,295560798.9833579,1.0,,,1.0,1.0,58.5,40000197.91750826,0.6476138781496754,
start,2026-07-15T02:59:30+08:00,uav_density,0,3,4,20,1500.0,1.7777777777777777,maxweight_lyapunov,Lyapunov,fixed,,fixed,980000,64,64,/home/sgy/workspace/sagin_marl_phase4_learning_ablation/runs/phase4_learning_ablation/3uav20gu_t250/uav_density_collision_smoke_20260715/configs/4uav20gu/structured_joint_mcgae_3uav20gu_t250_relational_critic.yaml,,maxweight_lyapunov,/home/sgy/workspace/sagin_marl_phase4_learning_ablation/runs/phase4_learning_ablation/3uav20gu_t250/uav_density_collision_smoke_20260715/results/4uav20gu/fixed/maxweight_lyapunov/seedbase980000,uav_density_4uav_maxweight_lyapunov_fixed_seedbase980000,,,,,,,,,,,,,,,,,
end,2026-07-15T02:59:36+08:00,uav_density,0,3,4,20,1500.0,1.7777777777777777,maxweight_lyapunov,Lyapunov,fixed,,fixed,980000,64,64,/home/sgy/workspace/sagin_marl_phase4_learning_ablation/runs/phase4_learning_ablation/3uav20gu_t250/uav_density_collision_smoke_20260715/configs/4uav20gu/structured_joint_mcgae_3uav20gu_t250_relational_critic.yaml,,maxweight_lyapunov,/home/sgy/workspace/sagin_marl_phase4_learning_ablation/runs/phase4_learning_ablation/3uav20gu_t250/uav_density_collision_smoke_20260715/results/4uav20gu/fixed/maxweight_lyapunov/seedbase980000,uav_density_4uav_maxweight_lyapunov_fixed_seedbase980000,0,5.557,41.95875009242445,0.7873900819945847,0.16428205464544837,8.984673646514072,13.280749260014394,359386941.52962524,0.015625,,,0.015625,0.9887916667275128,246.109375,40000102.5295,0.7980706426186694,
start,2026-07-15T02:59:36+08:00,uav_density,0,3,4,20,1500.0,1.7777777777777777,maxweight_lyapunov,Lyapunov,fixed,,fixed,981000,64,64,/home/sgy/workspace/sagin_marl_phase4_learning_ablation/runs/phase4_learning_ablation/3uav20gu_t250/uav_density_collision_smoke_20260715/configs/4uav20gu/structured_joint_mcgae_3uav20gu_t250_relational_critic.yaml,,maxweight_lyapunov,/home/sgy/workspace/sagin_marl_phase4_learning_ablation/runs/phase4_learning_ablation/3uav20gu_t250/uav_density_collision_smoke_20260715/results/4uav20gu/fixed/maxweight_lyapunov/seedbase981000,uav_density_4uav_maxweight_lyapunov_fixed_seedbase981000,,,,,,,,,,,,,,,,,
end,2026-07-15T02:59:41+08:00,uav_density,0,3,4,20,1500.0,1.7777777777777777,maxweight_lyapunov,Lyapunov,fixed,,fixed,981000,64,64,/home/sgy/workspace/sagin_marl_phase4_learning_ablation/runs/phase4_learning_ablation/3uav20gu_t250/uav_density_collision_smoke_20260715/configs/4uav20gu/structured_joint_mcgae_3uav20gu_t250_relational_critic.yaml,,maxweight_lyapunov,/home/sgy/workspace/sagin_marl_phase4_learning_ablation/runs/phase4_learning_ablation/3uav20gu_t250/uav_density_collision_smoke_20260715/results/4uav20gu/fixed/maxweight_lyapunov/seedbase981000,uav_density_4uav_maxweight_lyapunov_fixed_seedbase981000,0,5.587,43.49507897964213,0.7808093045442365,0.18016228986374666,8.52270415345032,12.870444249614925,340908162.15262496,0.0,,,0.0,0.9901406250856812,250.0,40000021.49499999,0.7892231445820922,
start,2026-07-15T02:59:41+08:00,uav_density,0,3,4,20,1500.0,1.7777777777777777,maxweight_lyapunov,Lyapunov,fixed,,fixed,982000,64,64,/home/sgy/workspace/sagin_marl_phase4_learning_ablation/runs/phase4_learning_ablation/3uav20gu_t250/uav_density_collision_smoke_20260715/configs/4uav20gu/structured_joint_mcgae_3uav20gu_t250_relational_critic.yaml,,maxweight_lyapunov,/home/sgy/workspace/sagin_marl_phase4_learning_ablation/runs/phase4_learning_ablation/3uav20gu_t250/uav_density_collision_smoke_20260715/results/4uav20gu/fixed/maxweight_lyapunov/seedbase982000,uav_density_4uav_maxweight_lyapunov_fixed_seedbase982000,,,,,,,,,,,,,,,,,
end,2026-07-15T02:59:47+08:00,uav_density,0,3,4,20,1500.0,1.7777777777777777,maxweight_lyapunov,Lyapunov,fixed,,fixed,982000,64,64,/home/sgy/workspace/sagin_marl_phase4_learning_ablation/runs/phase4_learning_ablation/3uav20gu_t250/uav_density_collision_smoke_20260715/configs/4uav20gu/structured_joint_mcgae_3uav20gu_t250_relational_critic.yaml,,maxweight_lyapunov,/home/sgy/workspace/sagin_marl_phase4_learning_ablation/runs/phase4_learning_ablation/3uav20gu_t250/uav_density_collision_smoke_20260715/results/4uav20gu/fixed/maxweight_lyapunov/seedbase982000,uav_density_4uav_maxweight_lyapunov_fixed_seedbase982000,0,5.546,42.45330626470968,0.7802230611732194,0.18209296347267545,8.7650281468466,13.104309112769764,350601121.79980576,0.015625,,,0.015625,0.9887647338076668,249.015625,40000056.03494251,0.7880731213351347,
